file,check,severity,detail
../../data/raw/train/02f6b0600b3ad4ed_jpg.rf.42f36056a960e6706d7b1e357fe82f18.jpg,box_tiny,WARN,rel_area=4.25e-04 (17x14px)
../../data/raw/train/02f6b0600b3ad4ed_jpg.rf.42f36056a960e6706d7b1e357fe82f18.jpg,box_tiny,WARN,rel_area=2.29e-04 (16x8px)
../../data/raw/train/02f6b0600b3ad4ed_jpg.rf.42f36056a960e6706d7b1e357fe82f18.jpg,box_tiny,WARN,rel_area=1.29e-04 (12x6px)
../../data/raw/train/02f6b0600b3ad4ed_jpg.rf.42f36056a960e6706d7b1e357fe82f18.jpg,box_tiny,WARN,rel_area=2.68e-04 (15x10px)
../../data/raw/train/02f6b0600b3ad4ed_jpg.rf.42f36056a960e6706d7b1e357fe82f18.jpg,box_tiny,WARN,rel_area=3.40e-04 (19x10px)
../../data/raw/train/02f6b0600b3ad4ed_jpg.rf.42f36056a960e6706d7b1e357fe82f18.jpg,box_tiny,WARN,rel_area=3.22e-04 (18x10px)
../../data/raw/train/11-cdmx2017etaxi_jpg.rf.1573482c966a6f35aba28b421158cfa3.jpg,box_suspiciously_large,WARN,rel_area=1.00
../../data/raw/train/12-D_NQ_NP_690407-MLM31998594359_082019-W_jpg.rf.aa1ae8fe9129d5f7a30e0450acf72741.jpg,box_suspiciously_large,WARN,rel_area=1.00
../../data/raw/train/10-GRO-GZA9999-GZD-Auto_jpg.rf.1a3a9f1235cbb9b6b265f269b61d1797.jpg,box_suspiciously_large,WARN,rel_area=1.00
../../data/raw/train/10-cdmx2017taxi_jpg.rf.6b4f45a53e0368cbcfd590d62fb3189c.jpg,box_suspiciously_large,WARN,rel_area=1.00
../../data/raw/train/01f32030f855c316_jpg.rf.ea7a38d6c9b606c09cb1c2a78e89f892.jpg,box_tiny,WARN,rel_area=4.41e-04 (24x12px)
../../data/raw/train/0257f9e3387efc1a_jpg.rf.e94364a14065715b502fb11b8aa4b997.jpg,box_tiny,WARN,rel_area=1.08e-04 (11x7px)
../../data/raw/train/02ba8c25851c7e9d_jpg.rf.eb75426588a875b1152f98cda9d8d395.jpg,box_tiny,WARN,rel_area=4.35e-04 (23x13px)
../../data/raw/train/11-cdmx2017etaxi_jpg.rf.6d4315ba767fbe98c5fedb32c775b23c.jpg,box_suspiciously_large,WARN,rel_area=1.00
../../data/raw/train/12-D_NQ_NP_690407-MLM31998594359_082019-W_jpg.rf.79c75d4f8ea17553dd6bacca3bb40466.jpg,box_suspiciously_large,WARN,rel_area=1.00
../../data/raw/train/10-GRO-GZA9999-GZD-Auto_jpg.rf.6894c5143d435b982c1127fc34652913.jpg,box_suspiciously_large,WARN,rel_area=0.97
../../data/raw/train/10-cdmx2017taxi_jpg.rf.c2538ae541e4ac884b6c78b85d2d86ce.jpg,box_suspiciously_large,WARN,rel_area=1.00
../../data/raw/train/034cc7a1d5e2c556_jpg.rf.91c5074597c5030cc63c9bec331c8d22.jpg,box_tiny,WARN,rel_area=3.72e-04 (33x8px)
../../data/raw/train/036221c6bdaec44c_jpg.rf.0fc98b2d182ea90886831fc7069e1aa0.jpg,box_tiny,WARN,rel_area=2.35e-04 (17x9px)
../../data/raw/train/036221c6bdaec44c_jpg.rf.0fc98b2d182ea90886831fc7069e1aa0.jpg,box_tiny,WARN,rel_area=2.91e-04 (21x9px)
../../data/raw/train/036221c6bdaec44c_jpg.rf.0fc98b2d182ea90886831fc7069e1aa0.jpg,box_tiny,WARN,rel_area=2.61e-05 (19x1px)
../../data/raw/train/0257f9e3387efc1a_jpg.rf.4d22bcd9731606230d61162fde6cd07a.jpg,box_tiny,WARN,rel_area=1.01e-04 (11x6px)
../../data/raw/train/02ba8c25851c7e9d_jpg.rf.b59e95e17f54d8c397a6153b420e236a.jpg,box_tiny,WARN,rel_area=3.63e-04 (22x12px)
../../data/raw/train/01f32030f855c316_jpg.rf.d7b8f25793108642fee3939ed18eeec3.jpg,box_tiny,WARN,rel_area=2.97e-04 (22x9px)
../../data/raw/train/02f6b0600b3ad4ed_jpg.rf.941affe23f4df9ec95a52df7cc4ddb18.jpg,box_tiny,WARN,rel_area=2.68e-04 (10x15px)
../../data/raw/train/02f6b0600b3ad4ed_jpg.rf.941affe23f4df9ec95a52df7cc4ddb18.jpg,box_tiny,WARN,rel_area=2.69e-04 (16x9px)
../../data/raw/train/02f6b0600b3ad4ed_jpg.rf.941affe23f4df9ec95a52df7cc4ddb18.jpg,box_tiny,WARN,rel_area=1.57e-04 (12x7px)
../../data/raw/train/02f6b0600b3ad4ed_jpg.rf.941affe23f4df9ec95a52df7cc4ddb18.jpg,box_tiny,WARN,rel_area=3.28e-04 (16x11px)
../../data/raw/train/02f6b0600b3ad4ed_jpg.rf.941affe23f4df9ec95a52df7cc4ddb18.jpg,box_tiny,WARN,rel_area=3.90e-04 (19x11px)
../../data/raw/train/02f6b0600b3ad4ed_jpg.rf.941affe23f4df9ec95a52df7cc4ddb18.jpg,box_tiny,WARN,rel_area=3.69e-04 (18x11px)
../../data/raw/train/036221c6bdaec44c_jpg.rf.6d8e1691a6f088a822fc3f9a5a468534.jpg,box_tiny,WARN,rel_area=2.53e-04 (17x9px)
../../data/raw/train/036221c6bdaec44c_jpg.rf.6d8e1691a6f088a822fc3f9a5a468534.jpg,box_tiny,WARN,rel_area=3.14e-04 (21x9px)
../../data/raw/train/036221c6bdaec44c_jpg.rf.6d8e1691a6f088a822fc3f9a5a468534.jpg,box_tiny,WARN,rel_area=1.61e-04 (19x5px)
../../data/raw/train/CarLongPlateGen2312_jpg.rf.f95e5081a3a8c448a73f1f24ab850903.jpg,box_out_of_bounds,WARN,box exceeds image bounds
../../data/raw/train/CarLongPlateGen2267_jpg.rf.86bd096ff4336b26fb0f04f08747cc46.jpg,box_out_of_bounds,WARN,box exceeds image bounds
../../data/raw/train/CarLongPlateGen2297_jpg.rf.751dfabeeba69a130bbf2da8b5e15e3e.jpg,box_out_of_bounds,WARN,box exceeds image bounds
../../data/raw/train/CarLongPlateGen3839_jpg.rf.a973bf9e2380a865b2e9e058cb9b0810.jpg,box_out_of_bounds,WARN,box exceeds image bounds
../../data/raw/train/CarLongPlateGen3358_jpg.rf.0414bd696b94129e2b5b877bb9ef19e3.jpg,box_out_of_bounds,WARN,box exceeds image bounds
../../data/raw/train/CarLongPlateGen3358_jpg.rf.ae6d6dd2cf1af923e7780f03c716ee34.jpg,box_out_of_bounds,WARN,box exceeds image bounds
../../data/raw/train/CarLongPlateGen3358_jpg.rf.561bc5fac59e94da2c0c775269e97aa7.jpg,box_out_of_bounds,WARN,box exceeds image bounds
../../data/raw/train/CarLongPlateGen2750_jpg.rf.16876a1bd72ac140e8c37fae7b0ec328.jpg,box_out_of_bounds,WARN,box exceeds image bounds
../../data/raw/train/CarLongPlateGen2769_jpg.rf.ff572040c80668cfbf0df66a282fefc9.jpg,box_out_of_bounds,WARN,box exceeds image bounds
../../data/raw/train/CarLongPlateGen2769_jpg.rf.e68c719d1f34cf5ab56d6efdd0d70c9a.jpg,box_out_of_bounds,WARN,box exceeds image bounds
../../data/raw/train/CarLongPlateGen3465_jpg.rf.c201896c7d06d4c0ea4e878d460a6064.jpg,box_out_of_bounds,WARN,box exceeds image bounds
../../data/raw/train/CarLongPlateGen2750_jpg.rf.644ee86b2f07be8fd1c74e2fe49b9d4a.jpg,box_out_of_bounds,WARN,box exceeds image bounds
../../data/raw/train/CarLongPlateGen2750_jpg.rf.ab8311e84ab60f90b8e69f8aeaa54389.jpg,box_out_of_bounds,WARN,box exceeds image bounds
../../data/raw/train/CarLongPlateGen3465_jpg.rf.aec09ab3b426a6f8924fab3b239fa5b7.jpg,box_out_of_bounds,WARN,box exceeds image bounds
../../data/raw/train/CarLongPlateGen2752_jpg.rf.4171f38eb6c0bea6951aa81746f9c847.jpg,box_out_of_bounds,WARN,box exceeds image bounds
../../data/raw/train/CarLongPlateGen2324_jpg.rf.ab1345e5b6e41770d8a8731df97b6185.jpg,box_out_of_bounds,WARN,box exceeds image bounds
../../data/raw/train/CarLongPlateGen2777_jpg.rf.527bb5a20f3f7139f4c2b8517efffbca.jpg,box_out_of_bounds,WARN,box exceeds image bounds
../../data/raw/train/CarLongPlateGen2761_jpg.rf.dab65f9f9b098a778be745f2cd42a701.jpg,box_out_of_bounds,WARN,box exceeds image bounds
../../data/raw/train/CarLongPlateGen3484_jpg.rf.6ce7506a0d3a513836d0577c1a3a9b24.jpg,box_out_of_bounds,WARN,box exceeds image bounds
../../data/raw/train/CarLongPlateGen3875_jpg.rf.8e1180319796f34dd6b9e7b52f43628d.jpg,box_out_of_bounds,WARN,box exceeds image bounds
../../data/raw/train/CarLongPlateGen2449_jpg.rf.4be5bccd22c4a18ceeffbee58286d3b8.jpg,box_out_of_bounds,WARN,box exceeds image bounds
../../data/raw/train/CarLongPlateGen2506_jpg.rf.3a502d4781493995634bf43ff5d1e987.jpg,box_out_of_bounds,WARN,box exceeds image bounds
../../data/raw/train/pic_538_jpg.rf.36fd2356cfe855d896d8ddefc231b767.jpg,box_out_of_bounds,WARN,box exceeds image bounds
../../data/raw/train/Cars75_png_jpg.rf.905daac84824562d60e9f86778938fde.jpg,box_tiny,WARN,rel_area=4.76e-04 (9x5px)
../../data/raw/train/CarLongPlateGen2506_jpg.rf.baa76982fce2c3eeff87acac10e1febe.jpg,box_out_of_bounds,WARN,box exceeds image bounds
../../data/raw/train/Florida_Antique_car_license_plate_jpg.rf.c408fd1a8d60e75aa934ed0931e7c2fd.jpg,box_suspiciously_large,WARN,rel_area=1.00
../../data/raw/train/DRS507_jpg.rf.2d8b79eb138d7068b8b17b5ae8cd874f.jpg,box_tiny,WARN,rel_area=4.22e-04 (11x6px)
../../data/raw/train/Get-20a-20green-20licence-20plate-20_-20Ontario-ca_jpg.rf.285436955f38deb6f3f63d28c02820ad.jpg,box_suspiciously_large,WARN,rel_area=0.99
../../data/raw/train/Cars44_png_jpg.rf.a860aed4c3207a9b8defd33c0f146e4f.jpg,box_out_of_bounds,WARN,box exceeds image bounds
../../data/raw/train/Florida_Antique_car_license_plate_jpg.rf.c43b0d78bbd9739122ee44ca5737e605.jpg,box_suspiciously_large,WARN,rel_area=1.00
../../data/raw/train/Get-20a-20green-20licence-20plate-20_-20Ontario-ca_jpg.rf.589804d656a1754c291145c19d61e1b2.jpg,box_suspiciously_large,WARN,rel_area=1.00
../../data/raw/train/Get-20a-20green-20licence-20plate-20_-20Ontario-ca_jpg.rf.1c1cb8d5a9fa44fc2a7b97dd87de972c.jpg,box_suspiciously_large,WARN,rel_area=1.00
../../data/raw/train/Florida_Antique_car_license_plate_jpg.rf.f6433ed64cf3778b2b673c8f28a2cb1e.jpg,box_suspiciously_large,WARN,rel_area=1.00
../../data/raw/train/DRS507_jpg.rf.8e7660f3c76827f2ce2d1a95be8224af.jpg,box_tiny,WARN,rel_area=4.13e-04 (11x6px)
../../data/raw/train/DRS507_jpg.rf.8e7660f3c76827f2ce2d1a95be8224af.jpg,box_tiny,WARN,rel_area=2.63e-04 (7x6px)
../../data/raw/train/Florida_Antique_car_license_plate_jpg.rf.cce26e2ec0b9cf09b6e2914e32183a6d.jpg,box_suspiciously_large,WARN,rel_area=1.00
../../data/raw/train/DRS507_jpg.rf.ec9613282605e4590c54518fb91e47bf.jpg,box_tiny,WARN,rel_area=3.42e-04 (11x5px)
../../data/raw/train/DRS507_jpg.rf.ec9613282605e4590c54518fb91e47bf.jpg,box_tiny,WARN,rel_area=1.23e-04 (4x5px)
../../data/raw/train/pic_538_jpg.rf.1bc000e8300a4b5d60943ad343f6bcb4.jpg,box_out_of_bounds,WARN,box exceeds image bounds
../../data/raw/train/CarLongPlate368_jpg.rf.2150df0ac801ab167224003f1515bbe8.jpg,box_out_of_bounds,WARN,box exceeds image bounds
../../data/raw/train/CarLongPlate368_jpg.rf.4f02b044f9cea7d11d3dd73ec3c004c4.jpg,box_out_of_bounds,WARN,box exceeds image bounds
../../data/raw/train/DRS507_jpg.rf.8a7a27d09bb50f6681b489ab8249acc1.jpg,box_tiny,WARN,rel_area=3.45e-04 (11x5px)
../../data/raw/train/00403b390556e56d_jpg.rf.2d8f68cf44efa852f391a4aa4eddaea5.jpg,box_tiny,WARN,rel_area=1.18e-04 (7x11px)
../../data/raw/train/002f860e692757f7_jpg.rf.3cacfa17b622370caa66b842884de1de.jpg,box_out_of_bounds,WARN,box exceeds image bounds
../../data/raw/train/0015ed86d644a332_jpg.rf.8ec8d98ab65e3affab4707c77b36b7b0.jpg,box_tiny,WARN,rel_area=4.24e-04 (15x20px)
../../data/raw/train/0049ed70c1b2d480_jpg.rf.a07caac0c3c47bceb421f9a42cd7e9e6.jpg,box_tiny,WARN,rel_area=2.16e-04 (13x12px)
../../data/raw/train/0049ed70c1b2d480_jpg.rf.a07caac0c3c47bceb421f9a42cd7e9e6.jpg,box_tiny,WARN,rel_area=4.44e-04 (20x16px)
../../data/raw/train/0049ed70c1b2d480_jpg.rf.a07caac0c3c47bceb421f9a42cd7e9e6.jpg,box_out_of_bounds,WARN,box exceeds image bounds
../../data/raw/train/00494d0811b9e652_jpg.rf.a4c89c03e4d67617c1c18f4812d814e4.jpg,box_tiny,WARN,rel_area=6.71e-05 (10x5px)
../../data/raw/train/00494d0811b9e652_jpg.rf.a4c89c03e4d67617c1c18f4812d814e4.jpg,box_tiny,WARN,rel_area=6.04e-05 (9x5px)
../../data/raw/train/00494d0811b9e652_jpg.rf.a4c89c03e4d67617c1c18f4812d814e4.jpg,box_tiny,WARN,rel_area=8.08e-05 (12x5px)
../../data/raw/train/00494d0811b9e652_jpg.rf.a4c89c03e4d67617c1c18f4812d814e4.jpg,box_tiny,WARN,rel_area=1.07e-04 (10x8px)
../../data/raw/train/00494d0811b9e652_jpg.rf.a4c89c03e4d67617c1c18f4812d814e4.jpg,box_tiny,WARN,rel_area=4.32e-04 (23x14px)
../../data/raw/train/004e03d45963728e_jpg.rf.ae464f8ab13fc55ae1c167cc88fcd725.jpg,box_tiny,WARN,rel_area=2.82e-04 (24x7px)
../../data/raw/train/CarLongPlateGen2931_jpg.rf.c3be334b72880b989b22047d980e9e57.jpg,box_out_of_bounds,WARN,box exceeds image bounds
../../data/raw/train/CarLongPlateGen2895_jpg.rf.929f788233e07f3f9709c00ae03bf294.jpg,box_out_of_bounds,WARN,box exceeds image bounds
../../data/raw/train/CarLongPlateGen2902_jpg.rf.21313f7ee9d9c13606bfa5da9111566e.jpg,box_out_of_bounds,WARN,box exceeds image bounds
../../data/raw/train/CarLongPlateGen2931_jpg.rf.cbdb2e63d0246e50d8f066fde0f9eb43.jpg,box_out_of_bounds,WARN,box exceeds image bounds
../../data/raw/train/CarLongPlateGen2895_jpg.rf.6ab4aef91d59608152a7fefbb6006bf3.jpg,box_out_of_bounds,WARN,box exceeds image bounds
../../data/raw/train/CarLongPlateGen2677_jpg.rf.831e26663480bfa3df00003106ce2d8a.jpg,box_out_of_bounds,WARN,box exceeds image bounds
../../data/raw/train/boderquandoi3_jpg.rf.750fc5fb07e2784d4b0fa9df3ecb9a9a.jpg,box_tiny,WARN,rel_area=3.42e-04 (18x11px)
../../data/raw/train/boderquandoi3_jpg.rf.750fc5fb07e2784d4b0fa9df3ecb9a9a.jpg,box_tiny,WARN,rel_area=3.28e-04 (19x10px)
../../data/raw/train/boderquandoi4_jpg.rf.406cec16870108cb4b85c1c259f73e71.jpg,box_tiny,WARN,rel_area=4.07e-04 (18x13px)
../../data/raw/train/CarLongPlateGen2931_jpg.rf.4e51ea74cfc72dc4044bd468f79dbe05.jpg,box_out_of_bounds,WARN,box exceeds image bounds
../../data/raw/train/boderquandoi4_jpg.rf.ec5ad454fec6a5e6d5458296139165a4.jpg,box_tiny,WARN,rel_area=3.36e-04 (17x12px)
../../data/raw/train/CarLongPlateGen2902_jpg.rf.80f8e7645f8488f31a6a596ccb9db522.jpg,box_out_of_bounds,WARN,box exceeds image bounds
../../data/raw/train/boderquandoi3_jpg.rf.92f46792103b44d77671f930815b3c79.jpg,box_tiny,WARN,rel_area=2.67e-04 (17x10px)
../../data/raw/train/boderquandoi3_jpg.rf.92f46792103b44d77671f930815b3c79.jpg,box_tiny,WARN,rel_area=2.55e-04 (18x9px)
../../data/raw/train/boderquandoi3_jpg.rf.a982b31ffac89d039d634a1542eb5715.jpg,box_tiny,WARN,rel_area=2.81e-04 (17x10px)
../../data/raw/train/boderquandoi3_jpg.rf.a982b31ffac89d039d634a1542eb5715.jpg,box_tiny,WARN,rel_area=2.68e-04 (18x9px)
../../data/raw/train/CarLongPlateGen2902_jpg.rf.50b2ae598dd48c9654b2068c9140535d.jpg,box_out_of_bounds,WARN,box exceeds image bounds
../../data/raw/train/CarLongPlateGen2963_jpg.rf.c17940aebae31698d70c34d08bac9528.jpg,box_out_of_bounds,WARN,box exceeds image bounds
../../data/raw/train/boderquandoi3_jpg.rf.198d925881ab406a18bdf7b04b3c5d97.jpg,box_tiny,WARN,rel_area=2.59e-04 (17x9px)
../../data/raw/train/boderquandoi3_jpg.rf.198d925881ab406a18bdf7b04b3c5d97.jpg,box_tiny,WARN,rel_area=2.44e-04 (18x8px)
../../data/raw/train/boderquandoi4_jpg.rf.8f1c0b04d9adcc765be30d2e590207d3.jpg,box_tiny,WARN,rel_area=4.18e-04 (18x13px)
../../data/raw/train/CarLongPlateGen2655_jpg.rf.c474a82d343c1a11a6663aedbd0dd666.jpg,box_out_of_bounds,WARN,box exceeds image bounds
../../data/raw/train/CarLongPlateGen2606_jpg.rf.02eb7fe80837b75b36e83ca7c1f2ee2e.jpg,box_out_of_bounds,WARN,box exceeds image bounds
../../data/raw/train/CarLongPlateGen2977_jpg.rf.b7a7bb62e7f5038f0ef8be56c377b3cb.jpg,box_out_of_bounds,WARN,box exceeds image bounds
../../data/raw/train/boderquandoi4_jpg.rf.9b5cc281c6a7828944a91576f2fe4289.jpg,box_tiny,WARN,rel_area=4.32e-04 (19x14px)
../../data/raw/train/CarLongPlateGen2677_jpg.rf.c26a35ee38f82edc25a9b7da4fd6b4d3.jpg,box_out_of_bounds,WARN,box exceeds image bounds
../../data/raw/train/CarLongPlateGen2928_jpg.rf.8541e713f3e78699b3367c76de19a88a.jpg,box_out_of_bounds,WARN,box exceeds image bounds
../../data/raw/train/CarLongPlateGen2616_jpg.rf.c9ce6bb9632c6e1523e67af6b4e21d42.jpg,box_out_of_bounds,WARN,box exceeds image bounds
../../data/raw/train/CarLongPlateGen2677_jpg.rf.45b5394ab367d52ac7a686cad05c90e6.jpg,box_out_of_bounds,WARN,box exceeds image bounds
../../data/raw/train/boderquandoi3_jpg.rf.e61009fba32da6285b504f404b4ae5c0.jpg,box_tiny,WARN,rel_area=3.04e-04 (18x11px)
../../data/raw/train/boderquandoi3_jpg.rf.e61009fba32da6285b504f404b4ae5c0.jpg,box_tiny,WARN,rel_area=2.92e-04 (19x10px)
../../data/raw/train/boderquandoi4_jpg.rf.dfc06f5e3c1f60b04222b051f6d971ae.jpg,box_tiny,WARN,rel_area=3.86e-04 (18x14px)
../../data/raw/train/boderquandoi3_jpg.rf.0bc7e5f529a95a24bcf79307601b70ef.jpg,box_tiny,WARN,rel_area=3.08e-04 (18x11px)
../../data/raw/train/boderquandoi3_jpg.rf.0bc7e5f529a95a24bcf79307601b70ef.jpg,box_tiny,WARN,rel_area=2.95e-04 (19x10px)
../../data/raw/train/CarLongPlateGen2963_jpg.rf.63eeb6782d287cb6963a3f44b1da1eb9.jpg,box_out_of_bounds,WARN,box exceeds image bounds
../../data/raw/train/boderquandoi3_jpg.rf.94f7b67ec199aac0a2a1485e6256fc20.jpg,box_tiny,WARN,rel_area=3.24e-04 (18x11px)
../../data/raw/train/boderquandoi3_jpg.rf.94f7b67ec199aac0a2a1485e6256fc20.jpg,box_tiny,WARN,rel_area=3.12e-04 (19x10px)
../../data/raw/train/CarLongPlateGen2632_jpg.rf.e9d3b6e73c4bb433d9c0d9fdfa7d941a.jpg,box_out_of_bounds,WARN,box exceeds image bounds
../../data/raw/train/CarLongPlateGen2668_jpg.rf.4faed21956d30a9a3918bb7afd8e84bc.jpg,box_out_of_bounds,WARN,box exceeds image bounds
../../data/raw/train/CarLongPlateGen2667_jpg.rf.86ee74a938d2f32883af96e620a82ee5.jpg,box_out_of_bounds,WARN,box exceeds image bounds
../../data/raw/train/CarLongPlateGen3028_jpg.rf.1ea7bb6fb5a277e04de2282f3663092c.jpg,box_out_of_bounds,WARN,box exceeds image bounds
../../data/raw/train/24-GRO-HAP-Mar-tenue_jpg.rf.3b671e313fe583f7c034af8cd21a656e.jpg,box_suspiciously_large,WARN,rel_area=0.99
../../data/raw/train/1649292507304_jpg.rf.ce8086ea0cc94f8a50b7cb3fcf22d029.jpg,box_suspiciously_large,WARN,rel_area=1.00
../../data/raw/train/14-cdmx2016aa_jpg.rf.7e229ea4819a2cd2f16ad55f116a7bce.jpg,box_suspiciously_large,WARN,rel_area=1.00
../../data/raw/train/13-cdmx2017pol-mc_jpg.rf.c0723b2f3341505d06980bb946765a76.jpg,box_suspiciously_large,WARN,rel_area=1.00
../../data/raw/train/1649292507300_jpg.rf.5abe3751bb0c58ddebf12b08b32228da.jpg,box_suspiciously_large,WARN,rel_area=1.00
../../data/raw/train/15-cdmx2017eco_jpg.rf.0c175a2643113594dde89c403ed2f680.jpg,box_suspiciously_large,WARN,rel_area=1.00
../../data/raw/train/1649292507310_jpg.rf.41cfdb27ef2e1ee53827164b13d02a84.jpg,box_suspiciously_large,WARN,rel_area=0.94
../../data/raw/train/22-placa-guerrero-06_jpg.rf.59e4014d790fcaaff904e91f88e2906c.jpg,box_suspiciously_large,WARN,rel_area=1.00
../../data/raw/train/23-cdmx2017trk_jpg.rf.90e7093f43793a0f289fbc87e24762ce.jpg,box_suspiciously_large,WARN,rel_area=1.00
../../data/raw/train/1649292507311_jpg.rf.d5e17f8838417451c948ec715a1b18ad.jpg,box_suspiciously_large,WARN,rel_area=1.00
../../data/raw/train/14-GRO-HEZ_jpg.rf.4f410e1fe25b12a15baf1dd9ec02ef91.jpg,box_suspiciously_large,WARN,rel_area=1.00
../../data/raw/train/20-gro2015_jpg.rf.721c97a624a1b6bfbccb5c61a61f9870.jpg,box_suspiciously_large,WARN,rel_area=1.00
../../data/raw/train/16-cdmx2020bus-a_jpg.rf.455a171b607f9d533bbf56af4447cb33.jpg,box_suspiciously_large,WARN,rel_area=1.00
../../data/raw/train/16-Placa-2BGuerrero-2BServicio-2BPublico-2B999999E_jpg.rf.03b0dee40764817b14c6d255ea17b1cd.jpg,box_suspiciously_large,WARN,rel_area=1.00
../../data/raw/train/1649292507330_jpg.rf.1e8a42ca5411a950046f9babfecdfe80.jpg,box_suspiciously_large,WARN,rel_area=1.00
../../data/raw/train/1633449297103_png_jpg.rf.5460cec2c809e3bdaddcc10f7ced6b7a.jpg,box_suspiciously_large,WARN,rel_area=1.00
../../data/raw/train/21-Placa-2BGUERRERO-2BAutomovil-2BHCK-99-99-2BGuerrero-2BCumple-2BClavado-2BLa-2BQuebrada_jpg.rf.7751b4a2d169ceadf2cf2c28c0c484ad.jpg,box_suspiciously_large,WARN,rel_area=0.99
../../data/raw/train/Cars249_png_jpg.rf.9d714fc164e33fbde838f833d811610f.jpg,box_out_of_bounds,WARN,box exceeds image bounds
../../data/raw/train/23-PLACA-IMG3222-GUERR-Nueva-HFX_jpg.rf.90e731ebc953ebb1023d67b2b3def7c9.jpg,box_suspiciously_large,WARN,rel_area=1.00
../../data/raw/train/17-cdmx2017policia-t_jpg.rf.ab6346a4baf7d51727b89e1cde39ac7d.jpg,box_suspiciously_large,WARN,rel_area=1.00
../../data/raw/train/19-gro8283_jpg.rf.4875ef59623d2d6c5033358aa3e4ed5c.jpg,box_suspiciously_large,WARN,rel_area=0.98
../../data/raw/train/1649292507324_jpg.rf.6682be78d437deb018b85d2a5c0704e4.jpg,box_suspiciously_large,WARN,rel_area=1.00
../../data/raw/train/19-cdmx2016rem_jpg.rf.6adc33f01ac29afc0df50e4d97084172.jpg,box_suspiciously_large,WARN,rel_area=0.99
../../data/raw/train/boderquandoi3_jpg.rf.c3695ae45a777235e7b8bb1d41009220.jpg,box_tiny,WARN,rel_area=3.11e-04 (18x11px)
../../data/raw/train/boderquandoi3_jpg.rf.c3695ae45a777235e7b8bb1d41009220.jpg,box_tiny,WARN,rel_area=2.98e-04 (19x10px)
../../data/raw/train/17-gro2018_jpg.rf.3af494d45fce319512900e9d79cfbd36.jpg,box_suspiciously_large,WARN,rel_area=1.00
../../data/raw/train/18-71EAMA2gJUL-_AC_SX450__jpg.rf.3a22f5e3005b271cd162b3529535bfe3.jpg,box_suspiciously_large,WARN,rel_area=1.00
../../data/raw/train/CarLongPlateGen2667_jpg.rf.ff10fc42e00dffa9b32756b751ee23b5.jpg,box_out_of_bounds,WARN,box exceeds image bounds
../../data/raw/train/19-GRO-GY-99-999-Carga_jpg.rf.17f365e0c2d8b2cfae066f4029b3f349.jpg,box_suspiciously_large,WARN,rel_area=1.00
../../data/raw/train/CarLongPlateGen2616_jpg.rf.7e37ea51d1b7dffd0bd4f9d43dbffce0.jpg,box_out_of_bounds,WARN,box exceeds image bounds
../../data/raw/train/CarLongPlate752_jpg.rf.38a4f3df630a21870c65e4bbbcb8ccd6.jpg,box_out_of_bounds,WARN,box exceeds image bounds
../../data/raw/train/boderquandoi4_jpg.rf.4bfe74af9bee89899b467fce30518ca8.jpg,box_tiny,WARN,rel_area=3.84e-04 (18x13px)
../../data/raw/train/22-Placfa-extraviada_jpg.rf.1b9de09de95d17c72dcc304e84e50b02.jpg,box_suspiciously_large,WARN,rel_area=0.94
../../data/raw/train/rotatequandoi4_jpg.rf.7d73e168468104dffaadce92f01913fc.jpg,box_tiny,WARN,rel_area=4.58e-04 (26x11px)
../../data/raw/train/vintagevehicle_png_jpg.rf.5b665cc4082c18443a713bc17de79eba.jpg,box_suspiciously_large,WARN,rel_area=1.00
../../data/raw/train/rotatequandoi94_jpg.rf.5ffe010679cdb3b0dd03c59a3d13c17e.jpg,box_out_of_bounds,WARN,box exceeds image bounds
../../data/raw/train/rotatequandoi63_jpg.rf.90c348157b861782a277974b7a816073.jpg,box_out_of_bounds,WARN,box exceeds image bounds
../../data/raw/train/CarLongPlateGen3711_jpg.rf.901e6d71cfa7d1fb3b27cfc23f36506b.jpg,box_out_of_bounds,WARN,box exceeds image bounds
../../data/raw/train/vintagevehicle_png_jpg.rf.4fc022333d5ebd8cafc36ccf02979433.jpg,box_suspiciously_large,WARN,rel_area=1.00
../../data/raw/train/CarLongPlateGen3168_jpg.rf.7daeecfb0fd86ccb6bee497cdbac969c.jpg,box_out_of_bounds,WARN,box exceeds image bounds
../../data/raw/train/vintagevehicle_png_jpg.rf.f71e332358a922d882c71c16364225ff.jpg,box_suspiciously_large,WARN,rel_area=1.00
../../data/raw/train/CarLongPlateGen3711_jpg.rf.b3eed1c9c39ca60e551d7eb99d3af737.jpg,box_out_of_bounds,WARN,box exceeds image bounds
../../data/raw/train/CarLongPlateGen3750_jpg.rf.b5de273964d5724411cae42ef40ae2be.jpg,box_out_of_bounds,WARN,box exceeds image bounds
../../data/raw/train/rotatequandoi4_jpg.rf.1be292d9b648064601e2bffa1abb004a.jpg,box_tiny,WARN,rel_area=4.93e-04 (26x12px)
../../data/raw/train/40-placa-guerrero-00_jpg.rf.e92ccecb9f21772510d87050bac82572.jpg,box_suspiciously_large,WARN,rel_area=1.00
../../data/raw/train/73-D_NQ_NP_902506-MLM31711685330_082019-W_jpg.rf.de0ba8a2a8417809f1f759f98a981fe9.jpg,box_out_of_bounds,WARN,box exceeds image bounds
../../data/raw/train/70-gro2015taxi_jpg.rf.71fdc5341e65cf9b41ee470ba2298970.jpg,box_suspiciously_large,WARN,rel_area=1.00
../../data/raw/train/4-cdmx2019_jpg.rf.161225c559039e87d7b3be9aa0e696b5.jpg,box_suspiciously_large,WARN,rel_area=0.99
../../data/raw/train/71-640px-NY_license_plate_54111ME_commercial_jpg.rf.eb36b0544939d568ce1e58bf72b4279d.jpg,box_suspiciously_large,WARN,rel_area=1.00
../../data/raw/train/66-800px-1977_Pennsylvania_license_plate_D97-950_jpg.rf.99468c782be84dff95eddb370a381f94.jpg,box_suspiciously_large,WARN,rel_area=1.00
../../data/raw/train/5-s-l400_jpg.rf.8b40ac0b33a20abdc893ffca2cc0a68b.jpg,box_suspiciously_large,WARN,rel_area=1.00
../../data/raw/train/63-s-l1000_jpg.rf.53a231e249e8ad5001cfcea68da3333b.jpg,box_suspiciously_large,WARN,rel_area=0.99
../../data/raw/train/67-800px-ILLINOIS_1962_LICENSE_PLATE_282-662_-_Flickr_-_woody1778a_jpg.rf.600e2c49af3878389ca48af52089efe5.jpg,box_suspiciously_large,WARN,rel_area=1.00
../../data/raw/train/37-cdmx2020bus-b_jpg.rf.ca503a496d785010ca8c18826bfb9df8.jpg,box_suspiciously_large,WARN,rel_area=1.00
../../data/raw/train/40-800px-Mpumalanga_license_plate_jpg.rf.6c6e6de166be18d7a4cfc0526ded95bf.jpg,box_suspiciously_large,WARN,rel_area=0.99
../../data/raw/train/38-placa-guerrero-92_jpg.rf.9b76ced2001ee5a30844a49cff92527e.jpg,box_suspiciously_large,WARN,rel_area=0.97
../../data/raw/train/34-s-l300_jpg.rf.5697f8f1ca7f73ab4164968fc194b51f.jpg,box_suspiciously_large,WARN,rel_area=1.00
../../data/raw/train/72-640px-1937_Arizona_License_Plate_jpg.rf.0202374951351c625b3ce11810c76fc3.jpg,box_suspiciously_large,WARN,rel_area=1.00
../../data/raw/train/36-s-l400_jpg.rf.7b17fb9c88a70968d50093f6bcb3199a.jpg,box_suspiciously_large,WARN,rel_area=0.97
../../data/raw/train/52-gro2012b_jpg.rf.8748a705ed4b70a1d5cdf52966378a1a.jpg,box_suspiciously_large,WARN,rel_area=1.00
../../data/raw/train/35-CDMX_17_580x-2x_jpg.rf.b85f0b6742e9d410926b135e33125dd5.jpg,box_suspiciously_large,WARN,rel_area=1.00
../../data/raw/train/32-GRO-GZW-Auto-Mar-Escudo_jpg.rf.3f56157fd495e33744223e8fa3ab7f5f.jpg,box_suspiciously_large,WARN,rel_area=1.00
../../data/raw/train/48-1200px-License_plate_Vietnam_Hanoi_jpg.rf.de3278229b589f60df4e826da8ec8597.jpg,box_suspiciously_large,WARN,rel_area=1.00
../../data/raw/train/78-640px-1994_Virginia_license_plate_RYW-115_jpg.rf.7630a89d7c05a184908979d55de7d043.jpg,box_suspiciously_large,WARN,rel_area=0.99
../../data/raw/train/77-800px-2000s_Egyptian_license_plate_jpg.rf.58fa79798a87ce50196e1d974387529d.jpg,box_suspiciously_large,WARN,rel_area=0.99
../../data/raw/train/58-51yfoj4IkpL-__AC_SX300_QL70_ML2__jpg.rf.301dad49fc4a6110ada6136f7e1ba082.jpg,box_suspiciously_large,WARN,rel_area=1.00
../../data/raw/train/How-20To-20Keep-20Your-20License-20Plate-20When-20Selling_jpg.rf.bcc98bb312c23f0c61887c41ea6e93a6.jpg,box_out_of_bounds,WARN,box exceeds image bounds
../../data/raw/train/58-3940557986_fc46880e47_jpg.rf.fa4b92dc8603c0d84d7f28ec3a5d3dac.jpg,box_suspiciously_large,WARN,rel_area=1.00
../../data/raw/train/56-800px-1950_Indiana_license_plate_jpg.rf.34ea6405786d6088dff8066743b5f226.jpg,box_suspiciously_large,WARN,rel_area=0.93
../../data/raw/train/79-1024px-1937_Minnesota-2C_USA-2C_license_plate_jpg.rf.860ff62a996506c139d200c54fecfc3b.jpg,box_suspiciously_large,WARN,rel_area=1.00
../../data/raw/train/70-5117602976_af2ebe15ef_z_jpg.rf.1fe3e8b71dd857b62cc6326cf4edf068.jpg,box_suspiciously_large,WARN,rel_area=1.00
../../data/raw/train/36-License-Plate-IL-NDXVI_jpg.rf.494e8b5831860a9ebfc2729b8059bbf1.jpg,box_suspiciously_large,WARN,rel_area=1.00
../../data/raw/train/How-20to-20mount-20front-20license-20plates-20-20YouTube_jpg.rf.9ec47648ca2192c7e3860fa7882b3b21.jpg,box_out_of_bounds,WARN,box exceeds image bounds
../../data/raw/train/25-PLACAS-DE-GUERRERO-VOLKSWAGEN-TIPO-GOLF_jpg.rf.a286ae0df9f5e7256995f6f88c62e345.jpg,box_suspiciously_large,WARN,rel_area=0.96
../../data/raw/train/7-D_NQ_NP_865970-MLM31423400441_072019-W_jpg.rf.cb929be1a0de9e64e1008f667c951cdc.jpg,box_out_of_bounds,WARN,box exceeds image bounds
../../data/raw/train/74-85a70f99aa15dae003949bae404792c4_jpg.rf.f665c9c5ce4bf4de5ad2b5bfac41502e.jpg,box_suspiciously_large,WARN,rel_area=1.00
../../data/raw/train/75-800px-1963_Louisiana_license_plate_16-2C000lb_tractor_jpg.rf.dbb76867319c623151ebb6ad3eb17970.jpg,box_suspiciously_large,WARN,rel_area=0.98
../../data/raw/train/rotatequandoi69_jpg.rf.a37de355764f66c67581e854310169df.jpg,box_out_of_bounds,WARN,box exceeds image bounds
../../data/raw/train/CarLongPlateGen2166_jpg.rf.bac718d1da874be634f99ea9acfafcf7.jpg,box_out_of_bounds,WARN,box exceeds image bounds
../../data/raw/train/CarLongPlateGen2179_jpg.rf.0864e6a5d15d047d258c0d963882559c.jpg,box_out_of_bounds,WARN,box exceeds image bounds
../../data/raw/train/vintagevehicle_png_jpg.rf.268f2923d6769d1fcafb9022f1e87941.jpg,box_suspiciously_large,WARN,rel_area=1.00
../../data/raw/train/80-1024px-1938_California_license_plate_4P_57_25_jpg.rf.1119dcd9b52181e29214e1d3501e8b01.jpg,box_suspiciously_large,WARN,rel_area=0.93
../../data/raw/train/92-800px-NETHERLANDS_1991_-PASSENGER_LICENSE_PLATE_FOR_AMERICAN_VEHICLE_-_Flickr_-_woody1778a_jpg.rf.4da8dfaed394806fe68762ac2d4339a1.jpg,box_suspiciously_large,WARN,rel_area=1.00
../../data/raw/train/91-1200px-License_plate_of_Cuba_2002_tourism_T_36016_jpg.rf.e7653f4901936529c28a99eb4983b12f.jpg,box_suspiciously_large,WARN,rel_area=1.00
../../data/raw/train/93-s-l640_jpg.rf.fad1dc7f6588de6b36a4c435284f8eb0.jpg,box_out_of_bounds,WARN,box exceeds image bounds
../../data/raw/train/86-2801780b5a91c76ce45b05812a8924cb_jpg.rf.2139051636b34dda085c3d9ccc8fb975.jpg,box_suspiciously_large,WARN,rel_area=0.99
../../data/raw/train/9-s-l400_jpg.rf.4ed9a369f02d6f11f274e86fd976ce4b.jpg,box_out_of_bounds,WARN,box exceeds image bounds
../../data/raw/train/88-800px-ONTARIO_1946_-LICENSE_PLATE_SHORTY_-VIP_-_Flickr_-_woody1778a_jpg.rf.6cefb3476842ac4f5670039bd0c91fb3.jpg,box_suspiciously_large,WARN,rel_area=0.99
../../data/raw/train/81-800px-NEW_YORK_1980-86_LICENSE_PLATE_0000-AAA_FORMAT_-_Flickr_-_woody1778a_jpg.rf.5e439f5194bf19d817492c28b87987b0.jpg,box_suspiciously_large,WARN,rel_area=0.99
../../data/raw/train/A-20guide-20to-20Canada_s-20best_-20and-20most-20lame_-20lic_jpg.rf.19020608ad80bd8e1b0ccfa56e180ac2.jpg,box_suspiciously_large,WARN,rel_area=0.98
../../data/raw/train/82-13cb66d366c0a1a28657c65d1175e63d_jpg.rf.ce1c3ef421754ac959f4a4efbb1eb349.jpg,box_suspiciously_large,WARN,rel_area=0.99
../../data/raw/train/CarLongPlateGen2373_jpg.rf.311b3303c29cff06a437dba62c36bf7b.jpg,box_out_of_bounds,WARN,box exceeds image bounds
../../data/raw/train/CarLongPlateGen3178_jpg.rf.e5dfd7ef199bdcec4f728ffd6a94a61d.jpg,box_out_of_bounds,WARN,box exceeds image bounds
../../data/raw/train/92-800px-NETHERLANDS_1991_-PASSENGER_LICENSE_PLATE_FOR_AMERICAN_VEHICLE_-_Flickr_-_woody1778a_jpg.rf.5b3196b2b6a50e0ceb8f1f47d234dd49.jpg,box_suspiciously_large,WARN,rel_area=1.00
../../data/raw/train/88-800px-ONTARIO_1946_-LICENSE_PLATE_SHORTY_-VIP_-_Flickr_-_woody1778a_jpg.rf.084e1e12c00d675aa409e5d15b7aa58e.jpg,box_suspiciously_large,WARN,rel_area=1.00
../../data/raw/train/81-800px-NEW_YORK_1980-86_LICENSE_PLATE_0000-AAA_FORMAT_-_Flickr_-_woody1778a_jpg.rf.df2f065fdcb368c1b9129f075a9a5ec7.jpg,box_suspiciously_large,WARN,rel_area=0.91
../../data/raw/train/91-1200px-License_plate_of_Cuba_2002_tourism_T_36016_jpg.rf.a9b6f6c7a3ed2f6cbe33ac3dfd67cf9a.jpg,box_suspiciously_large,WARN,rel_area=1.00
../../data/raw/train/80-1024px-1938_California_license_plate_4P_57_25_jpg.rf.a6f355e025cec0730c480035a173f9d0.jpg,box_suspiciously_large,WARN,rel_area=1.00
../../data/raw/train/86-2801780b5a91c76ce45b05812a8924cb_jpg.rf.7c018c53b51e2aa44b6a782397442f79.jpg,box_suspiciously_large,WARN,rel_area=1.00
../../data/raw/train/AURA1_jpg.rf.ee48d95351f0d99d636cfd66144acdb7.jpg,box_tiny,WARN,rel_area=3.45e-04 (9x6px)
../../data/raw/train/82-13cb66d366c0a1a28657c65d1175e63d_jpg.rf.a2114310a0885bccaeaacc1164c1f857.jpg,box_suspiciously_large,WARN,rel_area=1.00
../../data/raw/train/AUDIZINE_jpg.rf.ac0c000bfd09dc6092ad1f7ea5f70a86.jpg,box_tiny,WARN,rel_area=3.29e-04 (11x5px)
../../data/raw/train/Can-20You-20Recognize-20These-20Famous-20Movie-20And-20TV_jpg.rf.942ce8ff09dcdc3ed01feb98813d9423.jpg,box_suspiciously_large,WARN,rel_area=1.00
../../data/raw/train/AURA1_jpg.rf.1bfa479aa6ecc7dee92b6368945d411b.jpg,box_tiny,WARN,rel_area=2.91e-04 (9x5px)
../../data/raw/train/CarLongPlateGen3157_jpg.rf.5bcaa17bca417faf9a9c09b259fcd550.jpg,box_out_of_bounds,WARN,box exceeds image bounds
../../data/raw/train/81-800px-NEW_YORK_1980-86_LICENSE_PLATE_0000-AAA_FORMAT_-_Flickr_-_woody1778a_jpg.rf.b9b8eadbe81df471132d38c6f8e2311a.jpg,box_suspiciously_large,WARN,rel_area=1.00
../../data/raw/train/8-s-l300_jpg.rf.f0959d11ef6f15797b097f2bce190b51.jpg,box_out_of_bounds,WARN,box exceeds image bounds
../../data/raw/train/AUDIZINE_jpg.rf.201c623551ccae256fe78f2c6555fb73.jpg,box_tiny,WARN,rel_area=3.36e-04 (11x5px)
../../data/raw/train/9-s-l400_jpg.rf.5ce2d38c905aa61b9007be749c5943b6.jpg,box_out_of_bounds,WARN,box exceeds image bounds
../../data/raw/train/9-s-l400_jpg.rf.5ce2d38c905aa61b9007be749c5943b6.jpg,box_out_of_bounds,WARN,box exceeds image bounds
../../data/raw/train/80-1024px-1938_California_license_plate_4P_57_25_jpg.rf.7e3f6e5dc5cd00aebc2c988a73f52627.jpg,box_suspiciously_large,WARN,rel_area=1.00
../../data/raw/train/A-20guide-20to-20Canada_s-20best_-20and-20most-20lame_-20lic_jpg.rf.3656adf86c1612abdbc5c5965e44d5cf.jpg,box_suspiciously_large,WARN,rel_area=1.00
../../data/raw/train/AURA1_jpg.rf.8f7cb470a9bcb92dcc255c1cb9bda712.jpg,box_tiny,WARN,rel_area=1.35e-04 (3x6px)
../../data/raw/train/92-800px-NETHERLANDS_1991_-PASSENGER_LICENSE_PLATE_FOR_AMERICAN_VEHICLE_-_Flickr_-_woody1778a_jpg.rf.ac64a64159224df8b84a2cb2463c7fb9.jpg,box_suspiciously_large,WARN,rel_area=1.00
../../data/raw/train/88-800px-ONTARIO_1946_-LICENSE_PLATE_SHORTY_-VIP_-_Flickr_-_woody1778a_jpg.rf.a722136f48fb9b920da2e03b535330c0.jpg,box_suspiciously_large,WARN,rel_area=1.00
../../data/raw/train/91-1200px-License_plate_of_Cuba_2002_tourism_T_36016_jpg.rf.dfdb5f4585dd0141f2de9a47ad3c0b2f.jpg,box_suspiciously_large,WARN,rel_area=1.00
../../data/raw/train/82-13cb66d366c0a1a28657c65d1175e63d_jpg.rf.0f2d6eeb94104bc9feecc2a54e8b52ee.jpg,box_suspiciously_large,WARN,rel_area=0.96
../../data/raw/train/Can-20You-20Recognize-20These-20Famous-20Movie-20And-20TV_jpg.rf.f37092fc744f2948b1e070d65d075e81.jpg,box_suspiciously_large,WARN,rel_area=1.00
../../data/raw/train/86-2801780b5a91c76ce45b05812a8924cb_jpg.rf.129a0d55533c52152e7682358e392198.jpg,box_suspiciously_large,WARN,rel_area=0.92
../../data/raw/train/AUDIZINE_jpg.rf.aafb06ea440836d56ac0993929e3dac1.jpg,box_tiny,WARN,rel_area=3.41e-04 (11x5px)
../../data/raw/train/92-800px-NETHERLANDS_1991_-PASSENGER_LICENSE_PLATE_FOR_AMERICAN_VEHICLE_-_Flickr_-_woody1778a_jpg.rf.d37206203f3afa7e889981778af3c178.jpg,box_suspiciously_large,WARN,rel_area=1.00
../../data/raw/train/A-20guide-20to-20Canada_s-20best_-20and-20most-20lame_-20lic_jpg.rf.d1c70d7cff3ae3cea17055c78631023c.jpg,box_suspiciously_large,WARN,rel_area=0.96
../../data/raw/train/80-1024px-1938_California_license_plate_4P_57_25_jpg.rf.1af7d50b944536cb26f97d34813ebb1e.jpg,box_suspiciously_large,WARN,rel_area=1.00
../../data/raw/train/Can-20You-20Recognize-20These-20Famous-20Movie-20And-20TV_jpg.rf.3e0ad952a83b812107b535a63dc334f6.jpg,box_out_of_bounds,WARN,box exceeds image bounds
../../data/raw/train/Can-20You-20Recognize-20These-20Famous-20Movie-20And-20TV_jpg.rf.3e0ad952a83b812107b535a63dc334f6.jpg,box_suspiciously_large,WARN,rel_area=0.99
../../data/raw/train/B87GLA_jpg.rf.ba0302e26cd81866475ab84517632afe.jpg,box_out_of_bounds,WARN,box exceeds image bounds
../../data/raw/train/AURA1_jpg.rf.e0de322db982707df3a71083e4090ee3.jpg,box_tiny,WARN,rel_area=3.55e-04 (10x6px)
../../data/raw/train/81-800px-NEW_YORK_1980-86_LICENSE_PLATE_0000-AAA_FORMAT_-_Flickr_-_woody1778a_jpg.rf.6242e9fbf6f82a9ded823befb43f8464.jpg,box_suspiciously_large,WARN,rel_area=1.00
../../data/raw/train/86-2801780b5a91c76ce45b05812a8924cb_jpg.rf.52400a674633385d85d0af88c37f7d04.jpg,box_suspiciously_large,WARN,rel_area=1.00
../../data/raw/train/91-1200px-License_plate_of_Cuba_2002_tourism_T_36016_jpg.rf.45a6a2319d83dbe38d41d4a4634c42ab.jpg,box_suspiciously_large,WARN,rel_area=1.00
../../data/raw/train/88-800px-ONTARIO_1946_-LICENSE_PLATE_SHORTY_-VIP_-_Flickr_-_woody1778a_jpg.rf.1695c64dce5e2f925178a677b213c627.jpg,box_suspiciously_large,WARN,rel_area=1.00
../../data/raw/train/CP_Blog_Image_2018_License_CLN_PWR_jpg.rf.a5d21edbc4e2382f1777b0eeba4cedf0.jpg,box_out_of_bounds,WARN,box exceeds image bounds
../../data/raw/train/82-13cb66d366c0a1a28657c65d1175e63d_jpg.rf.451a6e7641a3ad05c12f76304c21cb0b.jpg,box_suspiciously_large,WARN,rel_area=1.00
../../data/raw/train/88-800px-ONTARIO_1946_-LICENSE_PLATE_SHORTY_-VIP_-_Flickr_-_woody1778a_jpg.rf.6a916635658798365b0308132f172863.jpg,box_suspiciously_large,WARN,rel_area=1.00
../../data/raw/train/86-2801780b5a91c76ce45b05812a8924cb_jpg.rf.11a44d429cec739e473f3e7ce0d37fdc.jpg,box_suspiciously_large,WARN,rel_area=1.00
../../data/raw/train/AURA1_jpg.rf.e2ed9daadb3784ec6f1ac592c35fea34.jpg,box_tiny,WARN,rel_area=2.99e-04 (9x5px)
../../data/raw/train/80-1024px-1938_California_license_plate_4P_57_25_jpg.rf.2122a52499cdafdf63bf5ab5c6794cf2.jpg,box_suspiciously_large,WARN,rel_area=1.00
../../data/raw/train/81-800px-NEW_YORK_1980-86_LICENSE_PLATE_0000-AAA_FORMAT_-_Flickr_-_woody1778a_jpg.rf.01f2c78ae951c7391c5ba27943c70e77.jpg,box_suspiciously_large,WARN,rel_area=1.00
../../data/raw/train/92-800px-NETHERLANDS_1991_-PASSENGER_LICENSE_PLATE_FOR_AMERICAN_VEHICLE_-_Flickr_-_woody1778a_jpg.rf.fda05ee19820cdc16b10e2d786b83ecf.jpg,box_suspiciously_large,WARN,rel_area=1.00
../../data/raw/train/A-20guide-20to-20Canada_s-20best_-20and-20most-20lame_-20lic_jpg.rf.f8e1068c85ae5410c5bb91c84b28b104.jpg,box_suspiciously_large,WARN,rel_area=1.00
../../data/raw/train/B87GLA_jpg.rf.60dfbd1e7faaeeb95da7cb8859ecead2.jpg,box_out_of_bounds,WARN,box exceeds image bounds
../../data/raw/train/AUDIZINE_jpg.rf.c13824bd4180cbae69fe735d9c5d885b.jpg,box_tiny,WARN,rel_area=3.93e-04 (11x6px)
../../data/raw/train/82-13cb66d366c0a1a28657c65d1175e63d_jpg.rf.1f7efc0acfc6a7ea96bf1a3c3498d642.jpg,box_suspiciously_large,WARN,rel_area=0.99
../../data/raw/train/91-1200px-License_plate_of_Cuba_2002_tourism_T_36016_jpg.rf.dcd7298450f09ce8291c4b2ed38746a8.jpg,box_suspiciously_large,WARN,rel_area=1.00
../../data/raw/train/Can-20You-20Recognize-20These-20Famous-20Movie-20And-20TV_jpg.rf.16fc6f53c8e1064858251084e18e6433.jpg,box_suspiciously_large,WARN,rel_area=1.00
../../data/raw/train/Can-20You-20Recognize-20These-20Famous-20Movie-20And-20TV_jpg.rf.5c061fce75bcbd7dee414253491e797d.jpg,box_suspiciously_large,WARN,rel_area=1.00
../../data/raw/train/86-2801780b5a91c76ce45b05812a8924cb_jpg.rf.4ea6239c87fba3e3e90f4ddf70c545b1.jpg,box_suspiciously_large,WARN,rel_area=1.00
../../data/raw/train/CarLongPlateGen3157_jpg.rf.e5495466235d39d86457bbf41a65760b.jpg,box_out_of_bounds,WARN,box exceeds image bounds
../../data/raw/train/CarLongPlateGen3158_jpg.rf.75a15bd50b44a1558be59704b266956d.jpg,box_out_of_bounds,WARN,box exceeds image bounds
../../data/raw/train/AURA1_jpg.rf.84c4dfceb6e54da5fcaefbeabbee267a.jpg,box_tiny,WARN,rel_area=2.78e-04 (9x5px)
../../data/raw/train/AUDIZINE_jpg.rf.db4e541d810607c89dcc5dfa937d216e.jpg,box_tiny,WARN,rel_area=4.43e-04 (11x6px)
../../data/raw/train/Can-20You-20Recognize-20These-20Famous-20Movie-20And-20TV_jpg.rf.280e4770094cbc6a45f76617e691e299.jpg,box_suspiciously_large,WARN,rel_area=1.00
../../data/raw/train/80-1024px-1938_California_license_plate_4P_57_25_jpg.rf.4f0a10ec2f1f4c5fd7b743c5bdbf7970.jpg,box_suspiciously_large,WARN,rel_area=1.00
../../data/raw/train/81-800px-NEW_YORK_1980-86_LICENSE_PLATE_0000-AAA_FORMAT_-_Flickr_-_woody1778a_jpg.rf.fdad47f58deef8f0f86394f3985cd081.jpg,box_suspiciously_large,WARN,rel_area=1.00
../../data/raw/train/93-s-l640_jpg.rf.aac01b167f01b8139d8a634d1c1de9e6.jpg,box_out_of_bounds,WARN,box exceeds image bounds
../../data/raw/train/86-2801780b5a91c76ce45b05812a8924cb_jpg.rf.1192c2e9fdcbb595e5843ddb5f118348.jpg,box_suspiciously_large,WARN,rel_area=1.00
../../data/raw/train/92-800px-NETHERLANDS_1991_-PASSENGER_LICENSE_PLATE_FOR_AMERICAN_VEHICLE_-_Flickr_-_woody1778a_jpg.rf.8b791a59e1adfcbe4b39b9694bef1cf0.jpg,box_suspiciously_large,WARN,rel_area=1.00
../../data/raw/train/AURA1_jpg.rf.5dac664bb4615568581753d3c4664391.jpg,box_tiny,WARN,rel_area=3.78e-04 (9x6px)
../../data/raw/train/91-1200px-License_plate_of_Cuba_2002_tourism_T_36016_jpg.rf.1419e4ef34e72fd25fbce5a2bf41556a.jpg,box_suspiciously_large,WARN,rel_area=1.00
../../data/raw/train/82-13cb66d366c0a1a28657c65d1175e63d_jpg.rf.48e69f930576dfc79049a84aa65bbef4.jpg,box_suspiciously_large,WARN,rel_area=1.00
../../data/raw/train/AUDIZINE_jpg.rf.8521fe987cf87e26a0ba320f266a8792.jpg,box_tiny,WARN,rel_area=3.47e-04 (11x5px)
../../data/raw/train/A-20guide-20to-20Canada_s-20best_-20and-20most-20lame_-20lic_jpg.rf.fd709c784d34abc344fe416b17602182.jpg,box_suspiciously_large,WARN,rel_area=0.94
../../data/raw/train/88-800px-ONTARIO_1946_-LICENSE_PLATE_SHORTY_-VIP_-_Flickr_-_woody1778a_jpg.rf.e62e6987616291272160e1ff1616a610.jpg,box_suspiciously_large,WARN,rel_area=1.00
../../data/raw/train/CP_Blog_Image_2018_License_CLN_PWR_jpg.rf.d65cee94eb8f94deafd5d62b2ca47db2.jpg,box_out_of_bounds,WARN,box exceeds image bounds
../../data/raw/train/Can-20You-20Recognize-20These-20Famous-20Movie-20And-20TV_jpg.rf.a565ea42f35d893a9356ffa88bc5dda6.jpg,box_suspiciously_large,WARN,rel_area=1.00
../../data/raw/train/AURA1_jpg.rf.d16aa06d8da26d64a462c78e8131288e.jpg,box_tiny,WARN,rel_area=2.81e-04 (9x5px)
../../data/raw/train/AUDIZINE_jpg.rf.eb375517ccf2d0c4d3996965c9b442f5.jpg,box_tiny,WARN,rel_area=3.56e-04 (11x5px)
../../data/raw/train/80-1024px-1938_California_license_plate_4P_57_25_jpg.rf.6fd1c905c216c5a647402ab1f7bd94e9.jpg,box_suspiciously_large,WARN,rel_area=1.00
../../data/raw/train/A-20guide-20to-20Canada_s-20best_-20and-20most-20lame_-20lic_jpg.rf.e7e330f00655a33443124df47b987ae3.jpg,box_suspiciously_large,WARN,rel_area=0.92
../../data/raw/train/90-s-l400_jpg.rf.3491d17ac77214c9d48adddda5efa13c.jpg,box_out_of_bounds,WARN,box exceeds image bounds
../../data/raw/train/90-s-l640_jpg.rf.45de73eb12aa4a1d143782c85e58d147.jpg,box_suspiciously_large,WARN,rel_area=0.92
../../data/raw/train/92-800px-NETHERLANDS_1991_-PASSENGER_LICENSE_PLATE_FOR_AMERICAN_VEHICLE_-_Flickr_-_woody1778a_jpg.rf.103b753f029bec2149bd66746c4eb10b.jpg,box_suspiciously_large,WARN,rel_area=0.99
../../data/raw/train/93-s-l640_jpg.rf.e2c7ebedf450332067a29a53661c1f4d.jpg,box_out_of_bounds,WARN,box exceeds image bounds
../../data/raw/train/91-1200px-License_plate_of_Cuba_2002_tourism_T_36016_jpg.rf.fa7c4814cb781f76ee01a88638aa9b38.jpg,box_suspiciously_large,WARN,rel_area=1.00
../../data/raw/train/86-2801780b5a91c76ce45b05812a8924cb_jpg.rf.b1e97e4e77c30181010702cf0b179dd2.jpg,box_suspiciously_large,WARN,rel_area=1.00
../../data/raw/train/Best-20Electric-20Car-20License-20Plates-20-1-_jpg.rf.e5e3f56202b4aaa9701f4db8d3826a03.jpg,box_out_of_bounds,WARN,box exceeds image bounds
../../data/raw/train/81-800px-NEW_YORK_1980-86_LICENSE_PLATE_0000-AAA_FORMAT_-_Flickr_-_woody1778a_jpg.rf.b2b779396d4641feb4e36c006042ee68.jpg,box_suspiciously_large,WARN,rel_area=1.00
../../data/raw/train/88-800px-ONTARIO_1946_-LICENSE_PLATE_SHORTY_-VIP_-_Flickr_-_woody1778a_jpg.rf.8feb1329dd7362d97d2c38d8d694da1c.jpg,box_suspiciously_large,WARN,rel_area=1.00
../../data/raw/train/9-s-l400_jpg.rf.1ba891d9d4dd45122781a3391322a6ea.jpg,box_out_of_bounds,WARN,box exceeds image bounds
../../data/raw/train/9-s-l400_jpg.rf.1ba891d9d4dd45122781a3391322a6ea.jpg,box_out_of_bounds,WARN,box exceeds image bounds
../../data/raw/train/82-13cb66d366c0a1a28657c65d1175e63d_jpg.rf.52aba20309cee30f3f28facd4548adc1.jpg,box_suspiciously_large,WARN,rel_area=1.00
../../data/raw/train/Can-20You-20Recognize-20These-20Famous-20Movie-20And-20TV_jpg.rf.d9adf2efac0a00358223901842e97e6f.jpg,box_suspiciously_large,WARN,rel_area=1.00
../../data/raw/train/Car-20license-20plate-20canada-20hi-res-20stock-20photography-20a_jpg.rf.d366a7aa6ffec45fb5b1780a969e52af.jpg,box_out_of_bounds,WARN,box exceeds image bounds
../../data/raw/train/88-800px-ONTARIO_1946_-LICENSE_PLATE_SHORTY_-VIP_-_Flickr_-_woody1778a_jpg.rf.9641d0468843b8619562ec601413edbc.jpg,box_suspiciously_large,WARN,rel_area=1.00
../../data/raw/train/92-800px-NETHERLANDS_1991_-PASSENGER_LICENSE_PLATE_FOR_AMERICAN_VEHICLE_-_Flickr_-_woody1778a_jpg.rf.c1a9c63a60692318e8d5263854f18cf3.jpg,box_suspiciously_large,WARN,rel_area=1.00
../../data/raw/train/90-s-l640_jpg.rf.ed6411de8783a31452f007cc92f68245.jpg,box_suspiciously_large,WARN,rel_area=0.90
../../data/raw/train/8-s-l300_jpg.rf.1a236e90eeb844df884252b2416d51ae.jpg,box_out_of_bounds,WARN,box exceeds image bounds
../../data/raw/train/91-1200px-License_plate_of_Cuba_2002_tourism_T_36016_jpg.rf.10d10917b1de617fe040442b175fa682.jpg,box_suspiciously_large,WARN,rel_area=1.00
../../data/raw/train/80-1024px-1938_California_license_plate_4P_57_25_jpg.rf.cc843102a66b690151db371852597924.jpg,box_suspiciously_large,WARN,rel_area=0.97
../../data/raw/train/AURA1_jpg.rf.b5aaf4d4f368cd7789b1f34aeb2e7a8c.jpg,box_tiny,WARN,rel_area=3.63e-04 (9x6px)
../../data/raw/train/AUDIZINE_jpg.rf.98c50ec3ee6b6f705da9f1028be1d5a2.jpg,box_tiny,WARN,rel_area=3.36e-04 (11x5px)
../../data/raw/train/81-800px-NEW_YORK_1980-86_LICENSE_PLATE_0000-AAA_FORMAT_-_Flickr_-_woody1778a_jpg.rf.c5b1096890f5e6e8bded145712247618.jpg,box_suspiciously_large,WARN,rel_area=0.99
../../data/raw/train/A-20guide-20to-20Canada_s-20best_-20and-20most-20lame_-20lic_jpg.rf.bbe0c7317ccdbc5b743c9b36b1769c34.jpg,box_suspiciously_large,WARN,rel_area=1.00
../../data/raw/train/86-2801780b5a91c76ce45b05812a8924cb_jpg.rf.7d6e997d87f6847f3f8d83b51cdc0c06.jpg,box_suspiciously_large,WARN,rel_area=1.00
../../data/raw/train/Can-20You-20Recognize-20These-20Famous-20Movie-20And-20TV_jpg.rf.a22ff46a7f37647856b566d128bbd38b.jpg,box_suspiciously_large,WARN,rel_area=1.00
../../data/raw/train/88-800px-ONTARIO_1946_-LICENSE_PLATE_SHORTY_-VIP_-_Flickr_-_woody1778a_jpg.rf.6be51f6f9ecf4a4d2f6efa21a366e975.jpg,box_suspiciously_large,WARN,rel_area=1.00
../../data/raw/train/82-13cb66d366c0a1a28657c65d1175e63d_jpg.rf.f5e1df1fc5e40eb0506877e2994f9954.jpg,box_suspiciously_large,WARN,rel_area=1.00
../../data/raw/train/92-800px-NETHERLANDS_1991_-PASSENGER_LICENSE_PLATE_FOR_AMERICAN_VEHICLE_-_Flickr_-_woody1778a_jpg.rf.79ba7c3b154456ff81c0f52422ae19cd.jpg,box_suspiciously_large,WARN,rel_area=1.00
../../data/raw/train/91-1200px-License_plate_of_Cuba_2002_tourism_T_36016_jpg.rf.357db8a73e052c49564c0867aafe8923.jpg,box_suspiciously_large,WARN,rel_area=1.00
../../data/raw/train/A-20guide-20to-20Canada_s-20best_-20and-20most-20lame_-20lic_jpg.rf.8b44d0b6a2a90691de42c2afc2dbf605.jpg,box_suspiciously_large,WARN,rel_area=1.00
../../data/raw/train/Busted_-206-20common-20myths-20about-20automatic-20license-20plat_jpg.rf.a5a3f73fa4e8c662e605ff4c951e27b4.jpg,box_out_of_bounds,WARN,box exceeds image bounds
../../data/raw/train/AURA1_jpg.rf.91f0f6b3b1feacc774f37358d97903a5.jpg,box_tiny,WARN,rel_area=3.65e-04 (9x6px)
../../data/raw/train/AUDIZINE_jpg.rf.f8d71ccbdfb79f057bcade695bc03a09.jpg,box_tiny,WARN,rel_area=3.44e-04 (11x5px)
../../data/raw/train/Can-20You-20Recognize-20These-20Famous-20Movie-20And-20TV_jpg.rf.280b19e9e6c35be0cf1441ab9fb1c933.jpg,box_suspiciously_large,WARN,rel_area=1.00
../../data/raw/train/California-20Developed-20Stick-On-20License-20Plates_-20No-20Bumper_yy_png_jpg.rf.13f42493ca3da3eea83e8296e359d81f.jpg,box_out_of_bounds,WARN,box exceeds image bounds
../../data/raw/train/CarLongPlateGen3637_jpg.rf.f9c37d8b3326485043f9011698882e10.jpg,box_out_of_bounds,WARN,box exceeds image bounds
../../data/raw/train/88-800px-ONTARIO_1946_-LICENSE_PLATE_SHORTY_-VIP_-_Flickr_-_woody1778a_jpg.rf.a51b5eda4da84ce8c0343d077561954e.jpg,box_suspiciously_large,WARN,rel_area=1.00
../../data/raw/train/86-2801780b5a91c76ce45b05812a8924cb_jpg.rf.1741764ced439623a38b76108c8ad92d.jpg,box_suspiciously_large,WARN,rel_area=1.00
../../data/raw/train/A-20guide-20to-20Canada_s-20best_-20and-20most-20lame_-20lic_jpg.rf.fa04704ec2feced31b7fa42fe2dafd41.jpg,box_suspiciously_large,WARN,rel_area=0.99
../../data/raw/train/92-800px-NETHERLANDS_1991_-PASSENGER_LICENSE_PLATE_FOR_AMERICAN_VEHICLE_-_Flickr_-_woody1778a_jpg.rf.cf8955038ba6c09afc14512a30b91017.jpg,box_suspiciously_large,WARN,rel_area=0.99
../../data/raw/train/AUDIZINE_jpg.rf.ffa61b1a76e0d764402a019dc9220099.jpg,box_tiny,WARN,rel_area=3.79e-04 (11x5px)
../../data/raw/train/80-1024px-1938_California_license_plate_4P_57_25_jpg.rf.a1a9a4d62519f868b7f28ff2bc4876ac.jpg,box_suspiciously_large,WARN,rel_area=1.00
../../data/raw/train/81-800px-NEW_YORK_1980-86_LICENSE_PLATE_0000-AAA_FORMAT_-_Flickr_-_woody1778a_jpg.rf.bfea302a35acf9d6db5dda3e4d35235a.jpg,box_suspiciously_large,WARN,rel_area=1.00
../../data/raw/train/AURA1_jpg.rf.bc670ff687ee33dd0bc7082096bfc8e0.jpg,box_tiny,WARN,rel_area=3.61e-04 (9x6px)
../../data/raw/train/91-1200px-License_plate_of_Cuba_2002_tourism_T_36016_jpg.rf.eb46880e31a47f61ee3ddd5e6a50e4d9.jpg,box_suspiciously_large,WARN,rel_area=1.00
../../data/raw/train/B87GLA_jpg.rf.3557aa758fd52ec9d6ecb4605bc46b54.jpg,box_out_of_bounds,WARN,box exceeds image bounds
../../data/raw/train/Can-20You-20Recognize-20These-20Famous-20Movie-20And-20TV_jpg.rf.ca5bb0230dd3f3aede81f900fe6a86f1.jpg,box_suspiciously_large,WARN,rel_area=1.00
../../data/raw/train/82-13cb66d366c0a1a28657c65d1175e63d_jpg.rf.9901853b8879583f650b8eb72c35ec04.jpg,box_suspiciously_large,WARN,rel_area=1.00
../../data/raw/train/91-1200px-License_plate_of_Cuba_2002_tourism_T_36016_jpg.rf.03ea1963123ceb2b551fc9d7a2c467d1.jpg,box_suspiciously_large,WARN,rel_area=1.00
../../data/raw/train/AUDIZINE_jpg.rf.09c92ce5744b3419bef7f2955be2eeb6.jpg,box_tiny,WARN,rel_area=4.63e-04 (11x6px)
../../data/raw/train/AURA1_jpg.rf.dbc9816b4e7fd8fa20007fea188b36ab.jpg,box_tiny,WARN,rel_area=3.05e-04 (9x5px)
../../data/raw/train/92-800px-NETHERLANDS_1991_-PASSENGER_LICENSE_PLATE_FOR_AMERICAN_VEHICLE_-_Flickr_-_woody1778a_jpg.rf.cc0fe66e6f18f5fffe7f1770c8707458.jpg,box_suspiciously_large,WARN,rel_area=1.00
../../data/raw/train/A-20guide-20to-20Canada_s-20best_-20and-20most-20lame_-20lic_jpg.rf.e1c712a7707c89d9a520d9873e323f74.jpg,box_suspiciously_large,WARN,rel_area=0.90
../../data/raw/train/B87GLA_jpg.rf.524b6935f7450c4f549c5e123472a3db.jpg,box_out_of_bounds,WARN,box exceeds image bounds
../../data/raw/train/86-2801780b5a91c76ce45b05812a8924cb_jpg.rf.fb5634f14a9e3355c44d06a3aac7f5d8.jpg,box_suspiciously_large,WARN,rel_area=0.99
../../data/raw/train/88-800px-ONTARIO_1946_-LICENSE_PLATE_SHORTY_-VIP_-_Flickr_-_woody1778a_jpg.rf.d903902473642552b14cd930f1dd4fe3.jpg,box_suspiciously_large,WARN,rel_area=1.00
../../data/raw/train/93-s-l640_jpg.rf.889cd887f2729854456cb19806e83e30.jpg,box_out_of_bounds,WARN,box exceeds image bounds
../../data/raw/train/81-800px-NEW_YORK_1980-86_LICENSE_PLATE_0000-AAA_FORMAT_-_Flickr_-_woody1778a_jpg.rf.c335269131c97e26fc7208f12e2f98e4.jpg,box_suspiciously_large,WARN,rel_area=1.00
../../data/raw/train/80-1024px-1938_California_license_plate_4P_57_25_jpg.rf.6b4ce5336addae24c8298b485a9a895c.jpg,box_suspiciously_large,WARN,rel_area=1.00
../../data/raw/train/82-13cb66d366c0a1a28657c65d1175e63d_jpg.rf.3b08a8874f231f2a09cc253e8a643126.jpg,box_suspiciously_large,WARN,rel_area=0.98
../../data/raw/train/Can-20You-20Recognize-20These-20Famous-20Movie-20And-20TV_jpg.rf.a7b5a711e801bd492c3be8441232f00f.jpg,box_suspiciously_large,WARN,rel_area=1.00
../../data/raw/train/CarLongPlate601_jpg.rf.4e051d50ec87cde9a1a5770d7b5d4017.jpg,box_out_of_bounds,WARN,box exceeds image bounds
../../data/raw/train/CarLongPlateGen3683_jpg.rf.faea5b9d749a9ca07a1000dc7f69cce0.jpg,box_out_of_bounds,WARN,box exceeds image bounds
../../data/raw/train/81-800px-NEW_YORK_1980-86_LICENSE_PLATE_0000-AAA_FORMAT_-_Flickr_-_woody1778a_jpg.rf.1d2371045a2f337d6fac41461121073a.jpg,box_suspiciously_large,WARN,rel_area=1.00
../../data/raw/train/80-1024px-1938_California_license_plate_4P_57_25_jpg.rf.1e4bc0c2cae58812ebf652d13f943f16.jpg,box_suspiciously_large,WARN,rel_area=1.00
../../data/raw/train/88-800px-ONTARIO_1946_-LICENSE_PLATE_SHORTY_-VIP_-_Flickr_-_woody1778a_jpg.rf.87cf58be42011d7e782dfb6847bb6641.jpg,box_suspiciously_large,WARN,rel_area=1.00
../../data/raw/train/AURA1_jpg.rf.6d04cf90d49db1287973d9d02994b5f0.jpg,box_tiny,WARN,rel_area=2.83e-04 (9x5px)
../../data/raw/train/B87GLA_jpg.rf.26dc9ae60c1e4f3fb7595ab84ca1d2e8.jpg,box_out_of_bounds,WARN,box exceeds image bounds
../../data/raw/train/86-2801780b5a91c76ce45b05812a8924cb_jpg.rf.10b8b99679ee48366f1abf977f31afec.jpg,box_suspiciously_large,WARN,rel_area=1.00
../../data/raw/train/9-s-l400_jpg.rf.0f6b35df378a68bb6e6a541a26d45a1d.jpg,box_out_of_bounds,WARN,box exceeds image bounds
../../data/raw/train/9-s-l400_jpg.rf.0f6b35df378a68bb6e6a541a26d45a1d.jpg,box_out_of_bounds,WARN,box exceeds image bounds
../../data/raw/train/92-800px-NETHERLANDS_1991_-PASSENGER_LICENSE_PLATE_FOR_AMERICAN_VEHICLE_-_Flickr_-_woody1778a_jpg.rf.f3d13886489417fa694eebd7c193cc42.jpg,box_suspiciously_large,WARN,rel_area=1.00
../../data/raw/train/AUDIZINE_jpg.rf.62b696bac0542ec32e01d568d256a327.jpg,box_tiny,WARN,rel_area=4.47e-04 (11x6px)
../../data/raw/train/91-1200px-License_plate_of_Cuba_2002_tourism_T_36016_jpg.rf.44b2c1c693c2d30a08998fcbb5c3327d.jpg,box_suspiciously_large,WARN,rel_area=1.00
../../data/raw/train/A-20guide-20to-20Canada_s-20best_-20and-20most-20lame_-20lic_jpg.rf.62b81307b2f54232a20672c9a8d245ce.jpg,box_suspiciously_large,WARN,rel_area=1.00
../../data/raw/train/82-13cb66d366c0a1a28657c65d1175e63d_jpg.rf.e0d0cc1686feba0cc86115e51a9184ca.jpg,box_suspiciously_large,WARN,rel_area=1.00
../../data/raw/train/Can-20You-20Recognize-20These-20Famous-20Movie-20And-20TV_jpg.rf.c609c2b24f25a031d5b9e620edf62dc2.jpg,box_suspiciously_large,WARN,rel_area=1.00
../../data/raw/train/CarLongPlateGen1934_jpg.rf.560c69a7b7c2b50c3f42b3342522fb56.jpg,box_out_of_bounds,WARN,box exceeds image bounds
../../data/raw/train/CarLongPlateGen1949_jpg.rf.09ea2c4e88997fa9bfe4c1a37cf436f6.jpg,box_out_of_bounds,WARN,box exceeds image bounds
../../data/raw/train/CarLongPlateGen3637_jpg.rf.bfc1fd1abe7bd37d6c5f8185678bde5f.jpg,box_out_of_bounds,WARN,box exceeds image bounds
../../data/raw/train/AUDIZINE_jpg.rf.00c8bcb343a4417306b90684f22ae62c.jpg,box_tiny,WARN,rel_area=3.18e-04 (11x5px)
../../data/raw/train/AURA1_jpg.rf.531bf823673753796e4adeee092d4998.jpg,box_tiny,WARN,rel_area=2.60e-04 (9x5px)
../../data/raw/train/92-800px-NETHERLANDS_1991_-PASSENGER_LICENSE_PLATE_FOR_AMERICAN_VEHICLE_-_Flickr_-_woody1778a_jpg.rf.53945e0fddb8b818417e6c483b225852.jpg,box_suspiciously_large,WARN,rel_area=0.92
../../data/raw/train/Can-20You-20Recognize-20These-20Famous-20Movie-20And-20TV_jpg.rf.925e60834aadff874ed95002cb1a9d7d.jpg,box_suspiciously_large,WARN,rel_area=0.91
../../data/raw/train/CarLongPlate656_jpg.rf.c11d642cf7cbc58bb11952c4df72ee8f.jpg,box_out_of_bounds,WARN,box exceeds image bounds
../../data/raw/train/CarLongPlateGen1949_jpg.rf.d7b1e7d5d1991de3d0f1f01b36e07582.jpg,box_out_of_bounds,WARN,box exceeds image bounds
../../data/raw/train/CarLongPlateGen1976_jpg.rf.ddd250630f90e0034a244af8b4f2228f.jpg,box_out_of_bounds,WARN,box exceeds image bounds
../../data/raw/train/CarLongPlateGen1970_jpg.rf.0516513b899868392f7dd569d14f9fc1.jpg,box_out_of_bounds,WARN,box exceeds image bounds
../../data/raw/train/CarLongPlateGen1900_jpg.rf.b32cfa376a1dca63edb6d6f6e0051aa9.jpg,box_out_of_bounds,WARN,box exceeds image bounds
../../data/raw/train/CarLongPlateGen3638_jpg.rf.a452583a59033e36d855a33af08c14b1.jpg,box_out_of_bounds,WARN,box exceeds image bounds
../../data/raw/train/CarLongPlateGen3679_jpg.rf.a12db2a0d80f1062f80fc2dea247c63c.jpg,box_out_of_bounds,WARN,box exceeds image bounds
../../data/raw/train/CarLongPlate538_jpg.rf.1e60cc57cee049f0f869715371fa36d8.jpg,box_out_of_bounds,WARN,box exceeds image bounds
../../data/raw/train/CarLongPlateGen3683_jpg.rf.5b4bb55c2b9297e3d076d69dac8ba57b.jpg,box_out_of_bounds,WARN,box exceeds image bounds
../../data/raw/train/xemay1657_jpg.rf.04b335d9200bfe1f466839671532eec4.jpg,box_out_of_bounds,WARN,box exceeds image bounds
../../data/raw/train/CarLongPlate818_jpg.rf.ff5877aa1e2a828d2f37f1a5fffd0221.jpg,box_out_of_bounds,WARN,box exceeds image bounds
../../data/raw/train/CarLongPlateGen2179_jpg.rf.e9cb3c611bc1ef6c223b9af80a812487.jpg,box_out_of_bounds,WARN,box exceeds image bounds
../../data/raw/train/CarLongPlateGen2179_jpg.rf.20ff85672c54d4ca13cddb9ae4c58865.jpg,box_out_of_bounds,WARN,box exceeds image bounds
../../data/raw/train/CarLongPlateGen3696_jpg.rf.2c4bf9ea2574f985acfd0c99ada2e4fa.jpg,box_out_of_bounds,WARN,box exceeds image bounds
../../data/raw/train/CarLongPlateGen3750_jpg.rf.544ce37a7723b3f955b27668a3e9aa88.jpg,box_out_of_bounds,WARN,box exceeds image bounds
../../data/raw/train/CarLongPlateGen2186_jpg.rf.e3e78e0575aeaa28caa2dfc64b7d00a6.jpg,box_out_of_bounds,WARN,box exceeds image bounds
../../data/raw/train/CarLongPlateGen2166_jpg.rf.5159f0d1160d34f983ba8f92f21c8e47.jpg,box_out_of_bounds,WARN,box exceeds image bounds
../../data/raw/train/CarLongPlateGen3158_jpg.rf.ca11c047b5a4ba44e8d3fe007676440b.jpg,box_out_of_bounds,WARN,box exceeds image bounds
../../data/raw/train/CarLongPlateGen3157_jpg.rf.a6a2ddbb84b82f7deea68878af116d7e.jpg,box_out_of_bounds,WARN,box exceeds image bounds
../../data/raw/train/CarLongPlateGen2166_jpg.rf.1ec3385c8b5253a8ac300eb310d4c0d2.jpg,box_out_of_bounds,WARN,box exceeds image bounds
../../data/raw/train/CarLongPlateGen3157_jpg.rf.d73622ba3ef57aefbcbdbd98ce30a475.jpg,box_out_of_bounds,WARN,box exceeds image bounds
../../data/raw/train/26-cdmx2016mc3_jpg.rf.885454a611ff64756a306ca79150b90b.jpg,box_suspiciously_large,WARN,rel_area=1.00
../../data/raw/train/27-PLACA-GUERR_jpg.rf.e716cffd1b7c70c11018182f61e1cf9a.jpg,box_suspiciously_large,WARN,rel_area=1.00
../../data/raw/train/27-cdmx2019a_jpg.rf.4169637a0f4d34e89e3008b074856e28.jpg,box_suspiciously_large,WARN,rel_area=1.00
../../data/raw/train/30-1024px-1963_Texas_license_plate_jpg.rf.52660ec0b95daa8fee0cdf35626b7afa.jpg,box_suspiciously_large,WARN,rel_area=1.00
../../data/raw/train/28-license-plate_3052_jpg.rf.2244bb209f41a00ae704da49df0b1483.jpg,box_suspiciously_large,WARN,rel_area=1.00
../../data/raw/train/CarLongPlateGen3157_jpg.rf.a8b69cdecdf466f6366aa92b066dc08c.jpg,box_out_of_bounds,WARN,box exceeds image bounds
../../data/raw/train/26-cdmx2016mc3_jpg.rf.50a0dfb5c4f188814666943f1875cc56.jpg,box_suspiciously_large,WARN,rel_area=1.00
../../data/raw/train/4-D_Q_NP_771917-MLM26259169217_102017-Q_jpg.rf.d80cf04e1443349bcc785108d14bd07a.jpg,box_out_of_bounds,WARN,box exceeds image bounds
../../data/raw/train/4-cdmx2019_jpg.rf.9062ad99e966b12a30edb00c814d0700.jpg,box_suspiciously_large,WARN,rel_area=1.00
../../data/raw/train/37-cdmx2020bus-b_jpg.rf.37e8bc6dcd166f16b3ff37028951c53e.jpg,box_suspiciously_large,WARN,rel_area=0.94
../../data/raw/train/32-GRO-GZW-Auto-Mar-Escudo_jpg.rf.8d9251428ae12f037f64e3ce2617f6ee.jpg,box_suspiciously_large,WARN,rel_area=1.00
../../data/raw/train/27-cdmx2019a_jpg.rf.20ee9c4fe03455817701335bbb8ca732.jpg,box_suspiciously_large,WARN,rel_area=1.00
../../data/raw/train/36-s-l400_jpg.rf.9056722ea0be4d6d94c011e681d67e09.jpg,box_suspiciously_large,WARN,rel_area=1.00
../../data/raw/train/38-placa-guerrero-92_jpg.rf.aa9ebdf2d176e2ea48e2d1eb5db89f07.jpg,box_suspiciously_large,WARN,rel_area=1.00
../../data/raw/train/27-cdmx2019a_jpg.rf.25845a1df0f0d20d3b1ed600fa57366e.jpg,box_suspiciously_large,WARN,rel_area=1.00
../../data/raw/train/40-800px-Mpumalanga_license_plate_jpg.rf.fa5ca7b09a950d0927b45a0374058d4a.jpg,box_suspiciously_large,WARN,rel_area=0.99
../../data/raw/train/27-PLACA-GUERR_jpg.rf.42ca1d0a24154d661b040525fcb12305.jpg,box_suspiciously_large,WARN,rel_area=1.00
../../data/raw/train/28-license-plate_3052_jpg.rf.19e5661e2fdde259d972268494b4ecda.jpg,box_suspiciously_large,WARN,rel_area=1.00
../../data/raw/train/40-placa-guerrero-00_jpg.rf.6545e21049c474c7c8539be19b05d32d.jpg,box_out_of_bounds,WARN,box exceeds image bounds
../../data/raw/train/40-placa-guerrero-00_jpg.rf.6545e21049c474c7c8539be19b05d32d.jpg,box_suspiciously_large,WARN,rel_area=1.00
../../data/raw/train/34-s-l300_jpg.rf.f3d3773aa75e06d71cad4787865d6a74.jpg,box_suspiciously_large,WARN,rel_area=1.00
../../data/raw/train/48-1200px-License_plate_Vietnam_Hanoi_jpg.rf.86c4afebefa04ffe26c128402dcaf3bd.jpg,box_suspiciously_large,WARN,rel_area=0.91
../../data/raw/train/35-CDMX_17_580x-2x_jpg.rf.0ab69ba2dd9cab15f1f75f3858f5702f.jpg,box_suspiciously_large,WARN,rel_area=1.00
../../data/raw/train/5-s-l400_jpg.rf.89898c949a84d651cbf7143a2f121f70.jpg,box_suspiciously_large,WARN,rel_area=0.98
../../data/raw/train/27-PLACA-GUERR_jpg.rf.02d6e2278c3ec90de419bf463ecef1f5.jpg,box_suspiciously_large,WARN,rel_area=1.00
../../data/raw/train/27-PLACA-GUERR_jpg.rf.5bf094e09a57b2c57ec989e672194869.jpg,box_suspiciously_large,WARN,rel_area=1.00
../../data/raw/train/30-1024px-1963_Texas_license_plate_jpg.rf.9fb4fa2cbbe1361c6d39fffca5d69aec.jpg,box_suspiciously_large,WARN,rel_area=1.00
../../data/raw/train/36-License-Plate-IL-NDXVI_jpg.rf.dee57d1231a539665c020a9f85f8e947.jpg,box_suspiciously_large,WARN,rel_area=0.99
../../data/raw/train/28-license-plate_3052_jpg.rf.3e7a737b6a42deccf44aa9cbb841c2c4.jpg,box_suspiciously_large,WARN,rel_area=1.00
../../data/raw/train/26-cdmx2016mc3_jpg.rf.e3f498f0a926b8d04d0747f3468a6112.jpg,box_suspiciously_large,WARN,rel_area=1.00
../../data/raw/train/27-cdmx2019a_jpg.rf.40fc83020aa442d561b3eb6b0fdb06d2.jpg,box_suspiciously_large,WARN,rel_area=1.00
../../data/raw/train/26-cdmx2016mc3_jpg.rf.cdeacb8580ab2a385495890d58ef42dd.jpg,box_suspiciously_large,WARN,rel_area=1.00
../../data/raw/train/26-cdmx2016mc3_jpg.rf.4bbb19a894307a4d2140d93f11920eb3.jpg,box_suspiciously_large,WARN,rel_area=1.00
../../data/raw/train/8-s-l300_jpg.rf.38c22a7ef56f3e592a3cd3c2c60eeb7f.jpg,box_out_of_bounds,WARN,box exceeds image bounds
../../data/raw/train/27-cdmx2019a_jpg.rf.05ee5f2c87371de2e21ed7d311667cef.jpg,box_suspiciously_large,WARN,rel_area=1.00
../../data/raw/train/27-PLACA-GUERR_jpg.rf.08ffc9fa1171940012080a0bed31c143.jpg,box_suspiciously_large,WARN,rel_area=1.00
../../data/raw/train/30-1024px-1963_Texas_license_plate_jpg.rf.0d68bffc0f1fff2d2409b370ebf413e3.jpg,box_suspiciously_large,WARN,rel_area=1.00
../../data/raw/train/81-800px-NEW_YORK_1980-86_LICENSE_PLATE_0000-AAA_FORMAT_-_Flickr_-_woody1778a_jpg.rf.811dc4407ca960daaf97dca6987e94fc.jpg,box_suspiciously_large,WARN,rel_area=0.94
../../data/raw/train/80-1024px-1938_California_license_plate_4P_57_25_jpg.rf.3d8402d1fc4af0af117be195ee0f1709.jpg,box_suspiciously_large,WARN,rel_area=1.00
../../data/raw/train/88-800px-ONTARIO_1946_-LICENSE_PLATE_SHORTY_-VIP_-_Flickr_-_woody1778a_jpg.rf.2fb47d26ee8e0475cecbff8e2fdab4b9.jpg,box_suspiciously_large,WARN,rel_area=1.00
../../data/raw/train/30-1024px-1963_Texas_license_plate_jpg.rf.b924fa48a4112e02f039aac31d9d40e9.jpg,box_suspiciously_large,WARN,rel_area=1.00
../../data/raw/train/9-s-l400_jpg.rf.5bbf3d0f5ce16dbbcaf0f32f3d6bee47.jpg,box_out_of_bounds,WARN,box exceeds image bounds
../../data/raw/train/28-license-plate_3052_jpg.rf.a07b8d25f3a75259128674337db5f94d.jpg,box_suspiciously_large,WARN,rel_area=1.00
../../data/raw/train/86-2801780b5a91c76ce45b05812a8924cb_jpg.rf.a81b45273f67237c6bfeef814f204725.jpg,box_suspiciously_large,WARN,rel_area=1.00
../../data/raw/train/90-s-l400_jpg.rf.2600dded5f7e439e0c2d0c2d5089894b.jpg,box_suspiciously_large,WARN,rel_area=0.90
../../data/raw/train/81-800px-NEW_YORK_1980-86_LICENSE_PLATE_0000-AAA_FORMAT_-_Flickr_-_woody1778a_jpg.rf.781aa5283573907182bc6265c0ac4d6e.jpg,box_suspiciously_large,WARN,rel_area=1.00
../../data/raw/train/92-800px-NETHERLANDS_1991_-PASSENGER_LICENSE_PLATE_FOR_AMERICAN_VEHICLE_-_Flickr_-_woody1778a_jpg.rf.93ccc13a6d0601634727878d6c2d2a2d.jpg,box_suspiciously_large,WARN,rel_area=1.00
../../data/raw/train/80-1024px-1938_California_license_plate_4P_57_25_jpg.rf.f01811a8b5d57084ee7855089bbc03e2.jpg,box_suspiciously_large,WARN,rel_area=0.96
../../data/raw/train/93-s-l640_jpg.rf.281d7f340cb619f5e08e295ecc6fb3fe.jpg,box_out_of_bounds,WARN,box exceeds image bounds
../../data/raw/train/82-13cb66d366c0a1a28657c65d1175e63d_jpg.rf.870c4a13e5f06611eb160470a01bf858.jpg,box_suspiciously_large,WARN,rel_area=1.00
../../data/raw/train/A-20guide-20to-20Canada_s-20best_-20and-20most-20lame_-20lic_jpg.rf.18f16e819edadbc7566e234e5b4e9dc9.jpg,box_suspiciously_large,WARN,rel_area=0.97
../../data/raw/train/AUDIZINE_jpg.rf.34c7f1683b4b8beecb5db4689362d41f.jpg,box_tiny,WARN,rel_area=3.29e-04 (11x5px)
../../data/raw/train/91-1200px-License_plate_of_Cuba_2002_tourism_T_36016_jpg.rf.92f7684691ed87725f861983833c5b01.jpg,box_suspiciously_large,WARN,rel_area=0.97
../../data/raw/train/82-13cb66d366c0a1a28657c65d1175e63d_jpg.rf.f3a04811e740506d7c66986329727ce2.jpg,box_suspiciously_large,WARN,rel_area=1.00
../../data/raw/train/How-20to-20Transfer-20Your-20License-20Plate-20Number-20From_yyth_jpg.rf.6718e36313c8e95da89fd08128d87ed7.jpg,box_suspiciously_large,WARN,rel_area=0.93
../../data/raw/train/Here_s-20why-20you_re-20seeing-20those-20black-20and-20yellow_yyt_jpg.rf.adbabef5650358aff893da8ede407188.jpg,box_suspiciously_large,WARN,rel_area=0.91
../../data/raw/train/Here_s-20why-20you_re-20seeing-20those-20black-20and-20yellow_yyt_jpg.rf.1bb0f0b479d30d70a0eaddd70989432c.jpg,box_suspiciously_large,WARN,rel_area=0.93
../../data/raw/train/How-20To-20Keep-20Your-20License-20Plate-20When-20Selling_jpg.rf.1b32b498252f3cc0b11fdb81b8280bf1.jpg,box_out_of_bounds,WARN,box exceeds image bounds
../../data/raw/train/How-20to-20Transfer-20Your-20License-20Plate-20Number-20From_yyth_jpg.rf.b6f28a2d6422a804ef89029e176c8405.jpg,box_suspiciously_large,WARN,rel_area=0.94
../../data/raw/train/How-20to-20Transfer-20Your-20License-20Plate-20Number-20From_yyth_jpg.rf.df0442bf48f02418564af040f725014d.jpg,box_suspiciously_large,WARN,rel_area=0.91
../../data/raw/train/How-20To-20Keep-20Your-20License-20Plate-20When-20Selling_jpg.rf.f0167b5c96cc57d9d365f9f09ff819a0.jpg,box_out_of_bounds,WARN,box exceeds image bounds
../../data/raw/train/00009e5b390986a0_jpg.rf.a63cfb46c6a81c588cfbf2e570a76cad.jpg,box_tiny,WARN,rel_area=1.46e-04 (8x12px)
../../data/raw/train/CarLongPlateGen1851_jpg.rf.a6f4fda6ff60e6b7b2ea76594778e05f.jpg,box_out_of_bounds,WARN,box exceeds image bounds
../../data/raw/train/CarLongPlateGen1853_jpg.rf.012890d762bc93ef65b6fa2cf223a98f.jpg,box_out_of_bounds,WARN,box exceeds image bounds
../../data/raw/train/CarLongPlateGen1866_jpg.rf.52e1cd963b5ddf9a045401349955264a.jpg,box_out_of_bounds,WARN,box exceeds image bounds
../../data/raw/train/CarLongPlateGen1866_jpg.rf.0fbb706f6bb9c596e9459dd14dcc9d93.jpg,box_out_of_bounds,WARN,box exceeds image bounds
../../data/raw/train/CarLongPlateGen1853_jpg.rf.6c7f5b135cb1f2a4d5daf025e6e232a5.jpg,box_out_of_bounds,WARN,box exceeds image bounds
../../data/raw/train/CarLongPlateGen1807_jpg.rf.4bb25077596de6505c512948155a13fd.jpg,box_out_of_bounds,WARN,box exceeds image bounds
../../data/raw/train/CarLongPlate838_jpg.rf.171164377aab7eebf9af5a7d35ec5edf.jpg,box_out_of_bounds,WARN,box exceeds image bounds
../../data/raw/train/CarLongPlate835_jpg.rf.461855bca2f4ea37829f2c338c50131e.jpg,box_out_of_bounds,WARN,box exceeds image bounds
../../data/raw/train/CarLongPlate793_jpg.rf.6202ed0d71f2a5a6e85ebb3848462409.jpg,box_out_of_bounds,WARN,box exceeds image bounds
../../data/raw/train/CarLongPlate845_jpg.rf.b2eb6d244271e6e9a6df254763b730c8.jpg,box_out_of_bounds,WARN,box exceeds image bounds
../../data/raw/train/CarLongPlate846_jpg.rf.a825d7f7e312f298847b32274086d72b.jpg,box_out_of_bounds,WARN,box exceeds image bounds
../../data/raw/train/CarLongPlate818_jpg.rf.c5ae34584475e0f92ac84e0fcd6fbd92.jpg,box_out_of_bounds,WARN,box exceeds image bounds
../../data/raw/train/CarLongPlate845_jpg.rf.b6935ffd5fe76b1efce49320781c018c.jpg,box_out_of_bounds,WARN,box exceeds image bounds
../../data/raw/train/CarLongPlate838_jpg.rf.87a3abc447bc435b0d568bfda7286e4e.jpg,box_out_of_bounds,WARN,box exceeds image bounds
../../data/raw/train/0015ed86d644a332_jpg.rf.1256f610dad53dd206756d59abd048d6.jpg,box_tiny,WARN,rel_area=4.91e-04 (20x17px)
../../data/raw/train/CarLongPlateGen1848_jpg.rf.0d863a5330eaf6b8b33ad5bb8e644edf.jpg,box_out_of_bounds,WARN,box exceeds image bounds
../../data/raw/train/003a9e99a2753141_jpg.rf.c5a4745c8581600e0fd499688b93b066.jpg,box_out_of_bounds,WARN,box exceeds image bounds
../../data/raw/train/pic_229_jpg.rf.d88e66fda92475399056d64501a1190a.jpg,box_out_of_bounds,WARN,box exceeds image bounds
../../data/raw/train/pic_253_jpg.rf.b1e00b3eacbe47ac0308d58d5f9b5370.jpg,box_out_of_bounds,WARN,box exceeds image bounds
../../data/raw/train/quandoi110_jpg.rf.431fdba0f9dab41bbacb98857b2f4b45.jpg,box_out_of_bounds,WARN,box exceeds image bounds
../../data/raw/train/pic_757_jpg.rf.36b58b85a7f3dcbc1dd377b39d051ae4.jpg,box_suspiciously_large,WARN,rel_area=1.00
../../data/raw/train/pic_757_jpg.rf.fefc92ba992a4c51e6908dfce2256dee.jpg,box_suspiciously_large,WARN,rel_area=0.91
../../data/raw/train/pic_229_jpg.rf.c1bfc895d91161d4900e1c90cc75b8ab.jpg,box_tiny,WARN,rel_area=2.86e-04 (4x12px)
../../data/raw/train/pic_763_jpg.rf.8325fb1479eaa2419f3a20e836d186bd.jpg,box_out_of_bounds,WARN,box exceeds image bounds
../../data/raw/train/pic_757_jpg.rf.00dacc453f7f378c5fd60a1cfaccdf47.jpg,box_suspiciously_large,WARN,rel_area=0.98
../../data/raw/train/pic_757_jpg.rf.5e94a54927750c4d5cc3fe1acc6917fb.jpg,box_suspiciously_large,WARN,rel_area=0.92
../../data/raw/train/pic_763_jpg.rf.87b7447d82260413a1116882e0f571ca.jpg,box_out_of_bounds,WARN,box exceeds image bounds
../../data/raw/train/pic_757_jpg.rf.108eb2b1a4e7bdb9b0973e0e1bbabcfe.jpg,box_suspiciously_large,WARN,rel_area=0.93
../../data/raw/train/pic_757_jpg.rf.c7474c133e0c6a8de115722d7673ba69.jpg,box_suspiciously_large,WARN,rel_area=0.90
../../data/raw/train/pic_757_jpg.rf.3a2c83242f43265fd229e3e4e49b7f0f.jpg,box_suspiciously_large,WARN,rel_area=0.96
../../data/raw/train/pic_757_jpg.rf.b9f484ffd20fb9916a0300afe8f7ae5d.jpg,box_suspiciously_large,WARN,rel_area=0.91
../../data/raw/train/pic_755_jpg.rf.10780746c70b2d041beccecf41b1a22b.jpg,box_out_of_bounds,WARN,box exceeds image bounds
../../data/raw/train/CarLongPlateGen3776_jpg.rf.7e57a079328908a6adf06975796ab82e.jpg,box_out_of_bounds,WARN,box exceeds image bounds
../../data/raw/train/rotatequandoi66_jpg.rf.cea99c01118917c6567b3a20fc4c51b8.jpg,box_out_of_bounds,WARN,box exceeds image bounds
../../data/raw/train/vintagevehicle_png_jpg.rf.e5a97cf7f19d8ee4046f67e013d17fff.jpg,box_suspiciously_large,WARN,rel_area=1.00
../../data/raw/train/rotatequandoi74_jpg.rf.4fc2563854c93f64dc379a65c9709aee.jpg,box_out_of_bounds,WARN,box exceeds image bounds
../../data/raw/train/vintagevehicle_png_jpg.rf.1aae637a919066184209a075ae758275.jpg,box_suspiciously_large,WARN,rel_area=1.00
../../data/raw/train/CarLongPlateGen3178_jpg.rf.d600424a560c62e98424b38fef4ba12f.jpg,box_out_of_bounds,WARN,box exceeds image bounds
../../data/raw/train/sdplates1-1-e1607367357982_jpg.rf.6a76fc6b3b7bed6413507ca4ac5055b8.jpg,box_out_of_bounds,WARN,box exceeds image bounds
../../data/raw/train/CarLongPlate845_jpg.rf.9162eb9514b8afd714e636b7041d2038.jpg,box_out_of_bounds,WARN,box exceeds image bounds
../../data/raw/train/rotatequandoi4_jpg.rf.10343c480b20eb577f1cbc3cb236a11d.jpg,box_tiny,WARN,rel_area=4.86e-04 (26x11px)
../../data/raw/train/vintagevehicle_png_jpg.rf.02b4af536f6372aed6225ab3f9f20ea4.jpg,box_suspiciously_large,WARN,rel_area=1.00
../../data/raw/train/rotatequandoi63_jpg.rf.fd6350ff7641420cb45693ffe6163417.jpg,box_out_of_bounds,WARN,box exceeds image bounds
../../data/raw/train/CarLongPlateGen3771_jpg.rf.99e21e9291d2d8174eadbf99f934641b.jpg,box_out_of_bounds,WARN,box exceeds image bounds
../../data/raw/train/CarLongPlateGen3730_jpg.rf.4b965358c41ab1bafe4f418d69d25b62.jpg,box_out_of_bounds,WARN,box exceeds image bounds
../../data/raw/train/vintagevehicle_png_jpg.rf.7e42408e3d2d5a91174b0259bdcd9bb6.jpg,box_suspiciously_large,WARN,rel_area=1.00
../../data/raw/train/CarLongPlateGen3168_jpg.rf.09dca4b1d52075173c01e5bbf10ee71a.jpg,box_out_of_bounds,WARN,box exceeds image bounds
../../data/raw/train/27-cdmx2019a_jpg.rf.90005d70d03423dc857ad6b74a084e17.jpg,box_suspiciously_large,WARN,rel_area=1.00
../../data/raw/train/5-s-l400_jpg.rf.25a427dedb157ead6cd2f6a2202ad4d7.jpg,box_suspiciously_large,WARN,rel_area=1.00
../../data/raw/train/52-gro2012b_jpg.rf.9a8740f647f4c897a09cee392f197567.jpg,box_suspiciously_large,WARN,rel_area=1.00
../../data/raw/train/58-51yfoj4IkpL-__AC_SX300_QL70_ML2__jpg.rf.0de34eb378790ddc44775ed4172e5088.jpg,box_suspiciously_large,WARN,rel_area=1.00
../../data/raw/train/26-cdmx2016mc3_jpg.rf.0ef1e52171ab9fa91eb523fa95c1697e.jpg,box_suspiciously_large,WARN,rel_area=0.99
../../data/raw/train/58-3940557986_fc46880e47_jpg.rf.d9c5e2b6f626d448575bdeaef35391fb.jpg,box_suspiciously_large,WARN,rel_area=0.99
../../data/raw/train/3-D_NQ_NP_862473-MLM31170298229_062019-W_jpg.rf.e4bc53e3ccb261ccad640689ab7b0458.jpg,box_out_of_bounds,WARN,box exceeds image bounds
../../data/raw/train/27-PLACA-GUERR_jpg.rf.734b5f71911e7b42c2873476d243f1cc.jpg,box_suspiciously_large,WARN,rel_area=1.00
../../data/raw/train/55-placa-guerrero-03_jpg.rf.c7da624b8bbcc2170bc8f5c66f58302b.jpg,box_suspiciously_large,WARN,rel_area=1.00
../../data/raw/train/30-1024px-1963_Texas_license_plate_jpg.rf.a4e6b601cb02bd5cfd876138da3b34f9.jpg,box_suspiciously_large,WARN,rel_area=0.99
../../data/raw/train/56-800px-1950_Indiana_license_plate_jpg.rf.4125b4a53791aef04e3421eb9007a9c3.jpg,box_suspiciously_large,WARN,rel_area=1.00
../../data/raw/train/48-1200px-License_plate_Vietnam_Hanoi_jpg.rf.c81463a4b62763a4ff2db209e63cf677.jpg,box_suspiciously_large,WARN,rel_area=1.00
../../data/raw/train/32-GRO-GZW-Auto-Mar-Escudo_jpg.rf.9f8d2f9a3d54527b0fe610b78adc3a9d.jpg,box_suspiciously_large,WARN,rel_area=1.00
../../data/raw/train/50706323978_e21effc0bf_b_jpeg_jpg.rf.15712bda9bfef7829bbf69d031162d56.jpg,box_suspiciously_large,WARN,rel_area=0.93
../../data/raw/train/36-s-l400_jpg.rf.50cf28f98222fcb46b0995a7de2b9f57.jpg,box_suspiciously_large,WARN,rel_area=0.95
../../data/raw/train/36-License-Plate-IL-NDXVI_jpg.rf.a2305090734f0c680a32ea8acd9791f8.jpg,box_suspiciously_large,WARN,rel_area=0.99
../../data/raw/train/28-license-plate_3052_jpg.rf.bbf5d92824636b33aa5fd3d04da8d282.jpg,box_suspiciously_large,WARN,rel_area=1.00
../../data/raw/train/37-cdmx2020bus-b_jpg.rf.42e97aaba396c38c7e777429aec9b281.jpg,box_suspiciously_large,WARN,rel_area=1.00
../../data/raw/train/38-placa-guerrero-92_jpg.rf.2b288d8f7f2bfd26f6a36e769267b2e9.jpg,box_out_of_bounds,WARN,box exceeds image bounds
../../data/raw/train/38-placa-guerrero-92_jpg.rf.2b288d8f7f2bfd26f6a36e769267b2e9.jpg,box_suspiciously_large,WARN,rel_area=1.00
../../data/raw/train/4-cdmx2019_jpg.rf.b7882d6f6b03d6b7910cfef93997a7e8.jpg,box_suspiciously_large,WARN,rel_area=1.00
../../data/raw/train/40-800px-Mpumalanga_license_plate_jpg.rf.ff176aeec598e10051380100ef9dfbd0.jpg,box_suspiciously_large,WARN,rel_area=1.00
../../data/raw/train/34-s-l300_jpg.rf.63164e6b6254095b6425b4734496661a.jpg,box_suspiciously_large,WARN,rel_area=1.00
../../data/raw/train/70-5117602976_af2ebe15ef_z_jpg.rf.9f6fa0f5078fccbbec37e389a457fce6.jpg,box_suspiciously_large,WARN,rel_area=0.96
../../data/raw/train/40-placa-guerrero-00_jpg.rf.8e156c470a7fbc6957ca7a12e487b8d0.jpg,box_suspiciously_large,WARN,rel_area=1.00
../../data/raw/train/66-800px-1977_Pennsylvania_license_plate_D97-950_jpg.rf.ddd68beb77a4aaec717f4e86478976a6.jpg,box_suspiciously_large,WARN,rel_area=1.00
../../data/raw/train/35-CDMX_17_580x-2x_jpg.rf.ef18e8f3a2b86aa4cde15501f32e3301.jpg,box_suspiciously_large,WARN,rel_area=1.00
../../data/raw/train/67-800px-ILLINOIS_1962_LICENSE_PLATE_282-662_-_Flickr_-_woody1778a_jpg.rf.82afdabc8244d84a54492a31fde9251b.jpg,box_suspiciously_large,WARN,rel_area=0.99
../../data/raw/train/63-s-l1000_jpg.rf.61b12e49d094b3cf7ba8038b6a9cabc9.jpg,box_suspiciously_large,WARN,rel_area=1.00
../../data/raw/train/74-85a70f99aa15dae003949bae404792c4_jpg.rf.8507d2734fdf87302b6cc100debb56af.jpg,box_suspiciously_large,WARN,rel_area=0.97
../../data/raw/train/78-640px-1994_Virginia_license_plate_RYW-115_jpg.rf.a7171a1380ade6e511aa670c10556952.jpg,box_suspiciously_large,WARN,rel_area=1.00
../../data/raw/train/75-800px-1963_Louisiana_license_plate_16-2C000lb_tractor_jpg.rf.3a911eebad88c24e2a763f989ea6b1fb.jpg,box_suspiciously_large,WARN,rel_area=1.00
../../data/raw/train/77-800px-2000s_Egyptian_license_plate_jpg.rf.b134d1ed09e1d189d1e2d05c5bf98f29.jpg,box_suspiciously_large,WARN,rel_area=1.00
../../data/raw/train/79-1024px-1937_Minnesota-2C_USA-2C_license_plate_jpg.rf.ff162400afb279404b06799b36d80462.jpg,box_suspiciously_large,WARN,rel_area=1.00
../../data/raw/train/71-640px-NY_license_plate_54111ME_commercial_jpg.rf.28d9dd937e4ff13491fed56c2f2a5ff8.jpg,box_suspiciously_large,WARN,rel_area=0.99
../../data/raw/train/72-640px-1937_Arizona_License_Plate_jpg.rf.b5b2c9b53f2fe0781a06861a0f8d207e.jpg,box_suspiciously_large,WARN,rel_area=1.00
../../data/raw/train/70-gro2015taxi_jpg.rf.b1298b58b291213e023c2a1ff1866319.jpg,box_suspiciously_large,WARN,rel_area=1.00
../../data/raw/train/CarLongPlateGen2667_jpg.rf.d6e5403f2fdb27b1abe386059bc8755c.jpg,box_out_of_bounds,WARN,box exceeds image bounds
../../data/raw/train/boderquandoi3_jpg.rf.345af26c169acc662a5ae1741b86929b.jpg,box_tiny,WARN,rel_area=4.68e-04 (24x13px)
../../data/raw/train/boderquandoi3_jpg.rf.345af26c169acc662a5ae1741b86929b.jpg,box_tiny,WARN,rel_area=2.30e-04 (17x9px)
../../data/raw/train/boderquandoi3_jpg.rf.345af26c169acc662a5ae1741b86929b.jpg,box_tiny,WARN,rel_area=2.17e-04 (18x8px)
../../data/raw/train/CarLongPlateGen2632_jpg.rf.1f248df4eff31407b2eaf6f266a99c64.jpg,box_out_of_bounds,WARN,box exceeds image bounds
../../data/raw/train/boderquandoi4_jpg.rf.fb626a17df7d61505ceb01af097b336a.jpg,box_tiny,WARN,rel_area=3.67e-04 (18x13px)
../../data/raw/train/CarLongPlateGen2606_jpg.rf.e682ef085461be4da7dadb82d83211ef.jpg,box_out_of_bounds,WARN,box exceeds image bounds
../../data/raw/train/CarLongPlateGen2616_jpg.rf.69fa738f2531cde23cf12f6b3fb78b4a.jpg,box_out_of_bounds,WARN,box exceeds image bounds
../../data/raw/train/CarLongPlateGen3028_jpg.rf.7c887852e5d4156b9bcd421868ffdc56.jpg,box_out_of_bounds,WARN,box exceeds image bounds
../../data/raw/train/19-gro8283_jpg.rf.418a42a3ce08ca1d5249ef9e39a5d3b7.jpg,box_suspiciously_large,WARN,rel_area=1.00
../../data/raw/train/18-71EAMA2gJUL-_AC_SX450__jpg.rf.d4c767340b9cc1f1b987e4ee9e5adba6.jpg,box_suspiciously_large,WARN,rel_area=1.00
../../data/raw/train/17-gro2018_jpg.rf.73ceb94c7a58e14e056b02520ce7574a.jpg,box_suspiciously_large,WARN,rel_area=1.00
../../data/raw/train/19-cdmx2016rem_jpg.rf.b241a9d6a2083e079d40ec9b8d70309b.jpg,box_suspiciously_large,WARN,rel_area=1.00
../../data/raw/train/19-GRO-GY-99-999-Carga_jpg.rf.de5d892cf463754d4f2b2d70f85fa81d.jpg,box_suspiciously_large,WARN,rel_area=1.00
../../data/raw/train/22-placa-guerrero-06_jpg.rf.941130bdbc321cf50cd11af070f60546.jpg,box_suspiciously_large,WARN,rel_area=1.00
../../data/raw/train/23-cdmx2017trk_jpg.rf.b294e0082c0b1296f0e88fba58068d41.jpg,box_suspiciously_large,WARN,rel_area=1.00
../../data/raw/train/1649292507304_jpg.rf.04833c91d26dd8bdfc613ded16379b46.jpg,box_suspiciously_large,WARN,rel_area=1.00
../../data/raw/train/1649292507298_jpg.rf.fa536089b6acf15dfce940eef06d361e.jpg,box_suspiciously_large,WARN,rel_area=1.00
../../data/raw/train/1649292507300_jpg.rf.4f5a8d430c591a92d76acdd42242827c.jpg,box_suspiciously_large,WARN,rel_area=0.99
../../data/raw/train/20-gro2015_jpg.rf.f48ffc4432d85db71a35918e6da92a42.jpg,box_suspiciously_large,WARN,rel_area=0.98
../../data/raw/train/14-cdmx2016aa_jpg.rf.8f9c78b5e78b4f88a5d70cff6d42cdb1.jpg,box_suspiciously_large,WARN,rel_area=1.00
../../data/raw/train/2-s-l640_jpg.rf.05e0e1fdcd41ce3871b93675e2964631.jpg,box_out_of_bounds,WARN,box exceeds image bounds
../../data/raw/train/23-PLACA-IMG3222-GUERR-Nueva-HFX_jpg.rf.631867e59d1d5aa09d5d5ad77a6ad966.jpg,box_suspiciously_large,WARN,rel_area=1.00
../../data/raw/train/13-cdmx2017pol-mc_jpg.rf.d38553c868b69b81f5d4c04332a88efc.jpg,box_suspiciously_large,WARN,rel_area=1.00
../../data/raw/train/24-GRO-HAP-Mar-tenue_jpg.rf.20a75c81b686053c5e9b05508b1b93cd.jpg,box_suspiciously_large,WARN,rel_area=0.97
../../data/raw/train/16-cdmx2020bus-a_jpg.rf.1f0cfff6e318f7bc10a9842d931d9771.jpg,box_suspiciously_large,WARN,rel_area=0.95
../../data/raw/train/17-cdmx2017policia-t_jpg.rf.06262d93f362f380a2ffa809cd5710d3.jpg,box_suspiciously_large,WARN,rel_area=1.00
../../data/raw/train/21-Placa-2BGUERRERO-2BAutomovil-2BHCK-99-99-2BGuerrero-2BCumple-2BClavado-2BLa-2BQuebrada_jpg.rf.96e642f86b507b1e061cbd14d76c959c.jpg,box_suspiciously_large,WARN,rel_area=1.00
../../data/raw/train/15-cdmx2017eco_jpg.rf.401c241986a92e338c57d43849b4589f.jpg,box_suspiciously_large,WARN,rel_area=1.00
../../data/raw/train/1649292507310_jpg.rf.2e0c5ba56338046a78f4014976566c99.jpg,box_suspiciously_large,WARN,rel_area=0.98
../../data/raw/train/1649292507330_jpg.rf.8a768cd1e2e4af9c48ce9e1fe2240f99.jpg,box_suspiciously_large,WARN,rel_area=1.00
../../data/raw/train/14-GRO-HEZ_jpg.rf.aa1fd2e2eba0d9ed8014b5be030575a9.jpg,box_suspiciously_large,WARN,rel_area=1.00
../../data/raw/train/1649292507311_jpg.rf.25fa06cf17eb12b1a19687d930b8d5d9.jpg,box_suspiciously_large,WARN,rel_area=1.00
../../data/raw/train/1649292507311_png_jpg.rf.35e4e85e96a7b9b9e58133e4571222af.jpg,box_suspiciously_large,WARN,rel_area=0.93
../../data/raw/train/16-Placa-2BGuerrero-2BServicio-2BPublico-2B999999E_jpg.rf.229c871fb5ca07c2b454702278d0d96c.jpg,box_suspiciously_large,WARN,rel_area=1.00
../../data/raw/train/1633449297103_png_jpg.rf.d08b0106f895213c3b2ef04a4bafee0d.jpg,box_suspiciously_large,WARN,rel_area=1.00
../../data/raw/train/1649292507316_jpg.rf.6d9dd87a1f023efe2d556e4c8734cd6d.jpg,box_out_of_bounds,WARN,box exceeds image bounds
../../data/raw/train/1649292507324_jpg.rf.da544e112d161140611f9bfc0e2e0547.jpg,box_suspiciously_large,WARN,rel_area=1.00
../../data/raw/train/boderquandoi4_jpg.rf.b04253374b3ab977b042905fe2c3041d.jpg,box_tiny,WARN,rel_area=3.69e-04 (18x13px)
../../data/raw/train/22-Placfa-extraviada_jpg.rf.de725ae74d11c71de5e5ec3ce4eacb8f.jpg,box_out_of_bounds,WARN,box exceeds image bounds
../../data/raw/train/22-Placfa-extraviada_jpg.rf.de725ae74d11c71de5e5ec3ce4eacb8f.jpg,box_suspiciously_large,WARN,rel_area=0.98
../../data/raw/train/boderquandoi3_jpg.rf.54ad660b3f01fdcb4a7156fb24e2166c.jpg,box_tiny,WARN,rel_area=2.53e-04 (17x9px)
../../data/raw/train/boderquandoi3_jpg.rf.54ad660b3f01fdcb4a7156fb24e2166c.jpg,box_tiny,WARN,rel_area=2.38e-04 (18x8px)
../../data/raw/train/CarLongPlateGen3118_jpg.rf.a7abb010278ed8fa475f0b654c6ad06a.jpg,box_out_of_bounds,WARN,box exceeds image bounds
../../data/raw/train/Cars19_png_jpg.rf.bd2cd9040bff2baa7b8673b9d13eefb3.jpg,box_out_of_bounds,WARN,box exceeds image bounds
../../data/raw/train/boderquandoi3_jpg.rf.67a99fff7ac6d70bc1dbe5fba594db83.jpg,box_tiny,WARN,rel_area=4.79e-04 (24x13px)
../../data/raw/train/boderquandoi3_jpg.rf.67a99fff7ac6d70bc1dbe5fba594db83.jpg,box_tiny,WARN,rel_area=2.35e-04 (17x9px)
../../data/raw/train/boderquandoi3_jpg.rf.67a99fff7ac6d70bc1dbe5fba594db83.jpg,box_tiny,WARN,rel_area=2.21e-04 (18x8px)
../../data/raw/train/13-cdmx2017pol-mc_jpg.rf.1c6bec46e2907616a6ec80da425d8cb5.jpg,box_suspiciously_large,WARN,rel_area=0.99
../../data/raw/train/14-cdmx2016aa_jpg.rf.ff27218709e1b16f58a1d2a9b4609d52.jpg,box_suspiciously_large,WARN,rel_area=1.00
../../data/raw/train/14-GRO-HEZ_jpg.rf.f93ede47af7686e6f401bf94a9eefdef.jpg,box_suspiciously_large,WARN,rel_area=1.00
../../data/raw/train/23-cdmx2017trk_jpg.rf.aff54f71ceb0cefbfce2a5a7ce51b0fd.jpg,box_suspiciously_large,WARN,rel_area=1.00
../../data/raw/train/22-placa-guerrero-06_jpg.rf.31b1edb73eb8a893e89e55c4d8ee92c9.jpg,box_suspiciously_large,WARN,rel_area=1.00
../../data/raw/train/1649292507304_jpg.rf.cfc3cc7a49529aa80af5df0e187d3cfa.jpg,box_suspiciously_large,WARN,rel_area=1.00
../../data/raw/train/15-cdmx2017eco_jpg.rf.f105a5eba01aae74e479f93867af0d0b.jpg,box_suspiciously_large,WARN,rel_area=0.99
../../data/raw/train/16-Placa-2BGuerrero-2BServicio-2BPublico-2B999999E_jpg.rf.52c8aacf20a273af0a6b1233632f8ff5.jpg,box_suspiciously_large,WARN,rel_area=1.00
../../data/raw/train/1649292507330_jpg.rf.1afacdcbd8fbaaed5c05a194f654b7f4.jpg,box_suspiciously_large,WARN,rel_area=1.00
../../data/raw/train/16-cdmx2020bus-a_jpg.rf.08c0c9d411a4ec66fb517ed74e51c48c.jpg,box_suspiciously_large,WARN,rel_area=0.99
../../data/raw/train/18-71EAMA2gJUL-_AC_SX450__jpg.rf.1589704334d7f1ab41f2a349795b8157.jpg,box_suspiciously_large,WARN,rel_area=0.97
../../data/raw/train/17-gro2018_jpg.rf.90869dc3ffbd80415bd4f908af713ad6.jpg,box_suspiciously_large,WARN,rel_area=1.00
../../data/raw/train/20-gro2015_jpg.rf.a338aa560f8098d9c5335c7bbfb5dc31.jpg,box_suspiciously_large,WARN,rel_area=1.00
../../data/raw/train/17-cdmx2017policia-t_jpg.rf.fd5ed59408dfb921cc0c738c4df555b2.jpg,box_suspiciously_large,WARN,rel_area=1.00
../../data/raw/train/2-s-l640_jpg.rf.1720b3a215e1adb92c75beca4c872f6b.jpg,box_out_of_bounds,WARN,box exceeds image bounds
../../data/raw/train/pic_639_jpg.rf.a9175e1a7f451bc2726b27cb9e54dd49.jpg,box_out_of_bounds,WARN,box exceeds image bounds
../../data/raw/train/1633449297103_png_jpg.rf.6c8c1b776bb0b123f7007d172cf379fb.jpg,box_suspiciously_large,WARN,rel_area=1.00
../../data/raw/train/CarLongPlateGen3028_jpg.rf.efacc8ec9b6d646219663386838f288b.jpg,box_out_of_bounds,WARN,box exceeds image bounds
../../data/raw/train/19-gro8283_jpg.rf.6fc476b92b15436cf458ba31ca185d30.jpg,box_suspiciously_large,WARN,rel_area=0.93
../../data/raw/train/21-Placa-2BGUERRERO-2BAutomovil-2BHCK-99-99-2BGuerrero-2BCumple-2BClavado-2BLa-2BQuebrada_jpg.rf.e36a55338e70c050ed98a66bf54f0565.jpg,box_suspiciously_large,WARN,rel_area=1.00
../../data/raw/train/1649292507324_jpg.rf.e2321f59e6e53ee017a5baf5bbd4a64c.jpg,box_suspiciously_large,WARN,rel_area=1.00
../../data/raw/train/23-PLACA-IMG3222-GUERR-Nueva-HFX_jpg.rf.626716bbc76a5fe60679a3052324bdb1.jpg,box_suspiciously_large,WARN,rel_area=1.00
../../data/raw/train/1649292507311_jpg.rf.c4c17542ea3f5e4a46f30ac3794a82c3.jpg,box_suspiciously_large,WARN,rel_area=1.00
../../data/raw/train/19-GRO-GY-99-999-Carga_jpg.rf.19636d52422817ce6158bbe2907755e4.jpg,box_suspiciously_large,WARN,rel_area=1.00
../../data/raw/train/CarLongPlateGen3148_jpg.rf.72e0d39ab520c6113626f9f66a25663e.jpg,box_out_of_bounds,WARN,box exceeds image bounds
../../data/raw/train/19-cdmx2016rem_jpg.rf.c3e2907ec91a324712e2ccd58380b32c.jpg,box_suspiciously_large,WARN,rel_area=0.99
../../data/raw/train/boderquandoi4_jpg.rf.a5d2c2d23d441923753e7a688b05de8a.jpg,box_tiny,WARN,rel_area=4.42e-04 (19x15px)
../../data/raw/train/CarLongPlateGen3013_jpg.rf.d270fe6f1f9d91cae1d4d13c8b266d52.jpg,box_out_of_bounds,WARN,box exceeds image bounds
../../data/raw/train/24-GRO-HAP-Mar-tenue_jpg.rf.ac59be488ebe7cade306b4ef0a1ea67e.jpg,box_out_of_bounds,WARN,box exceeds image bounds
../../data/raw/train/24-GRO-HAP-Mar-tenue_jpg.rf.ac59be488ebe7cade306b4ef0a1ea67e.jpg,box_suspiciously_large,WARN,rel_area=1.00
../../data/raw/train/22-Placfa-extraviada_jpg.rf.fc6a31ffd08aafed743221b7b6b32402.jpg,box_suspiciously_large,WARN,rel_area=0.92
../../data/raw/train/boderquandoi4_jpg.rf.cfb3ab751fce7600c1e6d4073b7017e0.jpg,box_tiny,WARN,rel_area=3.72e-04 (18x13px)
../../data/raw/train/CarLongPlateGen2998_jpg.rf.351f7bd66b88174a150f58d39c7f2dde.jpg,box_out_of_bounds,WARN,box exceeds image bounds
../../data/raw/train/boderquandoi3_jpg.rf.1257d796e1b63083f21e0b543a7a2d30.jpg,box_tiny,WARN,rel_area=3.67e-04 (18x12px)
../../data/raw/train/boderquandoi3_jpg.rf.1257d796e1b63083f21e0b543a7a2d30.jpg,box_tiny,WARN,rel_area=3.55e-04 (19x11px)
../../data/raw/train/pic_544_jpg.rf.d8da2e3c8a3ea6aaaeebbe0a727e9c5f.jpg,box_tiny,WARN,rel_area=4.24e-04 (13x5px)
../../data/raw/train/CarLongPlateGen2506_jpg.rf.5e89ad2b00a40debe01dac4f890a55a4.jpg,box_out_of_bounds,WARN,box exceeds image bounds
../../data/raw/train/1649292507324_jpg.rf.5ee8a82a9cdb35f47eebf7c74b107acb.jpg,box_suspiciously_large,WARN,rel_area=1.00
../../data/raw/train/1649292507330_jpg.rf.aefc4738d68a15af850c48318202bc66.jpg,box_suspiciously_large,WARN,rel_area=1.00
../../data/raw/train/1649292507304_jpg.rf.8735836a472dc92b317a52c51067138e.jpg,box_suspiciously_large,WARN,rel_area=1.00
../../data/raw/train/1649292507300_jpg.rf.bc544edb4d8216c00c9fa507a1291506.jpg,box_suspiciously_large,WARN,rel_area=0.98
../../data/raw/train/13-cdmx2017pol-mc_jpg.rf.336d2c288c0f57f4df0c2a9839eb49da.jpg,box_suspiciously_large,WARN,rel_area=1.00
../../data/raw/train/17-gro2018_jpg.rf.ae12aa0de1754aba137c9c2aadecb683.jpg,box_suspiciously_large,WARN,rel_area=1.00
../../data/raw/train/CarLongPlateGen2517_jpg.rf.912bb637db76e246851185fb5866b92b.jpg,box_out_of_bounds,WARN,box exceeds image bounds
../../data/raw/train/17-cdmx2017policia-t_jpg.rf.f2f1762ecc38406b8943d0e77a7934d3.jpg,box_suspiciously_large,WARN,rel_area=1.00
../../data/raw/train/20-gro2015_jpg.rf.0164be6b5e07c96fda5c96b46369e9cf.jpg,box_suspiciously_large,WARN,rel_area=1.00
../../data/raw/train/19-cdmx2016rem_jpg.rf.2b2816a0f223e444996bfe314b800378.jpg,box_suspiciously_large,WARN,rel_area=1.00
../../data/raw/train/1633449297103_png_jpg.rf.9e51017300e5b694ad97cfa26272a27c.jpg,box_suspiciously_large,WARN,rel_area=1.00
../../data/raw/train/14-cdmx2016aa_jpg.rf.c4b619391cf8e292e2eebd54822ee319.jpg,box_suspiciously_large,WARN,rel_area=1.00
../../data/raw/train/19-GRO-GY-99-999-Carga_jpg.rf.a88b84a89b715d80f2e28e9694dc23fb.jpg,box_suspiciously_large,WARN,rel_area=0.99
../../data/raw/train/19-gro8283_jpg.rf.f0d482a4e871a58e3a0c28e5b5fb23d4.jpg,box_suspiciously_large,WARN,rel_area=1.00
../../data/raw/train/15-cdmx2017eco_jpg.rf.17368fc52a0570067b3a9014fd94b9d7.jpg,box_suspiciously_large,WARN,rel_area=1.00
../../data/raw/train/1649292507311_jpg.rf.02725b34967cb3eba302a3807786341c.jpg,box_suspiciously_large,WARN,rel_area=1.00
../../data/raw/train/18-71EAMA2gJUL-_AC_SX450__jpg.rf.4d1941adb219d75ff7d0c8caf01ad8c0.jpg,box_suspiciously_large,WARN,rel_area=1.00
../../data/raw/train/22-placa-guerrero-06_jpg.rf.c9793df8ee9f0d90d66f2febd631816e.jpg,box_suspiciously_large,WARN,rel_area=1.00
../../data/raw/train/16-Placa-2BGuerrero-2BServicio-2BPublico-2B999999E_jpg.rf.c040dc9701b3c4744dd25490e44c5ffe.jpg,box_suspiciously_large,WARN,rel_area=1.00
../../data/raw/train/16-cdmx2020bus-a_jpg.rf.dc72ea650faf0d9f2204be2084e91eaa.jpg,box_suspiciously_large,WARN,rel_area=1.00
../../data/raw/train/CarLongPlateGen3028_jpg.rf.652ddad485f5aa86c2b62b27c0f07d0e.jpg,box_out_of_bounds,WARN,box exceeds image bounds
../../data/raw/train/CarLongPlateGen2576_jpg.rf.5fe8ba88524727784b53862dcf0ac8cd.jpg,box_out_of_bounds,WARN,box exceeds image bounds
../../data/raw/train/14-GRO-HEZ_jpg.rf.6dc1c10d49a7a86d8cac59bde7906ef1.jpg,box_suspiciously_large,WARN,rel_area=1.00
../../data/raw/train/CarLongPlateGen2516_jpg.rf.de865d81fbae677039a7950c4e2197fd.jpg,box_out_of_bounds,WARN,box exceeds image bounds
../../data/raw/train/21-Placa-2BGUERRERO-2BAutomovil-2BHCK-99-99-2BGuerrero-2BCumple-2BClavado-2BLa-2BQuebrada_jpg.rf.9323d7dbd12141c3d0d06a257cf17c73.jpg,box_suspiciously_large,WARN,rel_area=0.99
../../data/raw/train/CarLongPlate750_jpg.rf.1800aecd29a3ac6ecbd17fd2df1c0271.jpg,box_out_of_bounds,WARN,box exceeds image bounds
../../data/raw/train/CarLongPlateGen2483_jpg.rf.a588e170b7de6bd883a93989a4fdd33e.jpg,box_out_of_bounds,WARN,box exceeds image bounds
../../data/raw/train/CarLongPlateGen2596_jpg.rf.8063d7ea764f73ab48be7b017c2056e3.jpg,box_out_of_bounds,WARN,box exceeds image bounds
../../data/raw/train/pic_538_jpg.rf.1196163568b0a3c49300874a93e68932.jpg,box_out_of_bounds,WARN,box exceeds image bounds
../../data/raw/train/23-PLACA-IMG3222-GUERR-Nueva-HFX_jpg.rf.9f2408373fed7cf853146f35470a4b85.jpg,box_suspiciously_large,WARN,rel_area=1.00
../../data/raw/train/23-cdmx2017trk_jpg.rf.2d588a64aa963c18ca9e9d2f8ae1feae.jpg,box_suspiciously_large,WARN,rel_area=1.00
../../data/raw/train/24-GRO-HAP-Mar-tenue_jpg.rf.1a49dab0d40ccd62addc0b00ca7bdd4e.jpg,box_suspiciously_large,WARN,rel_area=1.00
../../data/raw/train/22-Placfa-extraviada_jpg.rf.7c788d310ab11b25e2920788a5c9c64c.jpg,box_suspiciously_large,WARN,rel_area=0.99
../../data/raw/train/CarLongPlate769_jpg.rf.e0a72ac0fb5e5750b056b3cc4df284c7.jpg,box_out_of_bounds,WARN,box exceeds image bounds
../../data/raw/train/pic_385_jpg.rf.16936b1b1db16927a283f4b33638c4ee.jpg,box_out_of_bounds,WARN,box exceeds image bounds
../../data/raw/train/CarLongPlateGen2479_jpg.rf.88f56856cd5613bdaa6f9f30ba72cbbb.jpg,box_out_of_bounds,WARN,box exceeds image bounds
../../data/raw/train/CarLongPlate733_jpg.rf.66e948e42220226189c0771a8d297dba.jpg,box_out_of_bounds,WARN,box exceeds image bounds
../../data/raw/train/CarLongPlateGen2478_jpg.rf.8a75fbf77d93d8320e111d18281bfa7b.jpg,box_out_of_bounds,WARN,box exceeds image bounds
../../data/raw/train/CarLongPlateGen2297_jpg.rf.2d1ea4b5ce430500962b00541b07ed39.jpg,box_out_of_bounds,WARN,box exceeds image bounds
../../data/raw/train/CarLongPlateGen2576_jpg.rf.02d0d786f5ab543310486f83efa39b1d.jpg,box_out_of_bounds,WARN,box exceeds image bounds
../../data/raw/train/CarLongPlateGen2471_jpg.rf.5537ff3571d435da74aea7c3b866055c.jpg,box_out_of_bounds,WARN,box exceeds image bounds
../../data/raw/train/xemay874_jpg.rf.14f0084a52b0838523f0f5d6c78e77bb.jpg,box_out_of_bounds,WARN,box exceeds image bounds
../../data/raw/train/CarLongPlate230_jpg.rf.cfef8bc283bdf8a61466bf03e04408de.jpg,box_out_of_bounds,WARN,box exceeds image bounds
../../data/raw/train/CarLongPlateGen2545_jpg.rf.b341a79859dea7f155dd5ab650158e27.jpg,box_out_of_bounds,WARN,box exceeds image bounds
../../data/raw/train/CarLongPlateGen2324_jpg.rf.29e4659ea6abb47dc2e5d29e9b89a8ff.jpg,box_out_of_bounds,WARN,box exceeds image bounds
../../data/raw/train/CarLongPlateGen2533_jpg.rf.45207221966524dd962e698bcf8897c7.jpg,box_out_of_bounds,WARN,box exceeds image bounds
../../data/raw/train/Get-20a-20green-20licence-20plate-20_-20Ontario-ca_jpg.rf.53866389fb81675ecda32d6980a0c3af.jpg,box_suspiciously_large,WARN,rel_area=0.98
../../data/raw/train/pic_538_jpg.rf.b8137b8bcd265383fcdd4b0dbbae0702.jpg,box_suspiciously_large,WARN,rel_area=0.91
../../data/raw/train/pic_544_jpg.rf.ff594e8f6c481f7923a91506717ddbbb.jpg,box_tiny,WARN,rel_area=4.34e-04 (13x5px)
../../data/raw/train/DRS507_jpg.rf.f4592cd0db52ac65634aaa2be8bd552c.jpg,box_tiny,WARN,rel_area=3.29e-04 (11x5px)
../../data/raw/train/DRS507_jpg.rf.f4592cd0db52ac65634aaa2be8bd552c.jpg,box_tiny,WARN,rel_area=3.58e-04 (10x6px)
../../data/raw/train/CarLongPlate733_jpg.rf.d3669374560b6eaabc8b44c490617937.jpg,box_out_of_bounds,WARN,box exceeds image bounds
../../data/raw/train/pic_493_jpg.rf.9cdc25eb665afd913b7de28794937cea.jpg,box_out_of_bounds,WARN,box exceeds image bounds
../../data/raw/train/Florida_Antique_car_license_plate_jpg.rf.d9aaa5ae347b360ba00b9ad467dd78b2.jpg,box_suspiciously_large,WARN,rel_area=1.00
../../data/raw/train/CarLongPlate750_jpg.rf.3ccb43f94975ad10bf81fc56f9fb2a71.jpg,box_out_of_bounds,WARN,box exceeds image bounds
../../data/raw/train/CarLongPlate769_jpg.rf.d2f12e8325281d7170cf0d2a7b65dac1.jpg,box_out_of_bounds,WARN,box exceeds image bounds
../../data/raw/train/Get-20a-20green-20licence-20plate-20_-20Ontario-ca_jpg.rf.7bef1395b9ce5c1ea49f6292ca4505f4.jpg,box_suspiciously_large,WARN,rel_area=1.00
../../data/raw/train/pic_580_jpg.rf.520aec935b535f10f05d3daae8408d44.jpg,box_out_of_bounds,WARN,box exceeds image bounds
../../data/raw/train/DRS507_jpg.rf.c98ae92d7d5c12a4255669eb046d0973.jpg,box_tiny,WARN,rel_area=3.41e-04 (11x5px)
../../data/raw/train/Get-20a-20green-20licence-20plate-20_-20Ontario-ca_jpg.rf.ed7620df16064c271cb4f4ec8a61f225.jpg,box_suspiciously_large,WARN,rel_area=1.00
../../data/raw/train/Florida_Antique_car_license_plate_jpg.rf.a9fc6e2ba1e39c04fbbacaba7726b936.jpg,box_suspiciously_large,WARN,rel_area=1.00
../../data/raw/train/DRS507_jpg.rf.db37c3cd20ed28162ab8b00ca6b117a2.jpg,box_tiny,WARN,rel_area=3.48e-04 (11x5px)
../../data/raw/train/DRS507_jpg.rf.db37c3cd20ed28162ab8b00ca6b117a2.jpg,box_tiny,WARN,rel_area=1.27e-04 (4x5px)
../../data/raw/train/Get-20a-20green-20licence-20plate-20_-20Ontario-ca_jpg.rf.d2993405087be9d70eacdad92b19b81e.jpg,box_suspiciously_large,WARN,rel_area=1.00
../../data/raw/train/Florida_Antique_car_license_plate_jpg.rf.9ca9092584f378a53300eee2852b9942.jpg,box_suspiciously_large,WARN,rel_area=1.00
../../data/raw/train/Get-20a-20green-20licence-20plate-20_-20Ontario-ca_jpg.rf.4066daab684bcf5ad4d36d72d9db03fe.jpg,box_suspiciously_large,WARN,rel_area=1.00
../../data/raw/train/Florida_Antique_car_license_plate_jpg.rf.d9c9cdd8ae29a65c86f15f2366780a2b.jpg,box_suspiciously_large,WARN,rel_area=1.00
../../data/raw/train/GettyImages-144070297_jpg.rf.b5594d0ddbe927f961e1e402051ce0b0.jpg,box_out_of_bounds,WARN,box exceeds image bounds
../../data/raw/train/Get-20a-20green-20licence-20plate-20_-20Ontario-ca_jpg.rf.006d2a3cc44a241d6acf57904d71d7ce.jpg,box_suspiciously_large,WARN,rel_area=1.00
../../data/raw/train/DRS507_jpg.rf.49390f282045a4c4d7bcd28764195131.jpg,box_tiny,WARN,rel_area=2.68e-04 (11x4px)
../../data/raw/train/DRS507_jpg.rf.49390f282045a4c4d7bcd28764195131.jpg,box_tiny,WARN,rel_area=2.13e-04 (7x5px)
../../data/raw/train/DRS507_jpg.rf.79abc6a8136778f2a227838ee616fb16.jpg,box_tiny,WARN,rel_area=3.36e-04 (11x5px)
../../data/raw/train/DRS507_jpg.rf.79abc6a8136778f2a227838ee616fb16.jpg,box_tiny,WARN,rel_area=1.06e-04 (3x6px)
../../data/raw/train/pic_538_jpg.rf.5480e5899a1790bc9133d337cb392e14.jpg,box_out_of_bounds,WARN,box exceeds image bounds
../../data/raw/train/Florida_Antique_car_license_plate_jpg.rf.21a84a3b27ca54f8c8ed348feec11e72.jpg,box_suspiciously_large,WARN,rel_area=1.00
../../data/raw/train/pic_544_jpg.rf.17d53584a35f62412931f37e9d8fa731.jpg,box_tiny,WARN,rel_area=3.63e-04 (13x5px)
../../data/raw/train/pic_538_jpg.rf.cffae7f8a73c00590bf5a230251559c1.jpg,box_out_of_bounds,WARN,box exceeds image bounds
../../data/raw/train/pic_538_jpg.rf.cffae7f8a73c00590bf5a230251559c1.jpg,box_suspiciously_large,WARN,rel_area=0.91
../../data/raw/train/Cars76_png_jpg.rf.63c65f066540285033497340e8c45cb3.jpg,box_out_of_bounds,WARN,box exceeds image bounds
../../data/raw/train/pic_580_jpg.rf.d0744357af0b0232f6d10812296d3969.jpg,box_out_of_bounds,WARN,box exceeds image bounds
../../data/raw/train/CarLongPlateGen2312_jpg.rf.29f4df2905954fc67be5338bfcad3f63.jpg,box_out_of_bounds,WARN,box exceeds image bounds
../../data/raw/train/Florida_Antique_car_license_plate_jpg.rf.c6a690b6723c2006656e4d4bbe25b505.jpg,box_suspiciously_large,WARN,rel_area=1.00
../../data/raw/train/Cars44_png_jpg.rf.55fa5103f7c45f3b35e1264a303c559d.jpg,box_out_of_bounds,WARN,box exceeds image bounds
../../data/raw/train/DRS507_jpg.rf.647a46c5548509125eb6555d50a288b0.jpg,box_tiny,WARN,rel_area=3.32e-04 (11x5px)
../../data/raw/train/DRS507_jpg.rf.647a46c5548509125eb6555d50a288b0.jpg,box_tiny,WARN,rel_area=7.16e-05 (2x6px)
../../data/raw/train/Get-20a-20green-20licence-20plate-20_-20Ontario-ca_jpg.rf.358e5e6dc2808b30c72a5b0f30f8f859.jpg,box_suspiciously_large,WARN,rel_area=1.00
../../data/raw/train/DRS507_jpg.rf.1b9dd2f2490d3e005691d2ccc1076cdc.jpg,box_tiny,WARN,rel_area=3.59e-04 (11x5px)
../../data/raw/train/quandoi94_jpg.rf.383a776a780f7c9ffed7756d7a627d66.jpg,box_tiny,WARN,rel_area=4.46e-04 (12x11px)
../../data/raw/train/pic_538_jpg.rf.4a48c497ae7c6dfb800b232c202e61f4.jpg,box_out_of_bounds,WARN,box exceeds image bounds
../../data/raw/train/DRS507_jpg.rf.1590fd20490f8ea372b08a4c45475c6c.jpg,box_tiny,WARN,rel_area=3.06e-04 (11x4px)
../../data/raw/train/DRS507_jpg.rf.1590fd20490f8ea372b08a4c45475c6c.jpg,box_tiny,WARN,rel_area=2.75e-04 (8x5px)
../../data/raw/train/quandoi80_jpg.rf.36971b150b9c7acc3474f831f0582a71.jpg,box_out_of_bounds,WARN,box exceeds image bounds
../../data/raw/train/Florida_Antique_car_license_plate_jpg.rf.6fa1c054a6e7834448ccfaa286aff6b1.jpg,box_suspiciously_large,WARN,rel_area=1.00
../../data/raw/train/Get-20a-20green-20licence-20plate-20_-20Ontario-ca_jpg.rf.16a058b3d28cab064efca519b2a65dac.jpg,box_suspiciously_large,WARN,rel_area=0.97
../../data/raw/train/Florida_Antique_car_license_plate_jpg.rf.95480cbb1697bec7077e3bd847c4a21b.jpg,box_suspiciously_large,WARN,rel_area=1.00
../../data/raw/train/DRS507_jpg.rf.5404b96fa6120b43287e925ee49f47f2.jpg,box_tiny,WARN,rel_area=4.17e-04 (11x6px)
../../data/raw/train/DRS507_jpg.rf.5404b96fa6120b43287e925ee49f47f2.jpg,box_tiny,WARN,rel_area=3.78e-04 (10x6px)
../../data/raw/train/Florida_Antique_car_license_plate_jpg.rf.fd382d87d7e28fa324cf68fc32ac57c3.jpg,box_suspiciously_large,WARN,rel_area=0.97
../../data/raw/train/Florida_Antique_car_license_plate_jpg.rf.1c7c6b69c0ceae7091a2ec44ac2d9ab2.jpg,box_suspiciously_large,WARN,rel_area=1.00
../../data/raw/train/Cars87_png_jpg.rf.682ab6935cdec8756233756ede525351.jpg,box_out_of_bounds,WARN,box exceeds image bounds
../../data/raw/train/DRS507_jpg.rf.b84c78faa1b624c7c569cdf780c38409.jpg,box_tiny,WARN,rel_area=2.54e-04 (11x4px)
../../data/raw/train/DRS507_jpg.rf.b84c78faa1b624c7c569cdf780c38409.jpg,box_tiny,WARN,rel_area=3.47e-04 (12x5px)
../../data/raw/train/Get-20a-20green-20licence-20plate-20_-20Ontario-ca_jpg.rf.397ccc6c89330df896dab451356ed88b.jpg,box_suspiciously_large,WARN,rel_area=0.98
../../data/raw/train/Get-20a-20green-20licence-20plate-20_-20Ontario-ca_jpg.rf.75962b9185bb9f35c97f77bfcb78acdd.jpg,box_suspiciously_large,WARN,rel_area=0.96
../../data/raw/train/Cars75_png_jpg.rf.321af32d2cab138978d98446be42c0cc.jpg,box_tiny,WARN,rel_area=4.87e-04 (9x5px)
../../data/raw/train/Cars75_png_jpg.rf.3df45d39a268a89c3b9b3e921c4b598f.jpg,box_tiny,WARN,rel_area=4.54e-04 (9x5px)
../../data/raw/train/quandoi59_jpg.rf.74900f89b5154b6460147c1ba0cef80a.jpg,box_tiny,WARN,rel_area=4.45e-04 (17x13px)
../../data/raw/train/CarLongPlateGen1732_jpg.rf.6006ec2e9eae6fd6cafb91a31d7c52fb.jpg,box_out_of_bounds,WARN,box exceeds image bounds
../../data/raw/train/quandoi94_jpg.rf.bcbbd30c0e02fcc33539ba18dc263a1d.jpg,box_tiny,WARN,rel_area=4.40e-04 (12x11px)
../../data/raw/train/pic_112_jpg.rf.f2be0dedd6f6da2b1b1258dc55b253ad.jpg,box_out_of_bounds,WARN,box exceeds image bounds
../../data/raw/train/cropngoaigiao6_jpg.rf.2417fb8fc0bb1416390b80c1a12bcf0f.jpg,box_out_of_bounds,WARN,box exceeds image bounds
../../data/raw/train/quandoi94_jpg.rf.1fcd8143299ab6e2302d5b67de03c580.jpg,box_tiny,WARN,rel_area=4.52e-04 (12x11px)
../../data/raw/train/cropquandoi105_jpg.rf.b32f881c83238a24790ec6322a39f3e7.jpg,box_tiny,WARN,rel_area=4.97e-04 (32x6px)
../../data/raw/train/quandoi63_jpg.rf.8f100ceaf1490f6a255ac357cc52b7d2.jpg,box_out_of_bounds,WARN,box exceeds image bounds
../../data/raw/train/cropngoaigiao1_jpg.rf.bd9e586a03acceb7a5aab0af831623c3.jpg,box_out_of_bounds,WARN,box exceeds image bounds
../../data/raw/train/cropngoaigiao14_jpg.rf.783b1c0c599ea7e57f0caddc4caba4d5.jpg,box_out_of_bounds,WARN,box exceeds image bounds
../../data/raw/train/cropquandoi43_jpg.rf.0e705d65fd2c1052c12bc9663da9c316.jpg,box_out_of_bounds,WARN,box exceeds image bounds
../../data/raw/train/cropquandoi66_jpg.rf.416f922e6f6fd82ab20d14cd96f28a68.jpg,box_out_of_bounds,WARN,box exceeds image bounds
../../data/raw/train/cropngoaigiao6_jpg.rf.c801a271d6c9b6a994ea5ec1f3405f38.jpg,box_out_of_bounds,WARN,box exceeds image bounds
../../data/raw/train/quandoi59_jpg.rf.cafa1091c9827dfac12a369166b93dda.jpg,box_tiny,WARN,rel_area=4.50e-04 (17x13px)
../../data/raw/train/quandoi94_jpg.rf.1cbfa2e248c423e52f02d93b239cca71.jpg,box_tiny,WARN,rel_area=4.75e-04 (12x11px)
../../data/raw/train/cropquandoi32_jpg.rf.f7767df84eb0cb2510f006f3b2fd2984.jpg,box_out_of_bounds,WARN,box exceeds image bounds
../../data/raw/train/cropngoaigiao1_jpg.rf.8bd7389e9fdb266f888db1fb3fa4b770.jpg,box_out_of_bounds,WARN,box exceeds image bounds
../../data/raw/train/quandoi94_jpg.rf.8e31bf88955c52f0bd3d07195f61e895.jpg,box_tiny,WARN,rel_area=4.64e-04 (12x11px)
../../data/raw/train/cropquandoi39_jpg.rf.254cb6600db06b3c82ec5886519e1ceb.jpg,box_out_of_bounds,WARN,box exceeds image bounds
../../data/raw/train/cropquandoi39_jpg.rf.254cb6600db06b3c82ec5886519e1ceb.jpg,box_tiny,WARN,rel_area=2.96e-04 (4x14px)
../../data/raw/train/cropquandoi71_jpg.rf.3e9d698fc93c29bb816b393897f540df.jpg,box_out_of_bounds,WARN,box exceeds image bounds
../../data/raw/train/cropngoaigiao1_jpg.rf.b95d27d8cdb5039baa91a704126fea2b.jpg,box_out_of_bounds,WARN,box exceeds image bounds
../../data/raw/train/cropquandoi36_jpg.rf.57b4bee2ada65aa5a6733eb58752aae4.jpg,box_out_of_bounds,WARN,box exceeds image bounds
../../data/raw/train/cropquandoi66_jpg.rf.56c7158fc4e2c093195201979834da4d.jpg,box_out_of_bounds,WARN,box exceeds image bounds
../../data/raw/train/cropngoaigiao1_jpg.rf.521d6f7ede4cf10290c8af8757e0a010.jpg,box_out_of_bounds,WARN,box exceeds image bounds
../../data/raw/train/cropquandoi105_jpg.rf.1c5137bc3445bb56cc81f96321d554ff.jpg,box_out_of_bounds,WARN,box exceeds image bounds
../../data/raw/train/cropngoaigiao14_jpg.rf.7104150ce50632e6d5024c1d34d0794f.jpg,box_out_of_bounds,WARN,box exceeds image bounds
../../data/raw/train/quandoi63_jpg.rf.0c4ccab255524a6e2c1856a58726b2e3.jpg,box_out_of_bounds,WARN,box exceeds image bounds
../../data/raw/train/cropquandoi32_jpg.rf.c511b4597fd223441fcaaaf149175757.jpg,box_out_of_bounds,WARN,box exceeds image bounds
../../data/raw/train/cropquandoi61_jpg.rf.a74b8c7783966c1a765c870940c194fe.jpg,box_out_of_bounds,WARN,box exceeds image bounds
../../data/raw/train/cropquandoi39_jpg.rf.7bca555535578cbf001a91ecd2165244.jpg,box_out_of_bounds,WARN,box exceeds image bounds
../../data/raw/train/quandoi94_jpg.rf.e73f51ac3427eca346a1b9d7d5c2880f.jpg,box_tiny,WARN,rel_area=4.30e-04 (12x11px)
../../data/raw/train/cropquandoi75_jpg.rf.cb8bab85546cf39c7af627fe1be469a4.jpg,box_out_of_bounds,WARN,box exceeds image bounds
../../data/raw/train/cropquandoi81_jpg.rf.d5e80915d25bc841116197fb79a0e7ad.jpg,box_tiny,WARN,rel_area=4.23e-04 (4x16px)
../../data/raw/train/cropquandoi80_jpg.rf.2fe145e77617b1b88679ebb7f6eac286.jpg,box_out_of_bounds,WARN,box exceeds image bounds
../../data/raw/train/CarLongPlateGen2790_jpg.rf.315c787e495876ad30acc0041d6e7a37.jpg,box_out_of_bounds,WARN,box exceeds image bounds
../../data/raw/train/CarLongPlate188_jpg.rf.6e8cacaf42dbb91da9720e02e024efb9.jpg,box_out_of_bounds,WARN,box exceeds image bounds
../../data/raw/train/CarLongPlate171_jpg.rf.268f8d2de6a12ec44a9b9d8529ef14f7.jpg,box_out_of_bounds,WARN,box exceeds image bounds
../../data/raw/train/Here_s-20why-20you_re-20seeing-20those-20black-20and-20yellow_yyt_jpg.rf.f13caaa75dcad8de5aeeaf4766780851.jpg,box_suspiciously_large,WARN,rel_area=1.00
../../data/raw/train/CarLongPlateGen2860_jpg.rf.6ec9ab8ceb940adab24b096eb8fd3a17.jpg,box_out_of_bounds,WARN,box exceeds image bounds
../../data/raw/train/Here_s-20why-20you_re-20seeing-20those-20black-20and-20yellow_yyt_jpg.rf.539dd9f0fb20f0dbe45bad06486095b8.jpg,box_suspiciously_large,WARN,rel_area=0.93
../../data/raw/train/cropquandoi14_jpg.rf.328c7229778167d98183f6be7628bc78.jpg,box_out_of_bounds,WARN,box exceeds image bounds
../../data/raw/train/quandoi59_jpg.rf.d062bcc4e488aab55bb25b806ea6de6f.jpg,box_tiny,WARN,rel_area=4.26e-04 (17x13px)
../../data/raw/train/004e03d45963728e_jpg.rf.9f53282ff0e4838da06fb5f54723a80b.jpg,box_tiny,WARN,rel_area=2.91e-04 (24x8px)
../../data/raw/train/How-20to-20Transfer-20Your-20License-20Plate-20Number-20From_yyth_jpg.rf.fdf7ddf065c0a5bd5c6b0945e7badd33.jpg,box_out_of_bounds,WARN,box exceeds image bounds
../../data/raw/train/cropquandoi60_jpg.rf.621756eae9f426dcf8972429aca08fb5.jpg,box_out_of_bounds,WARN,box exceeds image bounds
../../data/raw/train/How-20to-20mount-20front-20license-20plates-20-20YouTube_jpg.rf.76ccb806d0c32d4d70bc44b7f78434dd.jpg,box_out_of_bounds,WARN,box exceeds image bounds
../../data/raw/train/00293842c1405567_jpg.rf.30eb64baa949978160cf4a43668537c3.jpg,box_out_of_bounds,WARN,box exceeds image bounds
../../data/raw/train/CarLongPlate171_jpg.rf.cbd9fd8172d7fbf58db42f7592259047.jpg,box_out_of_bounds,WARN,box exceeds image bounds
../../data/raw/train/0049ed70c1b2d480_jpg.rf.a91863481582ce73c1a6d0cfc232ef61.jpg,box_tiny,WARN,rel_area=1.92e-04 (13x11px)
../../data/raw/train/0049ed70c1b2d480_jpg.rf.a91863481582ce73c1a6d0cfc232ef61.jpg,box_tiny,WARN,rel_area=4.07e-04 (19x16px)
../../data/raw/train/004e03d45963728e_jpg.rf.470b59323fa9341314cc7fbdcfb9f989.jpg,box_tiny,WARN,rel_area=3.00e-04 (24x8px)
../../data/raw/train/002f860e692757f7_jpg.rf.9005452db4e1770532a4279772cc6a4d.jpg,box_out_of_bounds,WARN,box exceeds image bounds
../../data/raw/train/00494d0811b9e652_jpg.rf.31fbbac1cf1805782269527e95529951.jpg,box_tiny,WARN,rel_area=5.09e-05 (10x4px)
../../data/raw/train/00494d0811b9e652_jpg.rf.31fbbac1cf1805782269527e95529951.jpg,box_tiny,WARN,rel_area=4.41e-05 (8x4px)
../../data/raw/train/00494d0811b9e652_jpg.rf.31fbbac1cf1805782269527e95529951.jpg,box_tiny,WARN,rel_area=6.10e-05 (12x4px)
../../data/raw/train/00494d0811b9e652_jpg.rf.31fbbac1cf1805782269527e95529951.jpg,box_tiny,WARN,rel_area=7.99e-05 (10x7px)
../../data/raw/train/00494d0811b9e652_jpg.rf.31fbbac1cf1805782269527e95529951.jpg,box_tiny,WARN,rel_area=3.39e-04 (22x13px)
../../data/raw/train/00403b390556e56d_jpg.rf.a56e4ec768523359544108d890114a35.jpg,box_tiny,WARN,rel_area=2.23e-04 (12x12px)
../../data/raw/train/0049ed70c1b2d480_jpg.rf.ab8e0cc509c03b535b79f9366548454e.jpg,box_tiny,WARN,rel_area=1.50e-04 (12x10px)
../../data/raw/train/0049ed70c1b2d480_jpg.rf.ab8e0cc509c03b535b79f9366548454e.jpg,box_tiny,WARN,rel_area=3.21e-04 (18x14px)
../../data/raw/train/00403b390556e56d_jpg.rf.90af5d7fd45abb2b09e2fb1d6cd6f014.jpg,box_tiny,WARN,rel_area=3.68e-04 (22x12px)
../../data/raw/train/004e03d45963728e_jpg.rf.c6a5bbe448f539f5adbdc17c9d9cdd0f.jpg,box_tiny,WARN,rel_area=2.17e-04 (24x6px)
../../data/raw/train/004e03d45963728e_jpg.rf.e335f68ab6f518bf0546a2358538a6ad.jpg,box_tiny,WARN,rel_area=2.40e-04 (24x6px)
../../data/raw/train/00494d0811b9e652_jpg.rf.0b16e8caa1736028b83eb497f1592f15.jpg,box_tiny,WARN,rel_area=8.47e-05 (10x6px)
../../data/raw/train/00494d0811b9e652_jpg.rf.0b16e8caa1736028b83eb497f1592f15.jpg,box_tiny,WARN,rel_area=7.61e-05 (9x6px)
../../data/raw/train/00494d0811b9e652_jpg.rf.0b16e8caa1736028b83eb497f1592f15.jpg,box_tiny,WARN,rel_area=1.02e-04 (12x6px)
../../data/raw/train/00494d0811b9e652_jpg.rf.0b16e8caa1736028b83eb497f1592f15.jpg,box_tiny,WARN,rel_area=1.13e-04 (10x8px)
../../data/raw/train/0049ed70c1b2d480_jpg.rf.bdd2b9dd9ab5d4e379f7e06cf82b1368.jpg,box_tiny,WARN,rel_area=1.89e-04 (12x11px)
../../data/raw/train/0049ed70c1b2d480_jpg.rf.bdd2b9dd9ab5d4e379f7e06cf82b1368.jpg,box_tiny,WARN,rel_area=4.35e-04 (19x16px)
../../data/raw/train/CarLongPlate183_jpg.rf.80afe7d7ea5b4626e05b8bfbd0062bf4.jpg,box_out_of_bounds,WARN,box exceeds image bounds
../../data/raw/train/00009e5b390986a0_jpg.rf.55e1f337c1c83840749af7c577b4057d.jpg,box_tiny,WARN,rel_area=2.58e-04 (14x13px)
../../data/raw/train/0015ed86d644a332_jpg.rf.afb54ad96f609cc9b6a6d957b85185c6.jpg,box_tiny,WARN,rel_area=1.65e-04 (7x19px)
../../data/raw/train/0015ed86d644a332_jpg.rf.1ec234185bef67dc24e402cfcce03fcb.jpg,box_tiny,WARN,rel_area=4.57e-04 (19x16px)
../../data/raw/train/xemay546_jpg.rf.02696bca28f4854ebaf594543a3eba54.jpg,box_out_of_bounds,WARN,box exceeds image bounds
../../data/raw/train/00403b390556e56d_jpg.rf.0c5cca8ddadf043bd3bcb85e6fe89021.jpg,box_out_of_bounds,WARN,box exceeds image bounds
../../data/raw/train/00403b390556e56d_jpg.rf.0c5cca8ddadf043bd3bcb85e6fe89021.jpg,box_tiny,WARN,rel_area=2.97e-04 (16x11px)
../../data/raw/train/0049ed70c1b2d480_jpg.rf.41ba785519d083e40b7aff96bfabbe1e.jpg,box_tiny,WARN,rel_area=2.04e-04 (13x12px)
../../data/raw/train/0049ed70c1b2d480_jpg.rf.41ba785519d083e40b7aff96bfabbe1e.jpg,box_tiny,WARN,rel_area=4.20e-04 (20x16px)
../../data/raw/train/0049ed70c1b2d480_jpg.rf.7bb3e0a89e1b7ade39af2519daa7215f.jpg,box_tiny,WARN,rel_area=2.06e-04 (13x11px)
../../data/raw/train/0049ed70c1b2d480_jpg.rf.7bb3e0a89e1b7ade39af2519daa7215f.jpg,box_tiny,WARN,rel_area=4.38e-04 (19x16px)
../../data/raw/train/00403b390556e56d_jpg.rf.7c6fab5661bec26173fe8f18bd158ef0.jpg,box_tiny,WARN,rel_area=4.43e-04 (23x13px)
../../data/raw/train/00494d0811b9e652_jpg.rf.3ae42d197bac0dd7b2ee6724b3fa45cc.jpg,box_tiny,WARN,rel_area=8.40e-05 (10x6px)
../../data/raw/train/00494d0811b9e652_jpg.rf.3ae42d197bac0dd7b2ee6724b3fa45cc.jpg,box_tiny,WARN,rel_area=7.56e-05 (9x6px)
../../data/raw/train/00494d0811b9e652_jpg.rf.3ae42d197bac0dd7b2ee6724b3fa45cc.jpg,box_tiny,WARN,rel_area=1.01e-04 (12x6px)
../../data/raw/train/00494d0811b9e652_jpg.rf.3ae42d197bac0dd7b2ee6724b3fa45cc.jpg,box_tiny,WARN,rel_area=1.23e-04 (11x8px)
../../data/raw/train/004e03d45963728e_jpg.rf.e33356d9a16df8320075ebf00fb134e4.jpg,box_tiny,WARN,rel_area=3.87e-04 (24x10px)
../../data/raw/train/004e03d45963728e_jpg.rf.428ac20b53fcfeab5888fa1caf4619f1.jpg,box_tiny,WARN,rel_area=2.95e-04 (24x7px)
../../data/raw/train/20-gro2015_jpg.rf.2e580c55f1bf60777bb7c0d82b296b14.jpg,box_suspiciously_large,WARN,rel_area=1.00
../../data/raw/train/00492e9dbaf3c2a1_jpg.rf.379457fe58ded0e5f92702c763b5ae00.jpg,box_tiny,WARN,rel_area=2.86e-04 (13x11px)
../../data/raw/train/00494d0811b9e652_jpg.rf.9330cef890c4c79440f1ffbd766e0df6.jpg,box_tiny,WARN,rel_area=7.45e-05 (10x6px)
../../data/raw/train/00494d0811b9e652_jpg.rf.9330cef890c4c79440f1ffbd766e0df6.jpg,box_tiny,WARN,rel_area=6.70e-05 (9x6px)
../../data/raw/train/00494d0811b9e652_jpg.rf.9330cef890c4c79440f1ffbd766e0df6.jpg,box_tiny,WARN,rel_area=8.96e-05 (12x6px)
../../data/raw/train/00494d0811b9e652_jpg.rf.9330cef890c4c79440f1ffbd766e0df6.jpg,box_tiny,WARN,rel_area=9.92e-05 (10x8px)
../../data/raw/train/00494d0811b9e652_jpg.rf.9330cef890c4c79440f1ffbd766e0df6.jpg,box_tiny,WARN,rel_area=4.77e-04 (24x16px)
../../data/raw/train/00009e5b390986a0_jpg.rf.77aa84f9b536853baa998444aa67ecc0.jpg,box_tiny,WARN,rel_area=2.49e-04 (14x12px)
../../data/raw/train/004aebeb3dea697a_jpg.rf.8a8a346cabf414c662a7ffd0328e49ac.jpg,box_out_of_bounds,WARN,box exceeds image bounds
../../data/raw/train/0049ed70c1b2d480_jpg.rf.eb10fadb4f9c326e3437f495ef98fb66.jpg,box_tiny,WARN,rel_area=1.54e-04 (12x10px)
../../data/raw/train/0049ed70c1b2d480_jpg.rf.eb10fadb4f9c326e3437f495ef98fb66.jpg,box_tiny,WARN,rel_area=3.22e-04 (18x14px)
../../data/raw/train/21-Placa-2BGUERRERO-2BAutomovil-2BHCK-99-99-2BGuerrero-2BCumple-2BClavado-2BLa-2BQuebrada_jpg.rf.e38fa871b6c031f57d661b0474f76a1f.jpg,box_suspiciously_large,WARN,rel_area=0.97
../../data/raw/train/0058af43e819c7a7_jpg.rf.7ef317d291f5836bf43cf2bc3619d1a4.jpg,box_out_of_bounds,WARN,box exceeds image bounds
../../data/raw/train/0049ed70c1b2d480_jpg.rf.98ce14efd333e9acf1431e6371ca17d1.jpg,box_tiny,WARN,rel_area=2.02e-04 (13x12px)
../../data/raw/train/0049ed70c1b2d480_jpg.rf.98ce14efd333e9acf1431e6371ca17d1.jpg,box_tiny,WARN,rel_area=4.41e-04 (20x17px)
../../data/raw/train/00494d0811b9e652_jpg.rf.fbb93050ee6537756fa9a54070817214.jpg,box_tiny,WARN,rel_area=5.66e-05 (10x4px)
../../data/raw/train/00494d0811b9e652_jpg.rf.fbb93050ee6537756fa9a54070817214.jpg,box_tiny,WARN,rel_area=4.50e-05 (8x4px)
../../data/raw/train/00494d0811b9e652_jpg.rf.fbb93050ee6537756fa9a54070817214.jpg,box_tiny,WARN,rel_area=6.84e-05 (12x4px)
../../data/raw/train/00494d0811b9e652_jpg.rf.fbb93050ee6537756fa9a54070817214.jpg,box_tiny,WARN,rel_area=9.78e-05 (10x7px)
../../data/raw/train/00494d0811b9e652_jpg.rf.fbb93050ee6537756fa9a54070817214.jpg,box_tiny,WARN,rel_area=4.01e-04 (22x13px)
../../data/raw/train/xemay530_jpg.rf.27d529b3220a06d48ffd219b46508459.jpg,box_out_of_bounds,WARN,box exceeds image bounds
../../data/raw/train/00494d0811b9e652_jpg.rf.4d9b50746f673b06225278abba4bfb45.jpg,box_tiny,WARN,rel_area=7.12e-05 (10x5px)
../../data/raw/train/00494d0811b9e652_jpg.rf.4d9b50746f673b06225278abba4bfb45.jpg,box_tiny,WARN,rel_area=5.67e-05 (8x5px)
../../data/raw/train/00494d0811b9e652_jpg.rf.4d9b50746f673b06225278abba4bfb45.jpg,box_tiny,WARN,rel_area=8.58e-05 (12x5px)
../../data/raw/train/00494d0811b9e652_jpg.rf.4d9b50746f673b06225278abba4bfb45.jpg,box_tiny,WARN,rel_area=9.89e-05 (10x7px)
../../data/raw/train/00494d0811b9e652_jpg.rf.4d9b50746f673b06225278abba4bfb45.jpg,box_tiny,WARN,rel_area=4.24e-04 (23x13px)
../../data/raw/train/004e03d45963728e_jpg.rf.fdf528e62b63b28fec0c4d19368240b3.jpg,box_tiny,WARN,rel_area=2.82e-04 (24x8px)
../../data/raw/train/15-D_Q_NP_209715-MLM25307482752_012017-Q_jpg.rf.9dd6fda3ed008f1801a886b7983ba12f.jpg,box_out_of_bounds,WARN,box exceeds image bounds
../../data/raw/train/16-cdmx2020bus-a_jpg.rf.33748b9a74667633483a058ccc9d3b9e.jpg,box_suspiciously_large,WARN,rel_area=1.00
../../data/raw/train/14-cdmx2016aa_jpg.rf.67c2495e7019c541bc762889974a369b.jpg,box_suspiciously_large,WARN,rel_area=1.00
../../data/raw/train/22-Placfa-extraviada_jpg.rf.73bdb25f7ae2e41cd91f4c0d45b2bd22.jpg,box_out_of_bounds,WARN,box exceeds image bounds
../../data/raw/train/22-Placfa-extraviada_jpg.rf.73bdb25f7ae2e41cd91f4c0d45b2bd22.jpg,box_suspiciously_large,WARN,rel_area=0.91
../../data/raw/train/15-cdmx2017eco_jpg.rf.227660abf9993e3aed0c354fc8b1363d.jpg,box_suspiciously_large,WARN,rel_area=1.00
../../data/raw/train/22-placa-guerrero-06_jpg.rf.4e0304827a503a8b5685b101da73bcbd.jpg,box_suspiciously_large,WARN,rel_area=1.00
../../data/raw/train/13-cdmx2017pol-mc_jpg.rf.c2fea28de60be62f9288bc213b379cb0.jpg,box_suspiciously_large,WARN,rel_area=1.00
../../data/raw/train/xemay546_jpg.rf.fb36bb08ff0758e8c7cee20bdb07e369.jpg,box_out_of_bounds,WARN,box exceeds image bounds
../../data/raw/train/00494d0811b9e652_jpg.rf.d7ace40f85501cddc6c4f67921d5ade1.jpg,box_tiny,WARN,rel_area=8.27e-05 (10x6px)
../../data/raw/train/00494d0811b9e652_jpg.rf.d7ace40f85501cddc6c4f67921d5ade1.jpg,box_tiny,WARN,rel_area=6.22e-05 (9x5px)
../../data/raw/train/00494d0811b9e652_jpg.rf.d7ace40f85501cddc6c4f67921d5ade1.jpg,box_tiny,WARN,rel_area=9.98e-05 (12x6px)
../../data/raw/train/00494d0811b9e652_jpg.rf.d7ace40f85501cddc6c4f67921d5ade1.jpg,box_tiny,WARN,rel_area=1.10e-04 (10x8px)
../../data/raw/train/00494d0811b9e652_jpg.rf.d7ace40f85501cddc6c4f67921d5ade1.jpg,box_tiny,WARN,rel_area=4.96e-04 (24x15px)
../../data/raw/train/23-cdmx2017trk_jpg.rf.ba6904b3615fdaa5d7b71376bc2f3879.jpg,box_suspiciously_large,WARN,rel_area=0.99
../../data/raw/train/16-Placa-2BGuerrero-2BServicio-2BPublico-2B999999E_jpg.rf.7ce5c387c1bc01e5bd374f49641f9f58.jpg,box_suspiciously_large,WARN,rel_area=1.00
../../data/raw/train/24-GRO-HAP-Mar-tenue_jpg.rf.fe5b1543d65da9c6017efbadbc26bf1e.jpg,box_suspiciously_large,WARN,rel_area=1.00
../../data/raw/train/13-cdmx2017pol-mc_jpg.rf.9bc972b738d2e44f13639fe320d62eef.jpg,box_suspiciously_large,WARN,rel_area=1.00
../../data/raw/train/14-cdmx2016aa_jpg.rf.4d50b9253fd6a3e2c1602381d6b6038e.jpg,box_suspiciously_large,WARN,rel_area=1.00
../../data/raw/train/15-cdmx2017eco_jpg.rf.42ca179679fb9beeef1b41d26c87f3f9.jpg,box_suspiciously_large,WARN,rel_area=1.00
../../data/raw/train/14-GRO-HEZ_jpg.rf.34468aaba2a5726c6ea6fb10df8504be.jpg,box_suspiciously_large,WARN,rel_area=0.99
../../data/raw/train/14-GRO-HEZ_jpg.rf.665bdd9d3f1354bc41b584788e9fb3c2.jpg,box_suspiciously_large,WARN,rel_area=1.00
../../data/raw/train/16-Placa-2BGuerrero-2BServicio-2BPublico-2B999999E_jpg.rf.bfa58409a2c08ce0e987ed311dd7a551.jpg,box_suspiciously_large,WARN,rel_area=1.00
../../data/raw/train/ngoaigiao1_jpg.rf.7491381eb12a904a44ea1e110a12d9a9.jpg,box_out_of_bounds,WARN,box exceeds image bounds
../../data/raw/train/20-gro2015_jpg.rf.b65074a3a28d7feb5725b80a4672b7c0.jpg,box_suspiciously_large,WARN,rel_area=1.00
../../data/raw/train/pic_017_jpg.rf.62ea7a0e2e2c0924ca5867ec3e6698e6.jpg,box_out_of_bounds,WARN,box exceeds image bounds
../../data/raw/train/ngoaigiao1_jpg.rf.c785d492b6ddd10c3839d997dc891884.jpg,box_out_of_bounds,WARN,box exceeds image bounds
../../data/raw/train/23-PLACA-IMG3222-GUERR-Nueva-HFX_jpg.rf.672923d2c4ea4a1698ad74c7b1b5111c.jpg,box_suspiciously_large,WARN,rel_area=0.99
../../data/raw/train/00293842c1405567_jpg.rf.1d7803c1a06e8597008e01a5194654f8.jpg,box_out_of_bounds,WARN,box exceeds image bounds
../../data/raw/train/1649292507316_jpg.rf.2deeca9457e9e3bd1b1444b760e10124.jpg,box_out_of_bounds,WARN,box exceeds image bounds
../../data/raw/train/21-Placa-2BGUERRERO-2BAutomovil-2BHCK-99-99-2BGuerrero-2BCumple-2BClavado-2BLa-2BQuebrada_jpg.rf.d607359d4113628f63d9aa3bd9c0a966.jpg,box_suspiciously_large,WARN,rel_area=0.99
../../data/raw/train/1649292507310_jpg.rf.516cc27fec297c8dd10076609ac72483.jpg,box_suspiciously_large,WARN,rel_area=0.96
../../data/raw/train/CarLongPlateGen3898_jpg.rf.2c83514fc67a8b6a6cfeaf9ec3c607a9.jpg,box_out_of_bounds,WARN,box exceeds image bounds
../../data/raw/train/1649292507298_jpg.rf.e8c4b2f73d1d18382f712448a17cd3fc.jpg,box_suspiciously_large,WARN,rel_area=0.97
../../data/raw/train/CarLongPlateGen2790_jpg.rf.931554077403976de6a59494e43406c1.jpg,box_out_of_bounds,WARN,box exceeds image bounds
../../data/raw/train/1649292507304_jpg.rf.2a35e8f2f4de677352d9d572b8e3cbc1.jpg,box_suspiciously_large,WARN,rel_area=1.00
../../data/raw/train/1649292507300_jpg.rf.62e5ad0c66d26033ed0af21810c7fbc4.jpg,box_out_of_bounds,WARN,box exceeds image bounds
../../data/raw/train/1649292507300_jpg.rf.62e5ad0c66d26033ed0af21810c7fbc4.jpg,box_suspiciously_large,WARN,rel_area=0.97
../../data/raw/train/0018e004f5cac5e0_jpg.rf.ac75e96b4bb62ca0dba4c0ef29209db3.jpg,box_out_of_bounds,WARN,box exceeds image bounds
../../data/raw/train/1633449297103_png_jpg.rf.452bb42a0bcfa738c12d3527b516a937.jpg,box_suspiciously_large,WARN,rel_area=1.00
../../data/raw/train/18-71EAMA2gJUL-_AC_SX450__jpg.rf.54ba1232a6ecc5da8eba2071689eb69d.jpg,box_suspiciously_large,WARN,rel_area=1.00
../../data/raw/train/19-gro8283_jpg.rf.c805ab34d18ab54352f1913d3f4c7272.jpg,box_suspiciously_large,WARN,rel_area=0.98
../../data/raw/train/19-cdmx2016rem_jpg.rf.6c8a779deecf5de8435acb31271da793.jpg,box_suspiciously_large,WARN,rel_area=1.00
../../data/raw/train/17-cdmx2017policia-t_jpg.rf.497feeeef9c44a924527a73536ddb09d.jpg,box_suspiciously_large,WARN,rel_area=1.00
../../data/raw/train/17-gro2018_jpg.rf.0a28ab7cfc6f70867d2d2b597a96c04f.jpg,box_suspiciously_large,WARN,rel_area=1.00
../../data/raw/train/CarLongPlate180_jpg.rf.446993e2fc9bf9a533f94e5a820160d1.jpg,box_out_of_bounds,WARN,box exceeds image bounds
../../data/raw/train/17-cdmx2017policia-t_jpg.rf.ec76072484301e27744040aec57ddfc4.jpg,box_suspiciously_large,WARN,rel_area=1.00
../../data/raw/train/1649292507330_jpg.rf.3317306791125cda1d9d5856aaf0660c.jpg,box_suspiciously_large,WARN,rel_area=1.00
../../data/raw/train/19-cdmx2016rem_jpg.rf.09dfd7adde365b361f4e7fb2bc2fc7e0.jpg,box_suspiciously_large,WARN,rel_area=1.00
../../data/raw/train/1649292507330_jpg.rf.0206210d998fee5ec20bad7f00c3a732.jpg,box_suspiciously_large,WARN,rel_area=1.00
../../data/raw/train/17-gro2018_jpg.rf.0a383312291145b863f389191f433eef.jpg,box_suspiciously_large,WARN,rel_area=1.00
../../data/raw/train/18-71EAMA2gJUL-_AC_SX450__jpg.rf.e0b1236be1b64ab3af1bc9b74821beda.jpg,box_suspiciously_large,WARN,rel_area=1.00
../../data/raw/train/1649292507330_jpg.rf.fe6b34f30a39854fe9d23fb922ae9dd9.jpg,box_suspiciously_large,WARN,rel_area=1.00
../../data/raw/train/1649292507310_jpg.rf.6920e9dd8dbded416705e8b8622625c7.jpg,box_suspiciously_large,WARN,rel_area=0.91
../../data/raw/train/19-gro8283_jpg.rf.38fa441615369ef6ab238af827bbaff3.jpg,box_suspiciously_large,WARN,rel_area=0.91
../../data/raw/train/19-GRO-GY-99-999-Carga_jpg.rf.7436cb781e618f1630b0817a9838ae10.jpg,box_suspiciously_large,WARN,rel_area=1.00
../../data/raw/train/19-GRO-GY-99-999-Carga_jpg.rf.99d499dc097d88acdc9bd378812356b7.jpg,box_suspiciously_large,WARN,rel_area=1.00
../../data/raw/train/1649292507324_jpg.rf.c4f9ab13b70e15c313c690b73a94e0e0.jpg,box_suspiciously_large,WARN,rel_area=1.00
../../data/raw/train/1649292507324_jpg.rf.a9f959cae595f5950e95e0c7b6153a1f.jpg,box_suspiciously_large,WARN,rel_area=1.00
../../data/raw/train/13-cdmx2017pol-mc_jpg.rf.3725475b1b0b6c99c1e584830ef968ac.jpg,box_suspiciously_large,WARN,rel_area=0.99
../../data/raw/train/17-gro2018_jpg.rf.79901c6c67853b27437ef93132312846.jpg,box_suspiciously_large,WARN,rel_area=1.00
../../data/raw/train/18-71EAMA2gJUL-_AC_SX450__jpg.rf.61b3b923b9f45105053770d11e07b12d.jpg,box_suspiciously_large,WARN,rel_area=0.98
../../data/raw/train/pic_039_jpg.rf.bd2b064af760103b89d74838c26bdc4e.jpg,box_out_of_bounds,WARN,box exceeds image bounds
../../data/raw/train/pic_017_jpg.rf.b6c98e96b83837fb4d741b1a9e234963.jpg,box_out_of_bounds,WARN,box exceeds image bounds
../../data/raw/train/CarLongPlateGen2860_jpg.rf.ddc5fd65379fde69d6c7702bd365f566.jpg,box_out_of_bounds,WARN,box exceeds image bounds
../../data/raw/train/17-cdmx2017policia-t_jpg.rf.3bec8bee505260534ac5da1043a8bbed.jpg,box_suspiciously_large,WARN,rel_area=1.00
../../data/raw/train/pic_032_jpg.rf.fda8a77143baa0bc53408f1b677b3cff.jpg,box_out_of_bounds,WARN,box exceeds image bounds
../../data/raw/train/1649292507304_jpg.rf.a53c44b192c90343943cfd9f218a593e.jpg,box_suspiciously_large,WARN,rel_area=1.00
../../data/raw/train/20-gro2015_jpg.rf.f619b942baaedcea68f4b591ae6660cf.jpg,box_suspiciously_large,WARN,rel_area=1.00
../../data/raw/train/23-cdmx2017trk_jpg.rf.e33456637cb3f3495974fb30bd033931.jpg,box_suspiciously_large,WARN,rel_area=1.00
../../data/raw/train/CarLongPlateGen2860_jpg.rf.ad4f2e0cf3d409160d9410574e339fba.jpg,box_out_of_bounds,WARN,box exceeds image bounds
../../data/raw/train/xemay570_jpg.rf.f8ec153af719eb2a0bd29e2c00beb524.jpg,box_out_of_bounds,WARN,box exceeds image bounds
../../data/raw/train/16-cdmx2020bus-a_jpg.rf.5034d198531388674a8146d16ba75b98.jpg,box_suspiciously_large,WARN,rel_area=1.00
../../data/raw/train/22-placa-guerrero-06_jpg.rf.47b26cb7c4c51ba9a31b5769de38c386.jpg,box_suspiciously_large,WARN,rel_area=1.00
../../data/raw/train/21-Placa-2BGUERRERO-2BAutomovil-2BHCK-99-99-2BGuerrero-2BCumple-2BClavado-2BLa-2BQuebrada_jpg.rf.d78999e84f7ce11258e98ec21063564c.jpg,box_suspiciously_large,WARN,rel_area=0.99
../../data/raw/train/16-Placa-2BGuerrero-2BServicio-2BPublico-2B999999E_jpg.rf.b23d4c95556c4a5ff1148a95519d6e68.jpg,box_suspiciously_large,WARN,rel_area=1.00
../../data/raw/train/pic_017_jpg.rf.0f675b041e6ca7e700b6f6c8aa6803ba.jpg,box_out_of_bounds,WARN,box exceeds image bounds
../../data/raw/train/1633449297103_png_jpg.rf.84b4d4a656b3302d53fda2da6ca76a49.jpg,box_suspiciously_large,WARN,rel_area=0.96
../../data/raw/train/CarLongPlateGen2888_jpg.rf.40092482ff191dcd0b1db4044b68f427.jpg,box_out_of_bounds,WARN,box exceeds image bounds
../../data/raw/train/1649292507298_jpg.rf.e7154e1a702746b0ebe062dd78adc315.jpg,box_out_of_bounds,WARN,box exceeds image bounds
../../data/raw/train/1649292507298_jpg.rf.e7154e1a702746b0ebe062dd78adc315.jpg,box_suspiciously_large,WARN,rel_area=0.92
../../data/raw/train/16-cdmx2020bus-a_jpg.rf.4c37d3cb509563fe0e14a428fa735f84.jpg,box_suspiciously_large,WARN,rel_area=1.00
../../data/raw/train/1633449297103_png_jpg.rf.fd0a865c86d8cec0daa364d308c54628.jpg,box_suspiciously_large,WARN,rel_area=1.00
../../data/raw/train/ngoaigiao1_jpg.rf.eb871e14c265af134ff427ae7e145118.jpg,box_out_of_bounds,WARN,box exceeds image bounds
../../data/raw/train/24-GRO-HAP-Mar-tenue_jpg.rf.9067c610cc67950439e52baaa8d0b640.jpg,box_suspiciously_large,WARN,rel_area=0.99
../../data/raw/train/23-PLACA-IMG3222-GUERR-Nueva-HFX_jpg.rf.e1f1bfd389c4fbec9eff1fb4ff8738d2.jpg,box_suspiciously_large,WARN,rel_area=1.00
../../data/raw/train/22-placa-guerrero-06_jpg.rf.559c05a4dd26d538c1a433b536cdcd9b.jpg,box_suspiciously_large,WARN,rel_area=1.00
../../data/raw/train/pic_032_jpg.rf.a377bfaacee327316530b6e5b7938d4b.jpg,box_out_of_bounds,WARN,box exceeds image bounds
../../data/raw/train/CarLongPlateGen2632_jpg.rf.c9319b7ebdc98b2faa216840ec3c323f.jpg,box_out_of_bounds,WARN,box exceeds image bounds
../../data/raw/train/1649292507311_jpg.rf.54bb693e62b7ffe8cd2da9fa530b7431.jpg,box_suspiciously_large,WARN,rel_area=1.00
../../data/raw/train/CarLongPlateGen2879_jpg.rf.9b791747547ae22194fc4d2d38f69392.jpg,box_out_of_bounds,WARN,box exceeds image bounds
../../data/raw/train/14-cdmx2016aa_jpg.rf.bbc19149cd6db888d29b6fc47819fb07.jpg,box_suspiciously_large,WARN,rel_area=1.00
../../data/raw/train/14-GRO-HEZ_jpg.rf.957a109a260cbcefa831af4e4bbb99cd.jpg,box_suspiciously_large,WARN,rel_area=1.00
../../data/raw/train/CarLongPlateGen3875_jpg.rf.9220988ad1893259f483670956a1e713.jpg,box_out_of_bounds,WARN,box exceeds image bounds
../../data/raw/train/1649292507300_jpg.rf.9e07020d9a24c9bea53de7e7b2cabff0.jpg,box_suspiciously_large,WARN,rel_area=1.00
../../data/raw/train/15-cdmx2017eco_jpg.rf.c60b963dd46ec295259845213fe35e70.jpg,box_suspiciously_large,WARN,rel_area=0.97
../../data/raw/train/CarLongPlateGen2824_jpg.rf.0dacb30a27791b77a9d7cefe2f8ddedf.jpg,box_out_of_bounds,WARN,box exceeds image bounds
../../data/raw/train/ngoaigiao14_jpg.rf.0e91252dd7d92553f3a9b87cc4dd63ad.jpg,box_out_of_bounds,WARN,box exceeds image bounds
../../data/raw/train/CarLongPlate183_jpg.rf.c47868218c285c84be327540cbe45d2b.jpg,box_out_of_bounds,WARN,box exceeds image bounds
../../data/raw/train/19-gro8283_jpg.rf.55636f4944c3928f5c5f7dad9f9d33a8.jpg,box_suspiciously_large,WARN,rel_area=0.99
../../data/raw/train/23-PLACA-IMG3222-GUERR-Nueva-HFX_jpg.rf.f56586a7369a3928821c08e374efcd17.jpg,box_suspiciously_large,WARN,rel_area=1.00
../../data/raw/train/19-cdmx2016rem_jpg.rf.9f612c8a7bb9501c347d54ebdc304f49.jpg,box_suspiciously_large,WARN,rel_area=1.00
../../data/raw/train/1649292507304_jpg.rf.d41bf6004d4ae8c4c3484cf7d7af8402.jpg,box_suspiciously_large,WARN,rel_area=1.00
../../data/raw/train/CarLongPlateGen2879_jpg.rf.a8a44ad18e1833e771ff759c3346fb0b.jpg,box_out_of_bounds,WARN,box exceeds image bounds
../../data/raw/train/1649292507298_jpg.rf.a1ad622f81f97bce05facdd82b18cc32.jpg,box_out_of_bounds,WARN,box exceeds image bounds
../../data/raw/train/1649292507298_jpg.rf.a1ad622f81f97bce05facdd82b18cc32.jpg,box_suspiciously_large,WARN,rel_area=0.96
../../data/raw/train/1649292507311_jpg.rf.55d0a482654ea5e5e6d6d84921fd965f.jpg,box_suspiciously_large,WARN,rel_area=1.00
../../data/raw/train/1649292507300_jpg.rf.a55ed45b54e990170f0da96c631bae28.jpg,box_out_of_bounds,WARN,box exceeds image bounds
../../data/raw/train/1649292507300_jpg.rf.a55ed45b54e990170f0da96c631bae28.jpg,box_suspiciously_large,WARN,rel_area=0.98
../../data/raw/train/19-GRO-GY-99-999-Carga_jpg.rf.52b69ac4fdb4d740a71f5b5b8f7242b1.jpg,box_suspiciously_large,WARN,rel_area=0.98
../../data/raw/train/boderquandoi4_jpg.rf.8b7be78bfac14129aaa69501542b38e4.jpg,box_tiny,WARN,rel_area=3.11e-04 (17x12px)
../../data/raw/train/1649292507311_png_jpg.rf.445fc57c3b8329186f2b41fde7d959b9.jpg,box_suspiciously_large,WARN,rel_area=0.95
../../data/raw/train/23-cdmx2017trk_jpg.rf.051750e18d88cb44e889723306b8c6f7.jpg,box_suspiciously_large,WARN,rel_area=0.99
../../data/raw/train/24-GRO-HAP-Mar-tenue_jpg.rf.8e4829acea5c8e9828d91f739c951cd9.jpg,box_suspiciously_large,WARN,rel_area=1.00
../../data/raw/train/CarLongPlateGen2606_jpg.rf.10a72e790f61157233feec719cf255e7.jpg,box_out_of_bounds,WARN,box exceeds image bounds
../../data/raw/train/CarLongPlateGen2677_jpg.rf.e0be1813c096363f21caf7e16befa859.jpg,box_out_of_bounds,WARN,box exceeds image bounds
../../data/raw/train/CarLongPlateGen2655_jpg.rf.a87d403ac0790c720d5e221e976535df.jpg,box_out_of_bounds,WARN,box exceeds image bounds
../../data/raw/train/22-Placfa-extraviada_jpg.rf.a2c42fa77a14d4d97164e42e4b02963c.jpg,box_out_of_bounds,WARN,box exceeds image bounds
../../data/raw/train/22-Placfa-extraviada_jpg.rf.a2c42fa77a14d4d97164e42e4b02963c.jpg,box_suspiciously_large,WARN,rel_area=0.99
../../data/raw/train/22-placa-guerrero-06_jpg.rf.9c53ad1c2dd508f193eb9a12cf4735b1.jpg,box_suspiciously_large,WARN,rel_area=1.00
../../data/raw/train/1649292507324_jpg.rf.a84a4c305a86b37345ab2384a01e6cba.jpg,box_suspiciously_large,WARN,rel_area=1.00
../../data/raw/train/1649292507316_jpg.rf.ad2b3b9a04e7833eb2e5bb60bba7b19d.jpg,box_out_of_bounds,WARN,box exceeds image bounds
../../data/raw/train/CarLongPlateGen2888_jpg.rf.fd36acac24611b3a7734510dc347fa0e.jpg,box_out_of_bounds,WARN,box exceeds image bounds
../../data/raw/train/CarLongPlateGen2860_jpg.rf.c172e162e00cd9b943d87210d21e0dfb.jpg,box_out_of_bounds,WARN,box exceeds image bounds
../../data/raw/train/22-Placfa-extraviada_jpg.rf.03a8def8f71a7ee9f5288d5fb23f5416.jpg,box_suspiciously_large,WARN,rel_area=0.95
../../data/raw/train/17-gro2018_jpg.rf.96d54a9733011ab593545ecf969125c4.jpg,box_suspiciously_large,WARN,rel_area=1.00
../../data/raw/train/13-cdmx2017pol-mc_jpg.rf.5d696b94f090390aca749a46c049fec0.jpg,box_suspiciously_large,WARN,rel_area=1.00
../../data/raw/train/18-71EAMA2gJUL-_AC_SX450__jpg.rf.a9f4b3c4a62ea8eae551f072539d8de5.jpg,box_suspiciously_large,WARN,rel_area=0.99
../../data/raw/train/1649292507300_jpg.rf.16e849d9088dbc1e99b1c602d8ab763d.jpg,box_suspiciously_large,WARN,rel_area=0.99
../../data/raw/train/23-cdmx2017trk_jpg.rf.b9dc0d33f8adba9b22da94fd5ed69fcc.jpg,box_suspiciously_large,WARN,rel_area=1.00
../../data/raw/train/17-cdmx2017policia-t_jpg.rf.bc59d95edd3e0176cd6098da24a5dab2.jpg,box_suspiciously_large,WARN,rel_area=0.97
../../data/raw/train/21-Placa-2BGUERRERO-2BAutomovil-2BHCK-99-99-2BGuerrero-2BCumple-2BClavado-2BLa-2BQuebrada_jpg.rf.b9900a1c47390d491a4866ea66cbec5b.jpg,box_suspiciously_large,WARN,rel_area=1.00
../../data/raw/train/24-GRO-HAP-Mar-tenue_jpg.rf.f9da09c9ee2b5f6a4d68337e0fcd2c0a.jpg,box_suspiciously_large,WARN,rel_area=1.00
../../data/raw/train/1649292507310_jpg.rf.9f0af36c72d5a0b83782494eef2b576e.jpg,box_suspiciously_large,WARN,rel_area=0.94
../../data/raw/train/16-cdmx2020bus-a_jpg.rf.825b01773ff234e20bfaccc19414593e.jpg,box_suspiciously_large,WARN,rel_area=0.97
../../data/raw/train/CarLongPlate180_jpg.rf.ec82a639db66691d1a17d0f34510c648.jpg,box_out_of_bounds,WARN,box exceeds image bounds
../../data/raw/train/1649292507311_png_jpg.rf.5919c5d3fba5054934a50a1bdd242278.jpg,box_suspiciously_large,WARN,rel_area=0.92
../../data/raw/train/19-gro8283_jpg.rf.076de8d299150df764b115ef4326bc00.jpg,box_suspiciously_large,WARN,rel_area=1.00
../../data/raw/train/19-GRO-GY-99-999-Carga_jpg.rf.01ed2536c0075f942a8d9e928a78fe48.jpg,box_suspiciously_large,WARN,rel_area=1.00
../../data/raw/train/14-D_NP_840285-MLM29407100331_022019-Q_jpg.rf.c32b315c26f7714a0346400e597b6f65.jpg,box_out_of_bounds,WARN,box exceeds image bounds
../../data/raw/train/1649292507311_jpg.rf.24b81751b7f749c2a871a0ab72d9edc8.jpg,box_suspiciously_large,WARN,rel_area=1.00
../../data/raw/train/boderquandoi3_jpg.rf.e6e33f90a1a1d60a923bb7c5208f5c3f.jpg,box_tiny,WARN,rel_area=4.55e-04 (24x13px)
../../data/raw/train/boderquandoi3_jpg.rf.e6e33f90a1a1d60a923bb7c5208f5c3f.jpg,box_tiny,WARN,rel_area=2.23e-04 (17x9px)
../../data/raw/train/boderquandoi3_jpg.rf.e6e33f90a1a1d60a923bb7c5208f5c3f.jpg,box_tiny,WARN,rel_area=2.10e-04 (18x8px)
../../data/raw/train/CarLongPlateGen1243_jpg.rf.de14ac494f4c24fed0d5d93975c1950d.jpg,box_out_of_bounds,WARN,box exceeds image bounds
../../data/raw/train/CarLongPlateGen3893_jpg.rf.478a107a0558802483149bd22290aabf.jpg,box_out_of_bounds,WARN,box exceeds image bounds
../../data/raw/train/1649292507304_jpg.rf.88755753ec70c35f0f680a84c8f938db.jpg,box_suspiciously_large,WARN,rel_area=1.00
../../data/raw/train/CarLongPlateGen3118_jpg.rf.c0188ed5665c65ab7a94efba6c291282.jpg,box_out_of_bounds,WARN,box exceeds image bounds
../../data/raw/train/23-PLACA-IMG3222-GUERR-Nueva-HFX_jpg.rf.2a14d454325f2539cee951550905c202.jpg,box_suspiciously_large,WARN,rel_area=0.98
../../data/raw/train/20-gro2015_jpg.rf.28a07f170b43ce8211b9ee963413f53f.jpg,box_suspiciously_large,WARN,rel_area=0.99
../../data/raw/train/19-cdmx2016rem_jpg.rf.9c97ef971ed4e29a1ff225db32bc50b5.jpg,box_suspiciously_large,WARN,rel_area=1.00
../../data/raw/train/15-cdmx2017eco_jpg.rf.c8a3e9f6ab7be78e56268520982d0624.jpg,box_suspiciously_large,WARN,rel_area=1.00
../../data/raw/train/16-Placa-2BGuerrero-2BServicio-2BPublico-2B999999E_jpg.rf.eebc6981ecced56e02ba61e0408e4ece.jpg,box_suspiciously_large,WARN,rel_area=1.00
../../data/raw/train/1633449297103_png_jpg.rf.484d12f1db06bc078387d6e5ed845597.jpg,box_suspiciously_large,WARN,rel_area=1.00
../../data/raw/train/1649292507324_jpg.rf.e955fc42bfb621f13645abb88fd9caaa.jpg,box_suspiciously_large,WARN,rel_area=1.00
../../data/raw/train/1649292507330_jpg.rf.fae7f09f232b740cbdcec56b751a8a13.jpg,box_suspiciously_large,WARN,rel_area=1.00
../../data/raw/train/14-cdmx2016aa_jpg.rf.581a47871321f10696fa3aaaf42171c4.jpg,box_suspiciously_large,WARN,rel_area=1.00
../../data/raw/train/14-GRO-HEZ_jpg.rf.82f377d2fbd9b7c787c07d403d28f50a.jpg,box_suspiciously_large,WARN,rel_area=1.00
../../data/raw/train/CarLongPlateGen2879_jpg.rf.46bcbeb44d803a3354faf0db16c43fac.jpg,box_out_of_bounds,WARN,box exceeds image bounds
../../data/raw/train/CarLongPlate171_jpg.rf.2022c8e1c13550daeb87d8745fbc5fc4.jpg,box_out_of_bounds,WARN,box exceeds image bounds
../../data/raw/train/1649292507324_jpg.rf.6be179d7100a7db0fa87843ef8523342.jpg,box_suspiciously_large,WARN,rel_area=1.00
../../data/raw/train/1649292507311_jpg.rf.9f7a12d725a55603b07a88afd5a02681.jpg,box_suspiciously_large,WARN,rel_area=1.00
../../data/raw/train/1649292507311_jpg.rf.c84d858611be183b1072b87e2bd1fb49.jpg,box_suspiciously_large,WARN,rel_area=1.00
../../data/raw/train/1649292507311_png_jpg.rf.ed29f70dac3512e13ca6c7615fa78c96.jpg,box_suspiciously_large,WARN,rel_area=0.90
../../data/raw/train/1649292507311_png_jpg.rf.dc4a24c16128ddc9a93187249d1b354f.jpg,box_suspiciously_large,WARN,rel_area=0.94
../../data/raw/train/13-cdmx2017pol-mc_jpg.rf.ddee6bb8bc3808479529eb5b14eb2e55.jpg,box_suspiciously_large,WARN,rel_area=1.00
../../data/raw/train/22-Placfa-extraviada_jpg.rf.548f604b86d45f2acc89f18b8255d756.jpg,box_suspiciously_large,WARN,rel_area=0.94
../../data/raw/train/15-cdmx2017eco_jpg.rf.a7ea49eef1fcfce687e2927c052aacec.jpg,box_suspiciously_large,WARN,rel_area=1.00
../../data/raw/train/CarLongPlateGen3881_jpg.rf.88c615ee28e3bd5ef37094a12c1ca511.jpg,box_out_of_bounds,WARN,box exceeds image bounds
../../data/raw/train/22-placa-guerrero-06_jpg.rf.160e7d9fa2045d8df4ab22113e23fe69.jpg,box_suspiciously_large,WARN,rel_area=1.00
../../data/raw/train/1649292507304_jpg.rf.01ff90166cf88549d5ab314f1662a320.jpg,box_suspiciously_large,WARN,rel_area=1.00
../../data/raw/train/CarLongPlateGen3873_jpg.rf.725b0d1fe548d33b7ed4ebe5ca0eeaba.jpg,box_out_of_bounds,WARN,box exceeds image bounds
../../data/raw/train/23-cdmx2017trk_jpg.rf.963647489545d982d6d74c92f98514b0.jpg,box_suspiciously_large,WARN,rel_area=1.00
../../data/raw/train/14-cdmx2016aa_jpg.rf.36ba74c4a58dd48b3b8bb626e683a9a5.jpg,box_suspiciously_large,WARN,rel_area=1.00
../../data/raw/train/24-GRO-HAP-Mar-tenue_jpg.rf.3cca8e70bcf80d5defd3af5f9719760b.jpg,box_out_of_bounds,WARN,box exceeds image bounds
../../data/raw/train/24-GRO-HAP-Mar-tenue_jpg.rf.3cca8e70bcf80d5defd3af5f9719760b.jpg,box_suspiciously_large,WARN,rel_area=0.99
../../data/raw/train/CarLongPlateGen2888_jpg.rf.c2fc38471cceed0e63f72d44a5f360bb.jpg,box_out_of_bounds,WARN,box exceeds image bounds
../../data/raw/train/21-Placa-2BGUERRERO-2BAutomovil-2BHCK-99-99-2BGuerrero-2BCumple-2BClavado-2BLa-2BQuebrada_jpg.rf.c6a9bf0170dbfbc8570378348462eb4d.jpg,box_suspiciously_large,WARN,rel_area=1.00
../../data/raw/train/1649292507300_jpg.rf.1e281bfcc714cc5d9a4137ac27c76866.jpg,box_suspiciously_large,WARN,rel_area=0.98
../../data/raw/train/14-GRO-HEZ_jpg.rf.f1a2ab181b0d03b6a5ed8e41a3783861.jpg,box_suspiciously_large,WARN,rel_area=0.98
../../data/raw/train/16-Placa-2BGuerrero-2BServicio-2BPublico-2B999999E_jpg.rf.25c7300c55b491ca5662d907cb03b94a.jpg,box_suspiciously_large,WARN,rel_area=1.00
../../data/raw/train/19-GRO-GY-99-999-Carga_jpg.rf.5f8e4927ece10e6575283a6b6e46c31b.jpg,box_suspiciously_large,WARN,rel_area=1.00
../../data/raw/train/19-gro8283_jpg.rf.067c2fc64065fc8000f1852bbcbc1112.jpg,box_suspiciously_large,WARN,rel_area=1.00
../../data/raw/train/19-cdmx2016rem_jpg.rf.b34837e67ff2b81407bd3c276f5d9c9d.jpg,box_suspiciously_large,WARN,rel_area=1.00
../../data/raw/train/1649292507298_jpg.rf.bcc4c317c99e3a8272b1672eebc9856e.jpg,box_suspiciously_large,WARN,rel_area=1.00
../../data/raw/train/18-71EAMA2gJUL-_AC_SX450__jpg.rf.39233e85b1d8d2ad179d73f6a8cdf370.jpg,box_suspiciously_large,WARN,rel_area=0.98
../../data/raw/train/1649292507330_jpg.rf.20d1623acfb34037a8a777dc8b3cc5c7.jpg,box_suspiciously_large,WARN,rel_area=1.00
../../data/raw/train/17-gro2018_jpg.rf.3a48e3ab45157931b7964f30b025b44a.jpg,box_suspiciously_large,WARN,rel_area=1.00
../../data/raw/train/16-cdmx2020bus-a_jpg.rf.fa79195eb980aacc9d6a97764d8462f1.jpg,box_suspiciously_large,WARN,rel_area=1.00
../../data/raw/train/23-PLACA-IMG3222-GUERR-Nueva-HFX_jpg.rf.dbe71d227042a45a072302d8329091e6.jpg,box_suspiciously_large,WARN,rel_area=1.00
../../data/raw/train/17-cdmx2017policia-t_jpg.rf.4635f1c182977a016e077274cf8d998e.jpg,box_suspiciously_large,WARN,rel_area=1.00
../../data/raw/train/CarLongPlate171_jpg.rf.cb877cd4f662139ca62bdb2f9499f188.jpg,box_out_of_bounds,WARN,box exceeds image bounds
../../data/raw/train/1633449297103_png_jpg.rf.1349d8c160dcb9d088fc26a4fa927d11.jpg,box_suspiciously_large,WARN,rel_area=1.00
../../data/raw/train/20-gro2015_jpg.rf.c676b927cf71a8cbfa1124145ac575ff.jpg,box_suspiciously_large,WARN,rel_area=1.00
../../data/raw/train/16-cdmx2020bus-a_jpg.rf.2da5374c44dff7928d641a66b7fba4bf.jpg,box_suspiciously_large,WARN,rel_area=1.00
../../data/raw/train/15-cdmx2017eco_jpg.rf.8613f4ddd7ce0f6ccb13bdcfe9e4635c.jpg,box_suspiciously_large,WARN,rel_area=1.00
../../data/raw/train/22-Placfa-extraviada_jpg.rf.a6373a74b2cca5f3cc416fd526260f32.jpg,box_suspiciously_large,WARN,rel_area=0.92
../../data/raw/train/14-cdmx2016aa_jpg.rf.2ac451e04f57726e06a6085052080832.jpg,box_suspiciously_large,WARN,rel_area=0.99
../../data/raw/train/16-Placa-2BGuerrero-2BServicio-2BPublico-2B999999E_jpg.rf.30160ac002414973d8b2249bca1385f0.jpg,box_suspiciously_large,WARN,rel_area=1.00
../../data/raw/train/1649292507310_jpg.rf.7ee7f034981ac077eb5fd5b4887fb452.jpg,box_suspiciously_large,WARN,rel_area=0.96
../../data/raw/train/1649292507311_jpg.rf.949685668a7173d5d0e8910d4a0d9b40.jpg,box_suspiciously_large,WARN,rel_area=1.00
../../data/raw/train/14-GRO-HEZ_jpg.rf.68c3f4542198db7aa86f2a0561668a6d.jpg,box_suspiciously_large,WARN,rel_area=1.00
../../data/raw/train/22-placa-guerrero-06_jpg.rf.0cc1554eb5475dace61d09f828512f1d.jpg,box_suspiciously_large,WARN,rel_area=1.00
../../data/raw/train/13-cdmx2017pol-mc_jpg.rf.b3096d35badd2c445ff98344727c2e8c.jpg,box_suspiciously_large,WARN,rel_area=1.00
../../data/raw/train/1649292507298_jpg.rf.d441254b50c84eced7a6b75cfa026e9b.jpg,box_suspiciously_large,WARN,rel_area=0.97
../../data/raw/train/1633449297103_png_jpg.rf.a699e2fb3f28e38cc5ca6738662adbc1.jpg,box_suspiciously_large,WARN,rel_area=0.99
../../data/raw/train/1649292507300_jpg.rf.9c1fc53d2bbc2cec452b236109f0524f.jpg,box_out_of_bounds,WARN,box exceeds image bounds
../../data/raw/train/1649292507300_jpg.rf.9c1fc53d2bbc2cec452b236109f0524f.jpg,box_suspiciously_large,WARN,rel_area=0.92
../../data/raw/train/1649292507304_jpg.rf.72c140c05ad2b2edfe62c7b2677a77ed.jpg,box_suspiciously_large,WARN,rel_area=1.00
../../data/raw/train/CarLongPlateGen3072_jpg.rf.e3a643ebe01abdcdfb81526ddd5b8dd7.jpg,box_out_of_bounds,WARN,box exceeds image bounds
../../data/raw/train/20-gro2015_jpg.rf.6980e1e59888a002cb57076ee665ad11.jpg,box_suspiciously_large,WARN,rel_area=0.99
../../data/raw/train/23-cdmx2017trk_jpg.rf.650ad46a9c0c74676695b749c994d592.jpg,box_suspiciously_large,WARN,rel_area=1.00
../../data/raw/train/24-GRO-HAP-Mar-tenue_jpg.rf.90c952a27c96ffbeb25d8a7d797a8202.jpg,box_suspiciously_large,WARN,rel_area=0.97
../../data/raw/train/CarLongPlateGen3148_jpg.rf.9cca8883ae84d2f257dd11e6e96a2891.jpg,box_out_of_bounds,WARN,box exceeds image bounds
../../data/raw/train/21-Placa-2BGUERRERO-2BAutomovil-2BHCK-99-99-2BGuerrero-2BCumple-2BClavado-2BLa-2BQuebrada_jpg.rf.a719819821c3c2839d1000527a99dcec.jpg,box_suspiciously_large,WARN,rel_area=1.00
../../data/raw/train/pic_139_jpg.rf.aa2fc44e694cd2d472029d9250196705.jpg,box_out_of_bounds,WARN,box exceeds image bounds
../../data/raw/train/CarLongPlate183_jpg.rf.bed82f9f4b6c1b8680f1acebfe10b6bd.jpg,box_out_of_bounds,WARN,box exceeds image bounds
../../data/raw/train/23-PLACA-IMG3222-GUERR-Nueva-HFX_jpg.rf.d64c8301723b85229b99a340192db91b.jpg,box_suspiciously_large,WARN,rel_area=1.00
../../data/raw/train/17-cdmx2017policia-t_jpg.rf.cca50845843e75a2dd2601049571e95f.jpg,box_suspiciously_large,WARN,rel_area=1.00
../../data/raw/train/14-cdmx2016aa_jpg.rf.74f3080db457d3dc30c9627b16e10ccc.jpg,box_suspiciously_large,WARN,rel_area=1.00
../../data/raw/train/15-cdmx2017eco_jpg.rf.8f95068e1a5353d13c5cb910fcd7594c.jpg,box_suspiciously_large,WARN,rel_area=1.00
../../data/raw/train/16-Placa-2BGuerrero-2BServicio-2BPublico-2B999999E_jpg.rf.8d40dcb42be5142349573701bdd5e669.jpg,box_suspiciously_large,WARN,rel_area=1.00
../../data/raw/train/17-gro2018_jpg.rf.2da47daa672ec4674c30ac3baf8ff278.jpg,box_suspiciously_large,WARN,rel_area=1.00
../../data/raw/train/14-GRO-HEZ_jpg.rf.7728fb33eb4220247b308f9a78cdd161.jpg,box_suspiciously_large,WARN,rel_area=1.00
../../data/raw/train/1649292507320_jpg.rf.654de905669f842904aa16b0f83df9f2.jpg,box_out_of_bounds,WARN,box exceeds image bounds
../../data/raw/train/CarLongPlateGen3873_jpg.rf.b23cb0ecb9cd8ba0af5007562d486cd1.jpg,box_out_of_bounds,WARN,box exceeds image bounds
../../data/raw/train/1649292507330_jpg.rf.cb88be104c0d3bd541163b029ca86e2d.jpg,box_suspiciously_large,WARN,rel_area=1.00
../../data/raw/train/19-GRO-GY-99-999-Carga_jpg.rf.a07040e1372313ccdf546cc02250e9b9.jpg,box_suspiciously_large,WARN,rel_area=0.98
../../data/raw/train/19-gro8283_jpg.rf.982117cfbdfd314a376824b5b86721a3.jpg,box_suspiciously_large,WARN,rel_area=1.00
../../data/raw/train/19-cdmx2016rem_jpg.rf.a122770ca33337dca6881a46874a1eca.jpg,box_suspiciously_large,WARN,rel_area=1.00
../../data/raw/train/22-placa-guerrero-06_jpg.rf.d49081a0331e34c785eac7c50427d5f3.jpg,box_suspiciously_large,WARN,rel_area=1.00
../../data/raw/train/1649292507324_jpg.rf.46dd713ca971ca7ad687f59963f8323d.jpg,box_suspiciously_large,WARN,rel_area=0.99
../../data/raw/train/24-GRO-HAP-Mar-tenue_jpg.rf.7ab82aa1e336df50a1bc90aeff695249.jpg,box_suspiciously_large,WARN,rel_area=0.94
../../data/raw/train/23-cdmx2017trk_jpg.rf.009566ed4339db44809089a239d896c9.jpg,box_suspiciously_large,WARN,rel_area=1.00
../../data/raw/train/CarLongPlateGen3252_jpg.rf.310c6dd8d169d28cdab15d3f44f0fff6.jpg,box_out_of_bounds,WARN,box exceeds image bounds
../../data/raw/train/16-cdmx2020bus-a_jpg.rf.a241497597f2d532960b882b195724ad.jpg,box_suspiciously_large,WARN,rel_area=1.00
../../data/raw/train/1649292507300_jpg.rf.c20861bdce3bf49e8fb3f9391b63729a.jpg,box_suspiciously_large,WARN,rel_area=0.98
../../data/raw/train/1649292507310_jpg.rf.07f7d357346cadbe4134353c6314e97b.jpg,box_suspiciously_large,WARN,rel_area=0.96
../../data/raw/train/1633449297103_png_jpg.rf.7b7c3fc330f748e464be27ccf1e3c310.jpg,box_suspiciously_large,WARN,rel_area=1.00
../../data/raw/train/23-PLACA-IMG3222-GUERR-Nueva-HFX_jpg.rf.b58b005efffec7e3d517500d25f9eb7e.jpg,box_suspiciously_large,WARN,rel_area=1.00
../../data/raw/train/1649292507311_jpg.rf.ac759ab2236e2d9ee0e05219c5c89d2e.jpg,box_suspiciously_large,WARN,rel_area=1.00
../../data/raw/train/19-gro8283_jpg.rf.344718c072c3568b86368d6d5e16a415.jpg,box_suspiciously_large,WARN,rel_area=0.94
../../data/raw/train/22-Placfa-extraviada_jpg.rf.5d375e99280d49c8d1c923be35ca2a48.jpg,box_suspiciously_large,WARN,rel_area=0.92
../../data/raw/train/1649292507316_jpg.rf.9881531939e43c3ab760d32653029a25.jpg,box_out_of_bounds,WARN,box exceeds image bounds
../../data/raw/train/20-gro2015_jpg.rf.dcc50eed4562b5429dd7d835c79d704e.jpg,box_suspiciously_large,WARN,rel_area=1.00
../../data/raw/train/13-cdmx2017pol-mc_jpg.rf.dd21be9a061beaa66de5cae2974e082e.jpg,box_suspiciously_large,WARN,rel_area=1.00
../../data/raw/train/1649292507304_jpg.rf.dcbae64ff1950f19038d3724fc718e82.jpg,box_suspiciously_large,WARN,rel_area=1.00
../../data/raw/train/1649292507311_png_jpg.rf.e82451fbb175a666b3829a8b7c4c7996.jpg,box_suspiciously_large,WARN,rel_area=0.96
../../data/raw/train/13-D_NQ_NP_833431-MLM31711686180_082019-W_jpg.rf.205f12e835ef1371ccbfaaf3913eccb9.jpg,box_out_of_bounds,WARN,box exceeds image bounds
../../data/raw/train/pic_349_jpg.rf.406a7b3d66e8d1d1137d9e8976e71189.jpg,box_out_of_bounds,WARN,box exceeds image bounds
../../data/raw/train/21-Placa-2BGUERRERO-2BAutomovil-2BHCK-99-99-2BGuerrero-2BCumple-2BClavado-2BLa-2BQuebrada_jpg.rf.a157dfe0da4d2111160a1ff082b007de.jpg,box_suspiciously_large,WARN,rel_area=1.00
../../data/raw/train/1649292507324_jpg.rf.c9b7a85780a3cf37d562b4ab679525db.jpg,box_suspiciously_large,WARN,rel_area=0.93
../../data/raw/train/17-cdmx2017policia-t_jpg.rf.c77b9ceddff0a69a075495e50c258068.jpg,box_suspiciously_large,WARN,rel_area=1.00
../../data/raw/train/19-cdmx2016rem_jpg.rf.8567d5f430864220c0d0854a3e87ef85.jpg,box_suspiciously_large,WARN,rel_area=1.00
../../data/raw/train/19-GRO-GY-99-999-Carga_jpg.rf.2edfd23b64ed817fb7da6e20094a72f8.jpg,box_suspiciously_large,WARN,rel_area=0.94
../../data/raw/train/1649292507330_jpg.rf.444225931802c95438f21efba0846061.jpg,box_suspiciously_large,WARN,rel_area=1.00
../../data/raw/train/17-gro2018_jpg.rf.2868e9c7383d6ebf5bc822b71ad3162e.jpg,box_suspiciously_large,WARN,rel_area=1.00
../../data/raw/train/18-71EAMA2gJUL-_AC_SX450__jpg.rf.7243c35c35e3d2a688731099578c1e6b.jpg,box_suspiciously_large,WARN,rel_area=0.98
../../data/raw/train/1649292507324_jpg.rf.67ad38eed3fc391569a736dc39ef8423.jpg,box_suspiciously_large,WARN,rel_area=1.00
../../data/raw/train/22-Placfa-extraviada_jpg.rf.9a85aae3b8694285adb9cc216cd2bac8.jpg,box_suspiciously_large,WARN,rel_area=0.97
../../data/raw/train/14-cdmx2016aa_jpg.rf.ce0fc43695d23571a83525a4cbafc25c.jpg,box_suspiciously_large,WARN,rel_area=0.92
../../data/raw/train/16-Placa-2BGuerrero-2BServicio-2BPublico-2B999999E_jpg.rf.4599220fa2401f5d93f6b955e06c22e1.jpg,box_suspiciously_large,WARN,rel_area=0.91
../../data/raw/train/1649292507304_jpg.rf.27c0eb1e9f5d9b338f3225c372d64fcf.jpg,box_suspiciously_large,WARN,rel_area=1.00
../../data/raw/train/CarLongPlateGen2545_jpg.rf.a244bdd8999db8ed0e3dc98b5d104e0f.jpg,box_out_of_bounds,WARN,box exceeds image bounds
../../data/raw/train/16-cdmx2020bus-a_jpg.rf.ba60dcd4151f1b57d95130be84c3f3d9.jpg,box_suspiciously_large,WARN,rel_area=0.91
../../data/raw/train/1649292507311_jpg.rf.3eb490ee9387870738dc51f8d6d58adf.jpg,box_suspiciously_large,WARN,rel_area=1.00
../../data/raw/train/1649292507330_jpg.rf.39712ea086b563f40db0d7575afe1b66.jpg,box_suspiciously_large,WARN,rel_area=1.00
../../data/raw/train/CarLongPlateGen2991_jpg.rf.5a77287e18e2c2c8310fde5f339f004b.jpg,box_out_of_bounds,WARN,box exceeds image bounds
../../data/raw/train/23-PLACA-IMG3222-GUERR-Nueva-HFX_jpg.rf.bbe40fdb3d82e7c69bad3d3ba1a4e3b9.jpg,box_suspiciously_large,WARN,rel_area=0.94
../../data/raw/train/23-cdmx2017trk_jpg.rf.bf8627afe6b318c81e74475bb946c575.jpg,box_suspiciously_large,WARN,rel_area=0.91
../../data/raw/train/pic_349_jpg.rf.60ded57ccb1073c92c7a5b6d2f5809fe.jpg,box_out_of_bounds,WARN,box exceeds image bounds
../../data/raw/train/CarLongPlateGen3873_jpg.rf.9129bacabbc7458fa75b45f586177ccf.jpg,box_out_of_bounds,WARN,box exceeds image bounds
../../data/raw/train/CarLongPlateGen2998_jpg.rf.4bffdd2efa7618eab4e61f2361c63805.jpg,box_out_of_bounds,WARN,box exceeds image bounds
../../data/raw/train/CarLongPlateGen3090_jpg.rf.886e42e8b3096d978f0b19c55d52ff45.jpg,box_out_of_bounds,WARN,box exceeds image bounds
../../data/raw/train/boderquandoi8_jpg.rf.752b55bf44f360b0844c141d790e4e62.jpg,box_tiny,WARN,rel_area=4.76e-04 (21x8px)
../../data/raw/train/brightnessngoaigiao10_jpg.rf.7dffe9a975a115adc19c4c8e45ee10e1.jpg,box_tiny,WARN,rel_area=4.20e-04 (5x4px)
../../data/raw/train/CarLongPlateGen3252_jpg.rf.639c807883af3e85130c53dbacc64adf.jpg,box_out_of_bounds,WARN,box exceeds image bounds
../../data/raw/train/boderquandoi96_jpg.rf.3aa765cf421e44bb71bf7d52867a4211.jpg,box_tiny,WARN,rel_area=3.99e-04 (17x9px)
../../data/raw/train/CarLongPlateGen2576_jpg.rf.9f769e3819874eb6f86ec9ce039a004c.jpg,box_out_of_bounds,WARN,box exceeds image bounds
../../data/raw/train/brightnessngoaigiao10_jpg.rf.41d2ff2703f0004c02982953be76b4e1.jpg,box_tiny,WARN,rel_area=4.37e-04 (5x4px)
../../data/raw/train/boderquandoi8_jpg.rf.4098715d8821114857f8841c9b0112d9.jpg,box_tiny,WARN,rel_area=4.27e-04 (21x8px)
../../data/raw/train/boderquandoi96_jpg.rf.85c277463af6c2c7254f41c070085ac4.jpg,box_tiny,WARN,rel_area=4.15e-04 (17x9px)
../../data/raw/train/brightnessngoaigiao12_jpg.rf.b9ee90a01ed205c59da1e95a4249f198.jpg,box_out_of_bounds,WARN,box exceeds image bounds
../../data/raw/train/boderquandoi8_jpg.rf.1dfed8f100f0a042fb546fa00c9ce64c.jpg,box_tiny,WARN,rel_area=4.52e-04 (21x8px)
../../data/raw/train/brightnessngoaigiao1_jpg.rf.4eef9b05ac52666322e0d69e08845598.jpg,box_out_of_bounds,WARN,box exceeds image bounds
../../data/raw/train/pic_425_jpg.rf.9f6bfd7af6e2729d3517de388c4e8558.jpg,box_out_of_bounds,WARN,box exceeds image bounds
../../data/raw/train/xemay1527_jpg.rf.f724cba1baeff75c6b154435cdaf6097.jpg,box_out_of_bounds,WARN,box exceeds image bounds
../../data/raw/train/pic_112_jpg.rf.30dc4a87c703b6667de4f888c84ca72c.jpg,box_out_of_bounds,WARN,box exceeds image bounds
../../data/raw/train/brightnessngoaigiao1_jpg.rf.bcd48172007bbd741840f5309a2e8594.jpg,box_out_of_bounds,WARN,box exceeds image bounds
../../data/raw/train/pic_144_jpg.rf.1a4a80e504651a182611660229877307.jpg,box_out_of_bounds,WARN,box exceeds image bounds
../../data/raw/train/CarLongPlateGen1252_jpg.rf.3bd131e1a710559daae0d8dd2835071b.jpg,box_out_of_bounds,WARN,box exceeds image bounds
../../data/raw/train/CarLongPlateGen3252_jpg.rf.a4a22e77ee11109977e839d1651d214d.jpg,box_out_of_bounds,WARN,box exceeds image bounds
../../data/raw/train/boderquandoi8_jpg.rf.d1eaefb2b0cfac4c65a70ee648f5b135.jpg,box_tiny,WARN,rel_area=4.52e-04 (21x8px)
../../data/raw/train/brightnessngoaigiao10_jpg.rf.5162b265a5a3a98bbab9544016da3b1c.jpg,box_tiny,WARN,rel_area=4.16e-04 (5x4px)
../../data/raw/train/pic_093_jpg.rf.958204e783ae409c7d4294a923fa8210.jpg,box_out_of_bounds,WARN,box exceeds image bounds
../../data/raw/train/brightnessngoaigiao10_jpg.rf.67c7ba96a1c312ebf1ed845c8f97620f.jpg,box_tiny,WARN,rel_area=4.37e-04 (5x4px)
../../data/raw/train/boderquandoi8_jpg.rf.a736256d32776e6f7c85f88b6117f26b.jpg,box_tiny,WARN,rel_area=4.16e-04 (21x8px)
../../data/raw/train/CarLongPlateGen1759_jpg.rf.cdff26c46eec87bac9e7203ab6e99865.jpg,box_out_of_bounds,WARN,box exceeds image bounds
../../data/raw/train/brightnessngoaigiao1_jpg.rf.168a6baf0ec9f3c9ab51a274c88fe09a.jpg,box_out_of_bounds,WARN,box exceeds image bounds
../../data/raw/train/boderquandoi8_jpg.rf.7cf4ff8549dc4898b2073c2d8c7498e2.jpg,box_tiny,WARN,rel_area=4.61e-04 (21x8px)
../../data/raw/train/boderquandoi8_jpg.rf.795365d9d4edd08d232364fb228b0471.jpg,box_tiny,WARN,rel_area=3.94e-04 (21x7px)
../../data/raw/train/boderquandoi96_jpg.rf.8261b3003fd4a3e3c380bdacb099edc1.jpg,box_tiny,WARN,rel_area=4.59e-04 (17x10px)
../../data/raw/train/brightnessngoaigiao10_jpg.rf.f3da10b12b68b3a95488fa17a97a4ee0.jpg,box_tiny,WARN,rel_area=4.04e-04 (5x4px)
../../data/raw/train/boderquandoi8_jpg.rf.a4e80c5a1f8af9e10f714d6aa1260047.jpg,box_tiny,WARN,rel_area=4.58e-04 (21x8px)
../../data/raw/train/brightnessngoaigiao1_jpg.rf.bff3dabce6582c8b2ff82420259b1cce.jpg,box_out_of_bounds,WARN,box exceeds image bounds
../../data/raw/train/boderquandoi96_jpg.rf.1cc47edcd04379aabce0bc81f1b6cf0e.jpg,box_tiny,WARN,rel_area=4.54e-04 (18x10px)
../../data/raw/train/boderquandoi96_jpg.rf.0073dcc5f2dca5a3737206cf7a481226.jpg,box_tiny,WARN,rel_area=4.65e-04 (17x10px)
../../data/raw/train/brightnessngoaigiao10_jpg.rf.c9ee910d7f9ecf236f766800f2c396df.jpg,box_tiny,WARN,rel_area=4.52e-04 (5x4px)
../../data/raw/train/boderquandoi8_jpg.rf.df23c2dc8c37a071c34fea1644d9c757.jpg,box_tiny,WARN,rel_area=3.71e-04 (21x7px)
../../data/raw/train/boderquandoi8_jpg.rf.90e31fad6b9f6635c12f5ed618137a4d.jpg,box_tiny,WARN,rel_area=3.49e-04 (21x7px)
../../data/raw/train/CarLongPlateGen1732_jpg.rf.8cc59cf0b6bbdd6b5aadd82fa4931a03.jpg,box_out_of_bounds,WARN,box exceeds image bounds
../../data/raw/train/boderquandoi96_jpg.rf.e6092f8181ca4b2ca99819f448b2f1ad.jpg,box_tiny,WARN,rel_area=3.59e-04 (17x9px)
../../data/raw/train/boderquandoi96_jpg.rf.48e46c9b5ea39d839438231282ccf320.jpg,box_tiny,WARN,rel_area=4.90e-04 (18x10px)
../../data/raw/train/boderquandoi96_jpg.rf.1975f9cd027bccc125db6ff250e3d674.jpg,box_tiny,WARN,rel_area=4.31e-04 (17x10px)
../../data/raw/train/brightnessngoaigiao10_jpg.rf.b9e618548d7489fbd4c16e9423195638.jpg,box_tiny,WARN,rel_area=3.96e-04 (5x4px)
../../data/raw/train/CarLongPlateGen1774_jpg.rf.8e7971b6fc2b7cafb12ae7d39a40000d.jpg,box_out_of_bounds,WARN,box exceeds image bounds
../../data/raw/train/CarLongPlateGen1732_jpg.rf.5888ce70d77492729be64ecd56abbe22.jpg,box_out_of_bounds,WARN,box exceeds image bounds
../../data/raw/train/CarLongPlateGen1759_jpg.rf.6e1d541143cf08ec5f87a600750240a5.jpg,box_out_of_bounds,WARN,box exceeds image bounds
../../data/raw/train/CarLongPlateGen1732_jpg.rf.fee9ff074d9aab81109569ce3bddec37.jpg,box_out_of_bounds,WARN,box exceeds image bounds
../../data/raw/train/036221c6bdaec44c_jpg.rf.710deff81f363aae2236c384c0d22caf.jpg,box_tiny,WARN,rel_area=1.96e-04 (16x7px)
../../data/raw/train/036221c6bdaec44c_jpg.rf.710deff81f363aae2236c384c0d22caf.jpg,box_tiny,WARN,rel_area=2.95e-04 (21x8px)
../../data/raw/train/036221c6bdaec44c_jpg.rf.710deff81f363aae2236c384c0d22caf.jpg,box_tiny,WARN,rel_area=1.30e-04 (18x4px)
../../data/raw/train/12-D_NQ_NP_690407-MLM31998594359_082019-W_jpg.rf.6ed4690a6245db508b07092319e8df80.jpg,box_suspiciously_large,WARN,rel_area=1.00
../../data/raw/train/02fdd3b7c77702ec_jpg.rf.0c11df2fbee9efe87c2c24a6de5681ec.jpg,box_out_of_bounds,WARN,box exceeds image bounds
../../data/raw/train/10-cdmx2017taxi_jpg.rf.690d1f7ec8203ca2d03111fc24497761.jpg,box_suspiciously_large,WARN,rel_area=1.00
../../data/raw/train/11-cdmx2017etaxi_jpg.rf.e65d6290319d05d2d72ec488a407a607.jpg,box_suspiciously_large,WARN,rel_area=0.97
../../data/raw/train/10-GRO-GZA9999-GZD-Auto_jpg.rf.9ccb8112075928d6c40b7a314ea8e560.jpg,box_suspiciously_large,WARN,rel_area=0.99
../../data/raw/train/01b2258172841ebc_jpg.rf.f1f945c96c06c54f35f295e08b0d5015.jpg,box_tiny,WARN,rel_area=4.85e-04 (37x8px)
../../data/raw/train/11-D_Q_NP_3941-MLM4882174000_082013-Q_jpg.rf.cbe0d2c4741aeee00544740f9d1d43dd.jpg,box_out_of_bounds,WARN,box exceeds image bounds
../../data/raw/train/0257f9e3387efc1a_jpg.rf.491ec04b64df79d4b45314616bdc3a02.jpg,box_tiny,WARN,rel_area=1.04e-04 (11x7px)
../../data/raw/train/11-cdmx2017etaxi_jpg.rf.64fde8c2d86423b4f5fe1691e31d338f.jpg,box_suspiciously_large,WARN,rel_area=1.00
../../data/raw/train/01f32030f855c316_jpg.rf.4192b309e2ca78a0fa0760286e5ae8c6.jpg,box_tiny,WARN,rel_area=4.29e-04 (23x12px)
../../data/raw/train/02ba8c25851c7e9d_jpg.rf.b8240e057a22cb54bc5513d7058cad44.jpg,box_tiny,WARN,rel_area=3.77e-04 (23x12px)
../../data/raw/train/01f32030f855c316_jpg.rf.5f83ca328de807f678cd6facb987ced0.jpg,box_tiny,WARN,rel_area=3.53e-04 (23x10px)
../../data/raw/train/02f6b0600b3ad4ed_jpg.rf.8fadf438856e11d06a836f2b07d3f156.jpg,box_tiny,WARN,rel_area=3.10e-04 (17x10px)
../../data/raw/train/02f6b0600b3ad4ed_jpg.rf.8fadf438856e11d06a836f2b07d3f156.jpg,box_tiny,WARN,rel_area=1.75e-04 (12x8px)
../../data/raw/train/02f6b0600b3ad4ed_jpg.rf.8fadf438856e11d06a836f2b07d3f156.jpg,box_tiny,WARN,rel_area=3.72e-04 (17x12px)
../../data/raw/train/02f6b0600b3ad4ed_jpg.rf.8fadf438856e11d06a836f2b07d3f156.jpg,box_tiny,WARN,rel_area=4.38e-04 (20x12px)
../../data/raw/train/02f6b0600b3ad4ed_jpg.rf.8fadf438856e11d06a836f2b07d3f156.jpg,box_tiny,WARN,rel_area=4.16e-04 (19x12px)
../../data/raw/train/10-cdmx2017taxi_jpg.rf.3cb8481f197e715abd20e983dc2cfeb2.jpg,box_suspiciously_large,WARN,rel_area=1.00
../../data/raw/train/02ba8c25851c7e9d_jpg.rf.1ed89acb8e4aa973981d2a9f29f4948e.jpg,box_tiny,WARN,rel_area=3.85e-04 (23x12px)
../../data/raw/train/02b3be99914d752c_jpg.rf.46fc7c606f7bf98f8c7d4b6441b8af33.jpg,box_tiny,WARN,rel_area=4.97e-04 (24x14px)
../../data/raw/train/10-GRO-GZA9999-GZD-Auto_jpg.rf.385593300c42867aba390eb205f20ca7.jpg,box_suspiciously_large,WARN,rel_area=0.96
../../data/raw/train/12-D_NQ_NP_690407-MLM31998594359_082019-W_jpg.rf.332a15929428d9e63e03fb1262f5c08f.jpg,box_suspiciously_large,WARN,rel_area=1.00
../../data/raw/train/0257f9e3387efc1a_jpg.rf.e5b7e36b235338cfa5e6013536b330a5.jpg,box_tiny,WARN,rel_area=1.17e-04 (11x7px)
../../data/raw/train/10-cdmx2017taxi_jpg.rf.192ca6f8c40cfcc8398e4c6853bb1de3.jpg,box_suspiciously_large,WARN,rel_area=1.00
../../data/raw/train/11-cdmx2017etaxi_jpg.rf.d5e8b4ae8bd8effbfe4e473ee3a8160f.jpg,box_suspiciously_large,WARN,rel_area=1.00
../../data/raw/train/10-GRO-GZA9999-GZD-Auto_jpg.rf.6f7c4060ff62186df18661bcf46e0134.jpg,box_suspiciously_large,WARN,rel_area=0.97
../../data/raw/train/02f6b0600b3ad4ed_jpg.rf.d1a0bf96be5b932f629f5932fb526362.jpg,box_tiny,WARN,rel_area=4.87e-04 (18x15px)
../../data/raw/train/02f6b0600b3ad4ed_jpg.rf.d1a0bf96be5b932f629f5932fb526362.jpg,box_tiny,WARN,rel_area=2.79e-04 (17x9px)
../../data/raw/train/02f6b0600b3ad4ed_jpg.rf.d1a0bf96be5b932f629f5932fb526362.jpg,box_tiny,WARN,rel_area=1.53e-04 (12x7px)
../../data/raw/train/02f6b0600b3ad4ed_jpg.rf.d1a0bf96be5b932f629f5932fb526362.jpg,box_tiny,WARN,rel_area=3.19e-04 (16x11px)
../../data/raw/train/02f6b0600b3ad4ed_jpg.rf.d1a0bf96be5b932f629f5932fb526362.jpg,box_tiny,WARN,rel_area=4.13e-04 (19x12px)
../../data/raw/train/02f6b0600b3ad4ed_jpg.rf.d1a0bf96be5b932f629f5932fb526362.jpg,box_tiny,WARN,rel_area=3.80e-04 (19x11px)
../../data/raw/train/12-D_NQ_NP_690407-MLM31998594359_082019-W_jpg.rf.6b38b291fc8ca83a438ffe124aec609c.jpg,box_suspiciously_large,WARN,rel_area=1.00
../../data/raw/train/02f6b0600b3ad4ed_jpg.rf.1773b23fc3a6da4f949b940a496905f3.jpg,box_out_of_bounds,WARN,box exceeds image bounds
../../data/raw/train/02f6b0600b3ad4ed_jpg.rf.1773b23fc3a6da4f949b940a496905f3.jpg,box_tiny,WARN,rel_area=1.72e-04 (6x14px)
../../data/raw/train/02f6b0600b3ad4ed_jpg.rf.1773b23fc3a6da4f949b940a496905f3.jpg,box_tiny,WARN,rel_area=2.61e-04 (16x8px)
../../data/raw/train/02f6b0600b3ad4ed_jpg.rf.1773b23fc3a6da4f949b940a496905f3.jpg,box_tiny,WARN,rel_area=1.71e-04 (12x7px)
../../data/raw/train/02f6b0600b3ad4ed_jpg.rf.1773b23fc3a6da4f949b940a496905f3.jpg,box_tiny,WARN,rel_area=3.59e-04 (16x11px)
../../data/raw/train/02f6b0600b3ad4ed_jpg.rf.1773b23fc3a6da4f949b940a496905f3.jpg,box_tiny,WARN,rel_area=4.26e-04 (19x11px)
../../data/raw/train/02f6b0600b3ad4ed_jpg.rf.1773b23fc3a6da4f949b940a496905f3.jpg,box_tiny,WARN,rel_area=3.67e-04 (18x10px)
../../data/raw/train/02ba8c25851c7e9d_jpg.rf.a3be9ea51b72037282a5580a352e4e05.jpg,box_tiny,WARN,rel_area=4.64e-04 (24x14px)
../../data/raw/train/01f32030f855c316_jpg.rf.76b2e284650f9ddd3a95a49dd5da5ec6.jpg,box_tiny,WARN,rel_area=2.88e-04 (22x9px)
../../data/raw/train/02b3be99914d752c_jpg.rf.852d1ed1f6d6faaae0105677ee8f9259.jpg,box_tiny,WARN,rel_area=4.72e-04 (24x13px)
../../data/raw/train/036221c6bdaec44c_jpg.rf.2bcc6715f7acedd47200ea551b9e3e15.jpg,box_tiny,WARN,rel_area=1.65e-04 (16x7px)
../../data/raw/train/036221c6bdaec44c_jpg.rf.2bcc6715f7acedd47200ea551b9e3e15.jpg,box_tiny,WARN,rel_area=2.14e-04 (21x7px)
../../data/raw/train/036221c6bdaec44c_jpg.rf.2bcc6715f7acedd47200ea551b9e3e15.jpg,box_tiny,WARN,rel_area=8.43e-05 (18x3px)
../../data/raw/train/036221c6bdaec44c_jpg.rf.80621c6f72c66da33cbd0096ef4e0899.jpg,box_tiny,WARN,rel_area=2.42e-04 (17x9px)
../../data/raw/train/036221c6bdaec44c_jpg.rf.80621c6f72c66da33cbd0096ef4e0899.jpg,box_tiny,WARN,rel_area=3.48e-04 (22x10px)
../../data/raw/train/036221c6bdaec44c_jpg.rf.80621c6f72c66da33cbd0096ef4e0899.jpg,box_tiny,WARN,rel_area=1.52e-04 (19x5px)
../../data/raw/train/036221c6bdaec44c_jpg.rf.e46bebe0f40515904c51b69f32a7d985.jpg,box_tiny,WARN,rel_area=1.77e-04 (16x7px)
../../data/raw/train/036221c6bdaec44c_jpg.rf.e46bebe0f40515904c51b69f32a7d985.jpg,box_tiny,WARN,rel_area=2.67e-04 (21x8px)
../../data/raw/train/036221c6bdaec44c_jpg.rf.e46bebe0f40515904c51b69f32a7d985.jpg,box_tiny,WARN,rel_area=1.16e-04 (18x4px)
../../data/raw/train/033dc103ddcb1b79_jpg.rf.fe4f5270292b2d8ba38e0598eb1b5a75.jpg,box_tiny,WARN,rel_area=4.98e-04 (16x21px)
../../data/raw/train/034cc7a1d5e2c556_jpg.rf.5d3fc25e5506538a009391d727741018.jpg,box_tiny,WARN,rel_area=3.09e-04 (29x7px)
../../data/raw/train/0257f9e3387efc1a_jpg.rf.356a5882c224642a4d07c29555df87ca.jpg,box_tiny,WARN,rel_area=7.50e-05 (10x6px)
../../data/raw/train/02b3be99914d752c_jpg.rf.f05bd971b32748474ae99de03266451a.jpg,box_tiny,WARN,rel_area=4.08e-04 (23x12px)
../../data/raw/train/02b3be99914d752c_jpg.rf.f05bd971b32748474ae99de03266451a.jpg,box_tiny,WARN,rel_area=4.96e-04 (26x13px)
../../data/raw/train/02b3be99914d752c_jpg.rf.f05bd971b32748474ae99de03266451a.jpg,box_tiny,WARN,rel_area=4.96e-04 (26x13px)
../../data/raw/train/01f32030f855c316_jpg.rf.aba445883b12522cfa382330f8d6fe43.jpg,box_tiny,WARN,rel_area=4.83e-04 (24x13px)
../../data/raw/train/0257f9e3387efc1a_jpg.rf.77771da80709410d37e2212d1e521cae.jpg,box_tiny,WARN,rel_area=9.95e-05 (11x7px)
../../data/raw/train/02ba8c25851c7e9d_jpg.rf.ad5554449f0aa5fda8708cf2ef546eaf.jpg,box_tiny,WARN,rel_area=3.28e-04 (22x12px)
../../data/raw/train/image8_jpeg_jpg.rf.4dfc0e6886d0c9f59f5128e12813f5ec.jpg,box_suspiciously_large,WARN,rel_area=1.00
../../data/raw/train/images3_jpg.rf.72c490a99385d07106affc123ded1596.jpg,box_suspiciously_large,WARN,rel_area=1.00
../../data/raw/train/images28_jpg.rf.f8b19790944665df0324636a1b859a80.jpg,box_suspiciously_large,WARN,rel_area=0.95
../../data/raw/train/images3_jpg.rf.9761893bb174e75c41a36ac4db7eb528.jpg,box_suspiciously_large,WARN,rel_area=1.00
../../data/raw/train/image8_jpeg_jpg.rf.2478fe8ba60d2bca6717cf3bcf0602fd.jpg,box_suspiciously_large,WARN,rel_area=1.00
../../data/raw/train/d5f4069e6734ac06_jpg.rf.1996148c5c7d15c446ac2f07f11cdc99.jpg,box_tiny,WARN,rel_area=1.06e-04 (3x5px)
../../data/raw/train/images4_jpg.rf.1434f00bb660b3f11db60b1a73d40f41.jpg,box_out_of_bounds,WARN,box exceeds image bounds
../../data/raw/train/images28_jpg.rf.c6922468923126506ed965d10ee60531.jpg,box_suspiciously_large,WARN,rel_area=0.96
../../data/raw/train/image11_jpeg_jpg.rf.d82d8eac82f96f142454c971bcadf134.jpg,box_suspiciously_large,WARN,rel_area=1.00
../../data/raw/train/image11_jpeg_jpg.rf.fa01485cc86b713af179221ab0e5a0fe.jpg,box_suspiciously_large,WARN,rel_area=1.00
../../data/raw/train/images19_jpg.rf.aa81d8392799fd17cf35ed7fb81723f2.jpg,box_suspiciously_large,WARN,rel_area=0.92
../../data/raw/train/images22_jpg.rf.1c6734ac330d085e7dfe9b6e8afb6459.jpg,box_suspiciously_large,WARN,rel_area=0.94
../../data/raw/train/images_jpg.rf.ff15cb57bfcbe954855111916a41747f.jpg,box_out_of_bounds,WARN,box exceeds image bounds
../../data/raw/train/image32_png_jpg.rf.92cfda89cc477f4a5b1a69e320e59f0f.jpg,box_suspiciously_large,WARN,rel_area=0.96
../../data/raw/train/image32_png_jpg.rf.8648c819b32e8cb82ebc05774f240ca4.jpg,box_suspiciously_large,WARN,rel_area=0.96
../../data/raw/train/d5f4069e6734ac06_jpg.rf.b43671a3d7c3c90412b82ac2460bc527.jpg,box_tiny,WARN,rel_area=2.55e-04 (8x5px)
../../data/raw/train/images31_jpg.rf.e7cdce063de7d87aaa78a9c58818f005.jpg,box_out_of_bounds,WARN,box exceeds image bounds
../../data/raw/train/images3_jpg.rf.4a8e6cbd61dac0366c8b168eb1be3123.jpg,box_suspiciously_large,WARN,rel_area=1.00
../../data/raw/train/d5f4069e6734ac06_jpg.rf.139f36134e531e85b7d4b5d9b47ae69a.jpg,box_tiny,WARN,rel_area=2.66e-04 (8x5px)
../../data/raw/train/images4_jpg.rf.93f46d77cfd572dcce571fb4c5c7e53a.jpg,box_out_of_bounds,WARN,box exceeds image bounds
../../data/raw/train/image8_jpeg_jpg.rf.8715ce8fb27c40d45d53ea0353a1cbbe.jpg,box_suspiciously_large,WARN,rel_area=1.00
../../data/raw/train/image32_png_jpg.rf.b3e91b2dab3a1d87dfeee44de6788398.jpg,box_suspiciously_large,WARN,rel_area=0.95
../../data/raw/train/images28_jpg.rf.a79c3e994c284d629b7b1f83c4c38c87.jpg,box_suspiciously_large,WARN,rel_area=1.00
../../data/raw/train/images22_jpg.rf.48d0f76a831f037c594067415d1bff14.jpg,box_suspiciously_large,WARN,rel_area=0.92
../../data/raw/train/image11_jpeg_jpg.rf.4fd5d4fcd2635e5f228dd073405b4bbb.jpg,box_suspiciously_large,WARN,rel_area=1.00
../../data/raw/train/image8_jpeg_jpg.rf.4b312743c528f60b85345b950221e8be.jpg,box_suspiciously_large,WARN,rel_area=1.00
../../data/raw/train/images18_jpg.rf.156ab9f1d8595a167ffd33f43edf9021.jpg,box_out_of_bounds,WARN,box exceeds image bounds
../../data/raw/train/d5f4069e6734ac06_jpg.rf.a3446eff996691bbf86f60ddddcacb97.jpg,box_tiny,WARN,rel_area=3.38e-04 (9x6px)
../../data/raw/train/image11_jpeg_jpg.rf.9f8dc1c77320bad53e7b34819516e418.jpg,box_suspiciously_large,WARN,rel_area=1.00
../../data/raw/train/d5f4069e6734ac06_jpg.rf.f774336cd605e55b76fd0b84ae8ef320.jpg,box_tiny,WARN,rel_area=2.88e-04 (8x6px)
../../data/raw/train/images22_jpg.rf.e92b3673ad662e7ea1c9ff527242e9cf.jpg,box_suspiciously_large,WARN,rel_area=0.96
../../data/raw/train/images28_jpg.rf.fb80c18938e191547de047ecbf7877ec.jpg,box_suspiciously_large,WARN,rel_area=0.93
../../data/raw/train/xemay1548_jpg.rf.5255787627126343d66cada50240d81f.jpg,box_out_of_bounds,WARN,box exceeds image bounds
../../data/raw/train/license-pic-3-1_jpg.rf.9352741d842e79d4c665ee8fab6cf08b.jpg,box_suspiciously_large,WARN,rel_area=0.98
../../data/raw/train/image29_jpeg_jpg.rf.94cfaff5538ab3f4b9ab7e36d82422b1.jpg,box_out_of_bounds,WARN,box exceeds image bounds
../../data/raw/train/images22_jpg.rf.7a695b6ba294d6da096037003014c258.jpg,box_suspiciously_large,WARN,rel_area=1.00
../../data/raw/train/xemay10_jpg.rf.620cf626ea7f44321bb36f3ab3e93f3d.jpg,box_out_of_bounds,WARN,box exceeds image bounds
../../data/raw/train/images3_jpg.rf.4678a83a9ec817729b98d11e2ef338c9.jpg,box_suspiciously_large,WARN,rel_area=1.00
../../data/raw/train/image32_png_jpg.rf.1a83df11e8026bc7e42e9c0c4944ae1b.jpg,box_suspiciously_large,WARN,rel_area=0.92
../../data/raw/train/license-pic-3-1_jpg.rf.d4c58a4177dac2927c6088af4b24a497.jpg,box_suspiciously_large,WARN,rel_area=1.00
../../data/raw/train/image11_jpeg_jpg.rf.98ff6f62473eee98bc6ed3b204744c6e.jpg,box_suspiciously_large,WARN,rel_area=1.00
../../data/raw/train/d5f4069e6734ac06_jpg.rf.f16d3123c547af9da1f9349e91f66781.jpg,box_tiny,WARN,rel_area=1.69e-04 (5x5px)
../../data/raw/train/images28_jpg.rf.7c8a806b3632da3c0862d4c1250dd971.jpg,box_suspiciously_large,WARN,rel_area=1.00
../../data/raw/train/image11_jpeg_jpg.rf.ec37be2078dc0e86a1813403def4ba9a.jpg,box_suspiciously_large,WARN,rel_area=1.00
../../data/raw/train/license-pic-3-1_jpg.rf.39ecef14ec287bedde8e3a39151abcea.jpg,box_suspiciously_large,WARN,rel_area=1.00
../../data/raw/train/image8_jpeg_jpg.rf.41f51cbe3b3c0f2e73578030a1877f1d.jpg,box_suspiciously_large,WARN,rel_area=1.00
../../data/raw/train/images4_jpg.rf.9991b6ea291f478bc3586b8319a96e81.jpg,box_out_of_bounds,WARN,box exceeds image bounds
../../data/raw/train/images3_jpg.rf.1f1910c6ac1a80bf0f398eb4cbcc1298.jpg,box_suspiciously_large,WARN,rel_area=1.00
../../data/raw/train/image11_jpeg_jpg.rf.f46a4e21e48a58c5fd4d2de54b32599c.jpg,box_suspiciously_large,WARN,rel_area=1.00
../../data/raw/train/license-pic-3-1_jpg.rf.8e9fac5e5f61050e3717cd65023da5c7.jpg,box_suspiciously_large,WARN,rel_area=1.00
../../data/raw/train/image9_jpeg_jpg.rf.ec95543a894a226cc380922216c3efc9.jpg,box_out_of_bounds,WARN,box exceeds image bounds
../../data/raw/train/image8_jpeg_jpg.rf.13478d7748b0d5181af1a7eefcd7a1af.jpg,box_suspiciously_large,WARN,rel_area=1.00
../../data/raw/train/images22_jpg.rf.88a85af4e556533bb8db6a3b379f894b.jpg,box_suspiciously_large,WARN,rel_area=0.99
../../data/raw/train/images28_jpg.rf.f30a25457550a1b9fbbe5cd903ff265e.jpg,box_suspiciously_large,WARN,rel_area=0.96
../../data/raw/train/image8_jpeg_jpg.rf.2501a4104254c8223455fea15584d6ff.jpg,box_suspiciously_large,WARN,rel_area=1.00
../../data/raw/train/d5f4069e6734ac06_jpg.rf.d8430d023e2c58eaa021e5584957b9c6.jpg,box_tiny,WARN,rel_area=2.69e-04 (8x5px)
../../data/raw/train/image11_jpeg_jpg.rf.20de3a194e5ae0c54d8bfbeea43688d5.jpg,box_suspiciously_large,WARN,rel_area=0.98
../../data/raw/train/images3_jpg.rf.02e5722a85d12ee449b3ac17b1b725cf.jpg,box_suspiciously_large,WARN,rel_area=1.00
../../data/raw/train/d5f4069e6734ac06_jpg.rf.9e588aa0c94568be5f1f13690a2627b6.jpg,box_tiny,WARN,rel_area=3.03e-04 (8x6px)
../../data/raw/train/images22_jpg.rf.e0b2bb0f0c45c5664e7d4a878f7a15ff.jpg,box_suspiciously_large,WARN,rel_area=0.97
../../data/raw/train/d5f4069e6734ac06_jpg.rf.c0780e139099ab2bb114256d307ed7df.jpg,box_tiny,WARN,rel_area=2.45e-04 (8x5px)
../../data/raw/train/image11_jpeg_jpg.rf.4c82109caea6421f42154cef8a8dea64.jpg,box_suspiciously_large,WARN,rel_area=1.00
../../data/raw/train/image8_jpeg_jpg.rf.ee80bfb6c2b5729d26cb9c6d0987372f.jpg,box_suspiciously_large,WARN,rel_area=1.00
../../data/raw/train/images3_jpg.rf.16e336bb54a03e04e515ea84660ab9a0.jpg,box_suspiciously_large,WARN,rel_area=1.00
../../data/raw/train/images28_jpg.rf.1cc857062e51a3deefb3b2d9e5438fd9.jpg,box_suspiciously_large,WARN,rel_area=0.95
../../data/raw/train/kathmandu-nepal-vehicle-license-plate-BCJ5ED_jpg.rf.adfae44fc8d0318427ec36ed81dc6678.jpg,box_out_of_bounds,WARN,box exceeds image bounds
../../data/raw/train/images4_jpg.rf.e5e434117ca149706e17e2e5c2ea9a8e.jpg,box_out_of_bounds,WARN,box exceeds image bounds
../../data/raw/train/image11_jpeg_jpg.rf.46b366b99981676e059cdcd22a67b7bb.jpg,box_suspiciously_large,WARN,rel_area=1.00
../../data/raw/train/images28_jpg.rf.85b868cc4b3d9fcfc605ebe6d167b45d.jpg,box_suspiciously_large,WARN,rel_area=0.97
../../data/raw/train/d5f4069e6734ac06_jpg.rf.bcd3fd6aad9df240822f75d1df2c9077.jpg,box_tiny,WARN,rel_area=2.52e-04 (8x5px)
../../data/raw/train/image32_png_jpg.rf.e61af99ea2e67c254fae352456108e56.jpg,box_suspiciously_large,WARN,rel_area=0.96
../../data/raw/train/license-pic-3-1_jpg.rf.c0e835f6d8c967cc832b2b8893562a83.jpg,box_suspiciously_large,WARN,rel_area=0.95
../../data/raw/train/images28_jpg.rf.0000827635644cc0fcbb135aa15c032b.jpg,box_suspiciously_large,WARN,rel_area=0.99
../../data/raw/train/images3_jpg.rf.d2782a8111d151658c1bde1b0268ec7a.jpg,box_suspiciously_large,WARN,rel_area=1.00
../../data/raw/train/images3_jpg.rf.0a7cb9ad81e249fa27a279091210635e.jpg,box_suspiciously_large,WARN,rel_area=1.00
../../data/raw/train/images3_jpg.rf.949507749e8afd6975ad082e72957dfe.jpg,box_suspiciously_large,WARN,rel_area=0.98
../../data/raw/train/image11_jpeg_jpg.rf.f4a2ee8b3beb4029581341fcb1e3906d.jpg,box_suspiciously_large,WARN,rel_area=1.00
../../data/raw/train/images22_jpg.rf.efe09f7da7dcc514423ff7b4e019fcdc.jpg,box_suspiciously_large,WARN,rel_area=0.96
../../data/raw/train/image8_jpeg_jpg.rf.be44bbc1818893b3bc1dc6fa6c670fd4.jpg,box_suspiciously_large,WARN,rel_area=1.00
../../data/raw/train/images19_jpg.rf.281085f49626ee3b6f5977814f5a07da.jpg,box_suspiciously_large,WARN,rel_area=0.93
../../data/raw/train/images28_jpg.rf.fe4d8ed6b424f0a9e8666db7d5125790.jpg,box_suspiciously_large,WARN,rel_area=1.00
../../data/raw/train/image32_png_jpg.rf.d96316c81dac85f25968ed49c4054929.jpg,box_suspiciously_large,WARN,rel_area=0.96
../../data/raw/train/images22_jpg.rf.89e26d60360afd050fe2f6290eedd75e.jpg,box_suspiciously_large,WARN,rel_area=0.95
../../data/raw/train/license-pic-3-1_jpg.rf.57d72f8b5f2bd148998ac2e452da39dc.jpg,box_suspiciously_large,WARN,rel_area=1.00
../../data/raw/train/image32_png_jpg.rf.415765e2bba3af01760563d22343d2d2.jpg,box_suspiciously_large,WARN,rel_area=0.99
../../data/raw/train/images4_jpg.rf.8486b5b829df0075194b041a3bc5ccf0.jpg,box_out_of_bounds,WARN,box exceeds image bounds
../../data/raw/train/image32_png_jpg.rf.b3eb769ec07add3295dfc20cc3e58e0d.jpg,box_suspiciously_large,WARN,rel_area=0.97
../../data/raw/train/images3_jpg.rf.b407473aff26b37912a0da982183a77f.jpg,box_suspiciously_large,WARN,rel_area=1.00
../../data/raw/train/image8_jpeg_jpg.rf.0e64478ef1f32405f3582fb1da2251d4.jpg,box_suspiciously_large,WARN,rel_area=1.00
../../data/raw/train/image9_jpeg_jpg.rf.1b573fd6492f78806e8cf928ba37d185.jpg,box_out_of_bounds,WARN,box exceeds image bounds
../../data/raw/train/images3_jpg.rf.bd8bd7770af80df19ff520e03546c5a2.jpg,box_suspiciously_large,WARN,rel_area=1.00
../../data/raw/train/license-pic-3-1_jpg.rf.03b6e93e62ba70f3aa8032c16c6c1d70.jpg,box_suspiciously_large,WARN,rel_area=1.00
../../data/raw/train/d5f4069e6734ac06_jpg.rf.60ec2dfc8d2da9032d1455a5e28459ba.jpg,box_tiny,WARN,rel_area=2.90e-04 (8x6px)
../../data/raw/train/images28_jpg.rf.069606edcef6cfa72cee16c5ff9ea274.jpg,box_suspiciously_large,WARN,rel_area=0.99
../../data/raw/train/images22_jpg.rf.88326ad67096ee760c90974baeec77af.jpg,box_suspiciously_large,WARN,rel_area=0.91
../../data/raw/train/images19_jpg.rf.4f9f40cb68870fe14ded556031d846e5.jpg,box_suspiciously_large,WARN,rel_area=0.94
../../data/raw/train/images31_jpg.rf.76e4b7824b9e8b1a66aa0585e8f70058.jpg,box_out_of_bounds,WARN,box exceeds image bounds
../../data/raw/train/images28_jpg.rf.8e25356ed536640c31af6f7a62e698e6.jpg,box_suspiciously_large,WARN,rel_area=1.00
../../data/raw/train/images3_jpg.rf.67d2faa92246266b6fea1d8d9d157f55.jpg,box_suspiciously_large,WARN,rel_area=1.00
../../data/raw/train/images31_jpg.rf.51574c2562c56c500e7291491194be57.jpg,box_out_of_bounds,WARN,box exceeds image bounds
../../data/raw/train/image32_png_jpg.rf.73e14ced517c634834eb5ef8a265f891.jpg,box_suspiciously_large,WARN,rel_area=0.97
../../data/raw/train/cropquandoi14_jpg.rf.92a622af99e73c2fcf16f8bf322c552b.jpg,box_out_of_bounds,WARN,box exceeds image bounds
../../data/raw/train/image8_jpeg_jpg.rf.ee0c84b612cc64ad2570a156508d8626.jpg,box_suspiciously_large,WARN,rel_area=1.00
../../data/raw/train/image11_jpeg_jpg.rf.b66ba4386c46c019a483af5d45b42f49.jpg,box_suspiciously_large,WARN,rel_area=1.00
../../data/raw/train/image8_jpeg_jpg.rf.e48cf61ef382c1a1582a3ad54abcce73.jpg,box_suspiciously_large,WARN,rel_area=1.00
../../data/raw/train/license-pic-3-1_jpg.rf.4102de11d5b876c63e1efc29208c5967.jpg,box_suspiciously_large,WARN,rel_area=0.93
../../data/raw/train/image9_jpeg_jpg.rf.e9cafc9908a61890c2e1f46549f41be1.jpg,box_out_of_bounds,WARN,box exceeds image bounds
../../data/raw/train/d5f4069e6734ac06_jpg.rf.64e25f60fedaacda846522359c93e2d5.jpg,box_tiny,WARN,rel_area=2.31e-04 (8x5px)
../../data/raw/train/cropquandoi66_jpg.rf.a6c7ec470c38cedff8ae60854199b2e6.jpg,box_out_of_bounds,WARN,box exceeds image bounds
../../data/raw/train/d5f4069e6734ac06_jpg.rf.7b2a6d93d93692f8d95736169c136acc.jpg,box_tiny,WARN,rel_area=3.16e-04 (9x6px)
../../data/raw/train/image8_jpeg_jpg.rf.cd40f2f600ab61adc51295cc9f7ae882.jpg,box_suspiciously_large,WARN,rel_area=1.00
../../data/raw/train/image11_jpeg_jpg.rf.baf5e841fc4f6baf26b4a1389fb394c3.jpg,box_suspiciously_large,WARN,rel_area=1.00
../../data/raw/train/license-pic-3-1_jpg.rf.74ccaeadd1e6312f819917f062d604e1.jpg,box_suspiciously_large,WARN,rel_area=0.97
../../data/raw/train/license-pic-3-1_jpg.rf.26399b2c3a3f73e877c28f89640bafce.jpg,box_suspiciously_large,WARN,rel_area=1.00
../../data/raw/train/license-pic-3-1_jpg.rf.af8d4008086fe2e19c926070f33a5ce5.jpg,box_suspiciously_large,WARN,rel_area=0.96
../../data/raw/train/license-pic-3-1_jpg.rf.c823002a23023aaa5697c6f551eda798.jpg,box_suspiciously_large,WARN,rel_area=0.95
../../data/raw/train/license-pic-3-1_jpg.rf.0e15eb320924d0f84eda1405bfaf5ed5.jpg,box_suspiciously_large,WARN,rel_area=1.00
../../data/raw/train/image8_jpeg_jpg.rf.c39b797cb1af226d05aedf75dd536fb2.jpg,box_suspiciously_large,WARN,rel_area=1.00
../../data/raw/train/images18_jpg.rf.6f7d5bef5ef794a282c9acb1fb5f4fc8.jpg,box_out_of_bounds,WARN,box exceeds image bounds
../../data/raw/train/images3_jpg.rf.20de4809c8a1a43733598941f7fc7508.jpg,box_suspiciously_large,WARN,rel_area=1.00
../../data/raw/train/cropngoaigiao1_jpg.rf.b31b7887ec05503bc9d064755ff1e545.jpg,box_out_of_bounds,WARN,box exceeds image bounds
../../data/raw/train/images22_jpg.rf.1e6dbd8f7fca04a29c85e06d48aec963.jpg,box_suspiciously_large,WARN,rel_area=0.96
../../data/raw/train/images28_jpg.rf.5f47565840ef0361dfeabbc6e074b078.jpg,box_suspiciously_large,WARN,rel_area=0.99
../../data/raw/train/CarLongPlateGen1581_jpg.rf.a435c4e31828465b276c3695af01fad2.jpg,box_out_of_bounds,WARN,box exceeds image bounds
../../data/raw/train/pic_629_jpg.rf.33f0bdccdfca742b8407abcef6747465.jpg,box_out_of_bounds,WARN,box exceeds image bounds
../../data/raw/train/pic_698_jpg.rf.8a0b812fc45701a61ec837d359033439.jpg,box_out_of_bounds,WARN,box exceeds image bounds
../../data/raw/train/13-cdmx2017pol-mc_jpg.rf.7661032e0248085e30bb33151c211896.jpg,box_suspiciously_large,WARN,rel_area=1.00
../../data/raw/train/20-gro2015_jpg.rf.26c4163688f1106dd580150e403a5f58.jpg,box_suspiciously_large,WARN,rel_area=1.00
../../data/raw/train/1649292507304_jpg.rf.ef4f23a84b28d6e8493b7637e03dfbb9.jpg,box_suspiciously_large,WARN,rel_area=1.00
../../data/raw/train/19-gro8283_jpg.rf.94bdc44e34f74eac8159309180455b28.jpg,box_suspiciously_large,WARN,rel_area=1.00
../../data/raw/train/19-cdmx2016rem_jpg.rf.2fa0e79af1da40273b65746fbb23078b.jpg,box_suspiciously_large,WARN,rel_area=1.00
../../data/raw/train/1649292507310_jpg.rf.84fbe77ddd206a43b26ed3617be88ef5.jpg,box_suspiciously_large,WARN,rel_area=0.93
../../data/raw/train/14-cdmx2016aa_jpg.rf.a38346541ebe5a4932faebee83514e8a.jpg,box_suspiciously_large,WARN,rel_area=0.97
../../data/raw/train/15-cdmx2017eco_jpg.rf.ac7d0e1afc2957bc5f66d447e1ff67b2.jpg,box_suspiciously_large,WARN,rel_area=1.00
../../data/raw/train/23-cdmx2017trk_jpg.rf.9c079c65b06496c6e84a6826009e0126.jpg,box_suspiciously_large,WARN,rel_area=1.00
../../data/raw/train/1649292507311_jpg.rf.fd3b383dad2f791e885cbd1f25aa834f.jpg,box_suspiciously_large,WARN,rel_area=1.00
../../data/raw/train/21-Placa-2BGUERRERO-2BAutomovil-2BHCK-99-99-2BGuerrero-2BCumple-2BClavado-2BLa-2BQuebrada_jpg.rf.d992dbf2753730cd52b3b9ce24fbd789.jpg,box_suspiciously_large,WARN,rel_area=1.00
../../data/raw/train/14-GRO-HEZ_jpg.rf.11d53a6918eebd25afcbfcdd92ae87bb.jpg,box_suspiciously_large,WARN,rel_area=1.00
../../data/raw/train/16-Placa-2BGuerrero-2BServicio-2BPublico-2B999999E_jpg.rf.fe068320bad84619797eb5d6b150d70b.jpg,box_suspiciously_large,WARN,rel_area=1.00
../../data/raw/train/2-s-l640_jpg.rf.c51e7726af34c49240c0fafbee9aadf9.jpg,box_out_of_bounds,WARN,box exceeds image bounds
../../data/raw/train/16-cdmx2020bus-a_jpg.rf.22134da3d8a4c6d58dd3b09d72a69be8.jpg,box_suspiciously_large,WARN,rel_area=1.00
../../data/raw/train/15-D_Q_NP_209715-MLM25307482752_012017-Q_jpg.rf.f61c2433028f3ac859faf65afd911f7f.jpg,box_out_of_bounds,WARN,box exceeds image bounds
../../data/raw/train/1649292507300_jpg.rf.a1b6305e91b13edf8007d029625405d3.jpg,box_suspiciously_large,WARN,rel_area=0.99
../../data/raw/train/1633449297103_png_jpg.rf.67965c5adef2161f1ebcb99a8f231a8b.jpg,box_suspiciously_large,WARN,rel_area=1.00
../../data/raw/train/24-GRO-HAP-Mar-tenue_jpg.rf.0a2591018a83fbe92efd21b90998bbed.jpg,box_suspiciously_large,WARN,rel_area=0.99
../../data/raw/train/18-71EAMA2gJUL-_AC_SX450__jpg.rf.3ae7d1222a08827b27fabbe18fcd2594.jpg,box_suspiciously_large,WARN,rel_area=0.96
../../data/raw/train/22-placa-guerrero-06_jpg.rf.0cb6fe3809e716b15eb1a01297fce433.jpg,box_suspiciously_large,WARN,rel_area=1.00
../../data/raw/train/1649292507324_jpg.rf.8560d8970b22d537f4000f7dc65c79c9.jpg,box_suspiciously_large,WARN,rel_area=1.00
../../data/raw/train/19-GRO-GY-99-999-Carga_jpg.rf.bdcd865d77b99923f7c43d45b6a22bdb.jpg,box_suspiciously_large,WARN,rel_area=1.00
../../data/raw/train/1649292507330_jpg.rf.b4b5d7021ba1db78eade6adcf2ea631e.jpg,box_suspiciously_large,WARN,rel_area=1.00
../../data/raw/train/17-cdmx2017policia-t_jpg.rf.e1154f55b3917ae98e8cc5749add7ba7.jpg,box_suspiciously_large,WARN,rel_area=1.00
../../data/raw/train/23-PLACA-IMG3222-GUERR-Nueva-HFX_jpg.rf.6f41405acfc1ca05a75d48b05c763d29.jpg,box_suspiciously_large,WARN,rel_area=1.00
../../data/raw/train/17-gro2018_jpg.rf.6e1411dde6ac17f02e71d19550dc83fa.jpg,box_suspiciously_large,WARN,rel_area=1.00
../../data/raw/train/CarLongPlateGen2991_jpg.rf.68c335e99b114560ae1ab3763e8e5519.jpg,box_out_of_bounds,WARN,box exceeds image bounds
../../data/raw/train/22-Placfa-extraviada_jpg.rf.0ef0ba7d51cc12aa7438f5febc650f82.jpg,box_out_of_bounds,WARN,box exceeds image bounds
../../data/raw/train/22-Placfa-extraviada_jpg.rf.0ef0ba7d51cc12aa7438f5febc650f82.jpg,box_suspiciously_large,WARN,rel_area=0.91
../../data/raw/train/CarLongPlateGen3018_jpg.rf.18e3949276c595a917452b22ee412c95.jpg,box_out_of_bounds,WARN,box exceeds image bounds
../../data/raw/train/CarLongPlate282_jpg.rf.51f2b3e6573db82e14ac41205c7b4d8e.jpg,box_out_of_bounds,WARN,box exceeds image bounds
../../data/raw/train/CarLongPlate368_jpg.rf.3ff4b20e94d3ce0fda5a5786f54d96bf.jpg,box_out_of_bounds,WARN,box exceeds image bounds
../../data/raw/train/CarLongPlate28_jpg.rf.e8cd1b4ed26c97e6351c50134d75d6e3.jpg,box_out_of_bounds,WARN,box exceeds image bounds
../../data/raw/train/CarLongPlate368_jpg.rf.0235d50df0ac0eb1c707830d896e138c.jpg,box_out_of_bounds,WARN,box exceeds image bounds
../../data/raw/train/CarLongPlate32_jpg.rf.025e03c6179a4533e5297bc3dfb2371f.jpg,box_out_of_bounds,WARN,box exceeds image bounds
../../data/raw/train/xemay68_jpg.rf.fd402b079536638400d75f77fbad2a77.jpg,box_out_of_bounds,WARN,box exceeds image bounds
../../data/raw/train/boderquandoi4_jpg.rf.94d0367a0d52d63ad1652141242491e8.jpg,box_tiny,WARN,rel_area=3.96e-04 (17x13px)
../../data/raw/train/boderquandoi3_jpg.rf.e1d8d9322f2bfb942106a936d3cc3582.jpg,box_tiny,WARN,rel_area=2.89e-04 (18x10px)
../../data/raw/train/boderquandoi3_jpg.rf.e1d8d9322f2bfb942106a936d3cc3582.jpg,box_tiny,WARN,rel_area=3.05e-04 (19x10px)
../../data/raw/train/WONELLY_jpg.rf.b4e4c79e738a0c8b473392912c63c9c8.jpg,box_out_of_bounds,WARN,box exceeds image bounds
../../data/raw/train/brightnessquandoi92_jpg.rf.857d87463ccb4fd95578709cb312b7c4.jpg,box_out_of_bounds,WARN,box exceeds image bounds
../../data/raw/train/brightnessquandoi94_jpg.rf.812d9beade6d3dcfcd77a48c8864cfb4.jpg,box_tiny,WARN,rel_area=4.26e-04 (12x10px)
../../data/raw/train/brightnessquandoi93_jpg.rf.7b3b52aa4812beaafeacea2007a57fe3.jpg,box_tiny,WARN,rel_area=4.95e-04 (14x8px)
../../data/raw/train/brightnessquandoi94_jpg.rf.da49d83f46f59d2a5df563c63b4c730c.jpg,box_tiny,WARN,rel_area=4.72e-04 (13x11px)
../../data/raw/train/brightnessquandoi94_jpg.rf.3670690c5bb92ad2a83fb3b9717aa0ae.jpg,box_tiny,WARN,rel_area=4.20e-04 (12x10px)
../../data/raw/train/Cars132_png_jpg.rf.1fe6121e04a9228f0db232475205a111.jpg,box_out_of_bounds,WARN,box exceeds image bounds
../../data/raw/train/Cars132_png_jpg.rf.0f5db43b221e936f2951acb7b3e15417.jpg,box_tiny,WARN,rel_area=2.96e-04 (2x13px)
../../data/raw/train/brightnessquandoi94_jpg.rf.d0c2704296a63092bf3fa64136ff6e47.jpg,box_tiny,WARN,rel_area=4.57e-04 (12x10px)
../../data/raw/train/brightnessquandoi93_jpg.rf.b904588e769b04564fb350b1be2dbe45.jpg,box_tiny,WARN,rel_area=4.99e-04 (14x8px)
../../data/raw/train/car-number-license-plate-retro-usa-cars-vector-29385843_jpg.rf.91e24908bef3cd049dea2909b034d9e4.jpg,box_suspiciously_large,WARN,rel_area=0.90
../../data/raw/train/How-20To-20Keep-20Your-20License-20Plate-20When-20Selling_jpg.rf.132f343f9c8ddae6290fb651615e1f55.jpg,box_out_of_bounds,WARN,box exceeds image bounds
../../data/raw/train/Here_s-20why-20you_re-20seeing-20those-20black-20and-20yellow_yyt_jpg.rf.f182016bcc6638f6d664fed9b33e389e.jpg,box_suspiciously_large,WARN,rel_area=1.00
../../data/raw/train/Cars132_png_jpg.rf.b2e0c2cfdcd572695bccac8e4a9f39a2.jpg,box_out_of_bounds,WARN,box exceeds image bounds
../../data/raw/train/22-placa-guerrero-06_jpg.rf.f09c04298cca2a5b583a53d4b19dff7c.jpg,box_suspiciously_large,WARN,rel_area=1.00
../../data/raw/train/24-GRO-HAP-Mar-tenue_jpg.rf.8d28519b5a499ac9ceddfaae9ba79d36.jpg,box_suspiciously_large,WARN,rel_area=0.97
../../data/raw/train/23-cdmx2017trk_jpg.rf.94d501bb2379c23067fec6a76b7c761e.jpg,box_suspiciously_large,WARN,rel_area=0.99
../../data/raw/train/Here_s-20why-20you_re-20seeing-20those-20black-20and-20yellow_yyt_jpg.rf.71b82067a6f14a66a573d88aa20f4fa5.jpg,box_suspiciously_large,WARN,rel_area=0.98
../../data/raw/train/Here_s-20why-20you_re-20seeing-20those-20black-20and-20yellow_yyt_jpg.rf.a0ff597df5687f27c6e98587f4a4dcea.jpg,box_suspiciously_large,WARN,rel_area=0.95
../../data/raw/train/How-20to-20Transfer-20Your-20License-20Plate-20Number-20From_yyth_jpg.rf.55d7718e2403f0eeb5c77229d0724cab.jpg,box_suspiciously_large,WARN,rel_area=0.99
../../data/raw/train/How-20to-20mount-20front-20license-20plates-20-20YouTube_jpg.rf.902a2a15bba8ce2f1e4efeefa268ce27.jpg,box_suspiciously_large,WARN,rel_area=0.93
../../data/raw/train/20-gro2015_jpg.rf.4b5dd5560b80c056a6d2caac6006eed8.jpg,box_suspiciously_large,WARN,rel_area=0.99
../../data/raw/train/23-PLACA-IMG3222-GUERR-Nueva-HFX_jpg.rf.76309022fe9929b18a1f6bb82e1bc7c4.jpg,box_suspiciously_large,WARN,rel_area=0.97
../../data/raw/train/How-20to-20Transfer-20Your-20License-20Plate-20Number-20From_yyth_jpg.rf.dfdab9f47e06c234a92cf56bb5fd09cf.jpg,box_suspiciously_large,WARN,rel_area=0.96
../../data/raw/train/21-Placa-2BGUERRERO-2BAutomovil-2BHCK-99-99-2BGuerrero-2BCumple-2BClavado-2BLa-2BQuebrada_jpg.rf.4ed2cea0e66ae399f23b878af645c273.jpg,box_suspiciously_large,WARN,rel_area=1.00
../../data/raw/train/22-Placfa-extraviada_jpg.rf.cf2d64e36ea30f0597ed64376c7fabe7.jpg,box_suspiciously_large,WARN,rel_area=0.97
../../data/raw/train/004e03d45963728e_jpg.rf.2d3fa874adc3fa2a37572361f8e714b8.jpg,box_tiny,WARN,rel_area=3.88e-04 (24x10px)
../../data/raw/train/17-gro2018_jpg.rf.d7b94ca6b9c16ca3e4ce46d243391fe4.jpg,box_suspiciously_large,WARN,rel_area=1.00
../../data/raw/train/2-s-l640_jpg.rf.787b90218cb6d7003674853f9383525c.jpg,box_out_of_bounds,WARN,box exceeds image bounds
../../data/raw/train/17-cdmx2017policia-t_jpg.rf.1263b09b5b2a26789479be1875b2c0a4.jpg,box_suspiciously_large,WARN,rel_area=0.95
../../data/raw/train/1649292507324_jpg.rf.da223e95743d1833188e8408f2a138a2.jpg,box_suspiciously_large,WARN,rel_area=1.00
../../data/raw/train/00494d0811b9e652_jpg.rf.363b7a7bbdb6021671b4e3661a67715d.jpg,box_tiny,WARN,rel_area=5.08e-05 (10x4px)
../../data/raw/train/00494d0811b9e652_jpg.rf.363b7a7bbdb6021671b4e3661a67715d.jpg,box_tiny,WARN,rel_area=4.05e-05 (8x4px)
../../data/raw/train/00494d0811b9e652_jpg.rf.363b7a7bbdb6021671b4e3661a67715d.jpg,box_tiny,WARN,rel_area=6.12e-05 (12x4px)
../../data/raw/train/00494d0811b9e652_jpg.rf.363b7a7bbdb6021671b4e3661a67715d.jpg,box_tiny,WARN,rel_area=8.82e-05 (10x7px)
../../data/raw/train/00494d0811b9e652_jpg.rf.363b7a7bbdb6021671b4e3661a67715d.jpg,box_tiny,WARN,rel_area=3.61e-04 (22x13px)
../../data/raw/train/1649292507330_jpg.rf.d0e76fe695680cf3f28a9a039b250d9d.jpg,box_suspiciously_large,WARN,rel_area=1.00
../../data/raw/train/0049ed70c1b2d480_jpg.rf.06858d9584efd7dc24d552da45cd963a.jpg,box_tiny,WARN,rel_area=1.58e-04 (12x10px)
../../data/raw/train/0049ed70c1b2d480_jpg.rf.06858d9584efd7dc24d552da45cd963a.jpg,box_tiny,WARN,rel_area=3.31e-04 (18x14px)
../../data/raw/train/18-71EAMA2gJUL-_AC_SX450__jpg.rf.2bba0553463cf504db4bae2e2f1f3fb5.jpg,box_suspiciously_large,WARN,rel_area=0.98
../../data/raw/train/19-gro8283_jpg.rf.ca312853ed5c38a76e36241f0a8dfde0.jpg,box_suspiciously_large,WARN,rel_area=0.99
../../data/raw/train/19-GRO-GY-99-999-Carga_jpg.rf.df3cd421ad7bc8d25149c6d3628f79ea.jpg,box_suspiciously_large,WARN,rel_area=1.00
../../data/raw/train/19-cdmx2016rem_jpg.rf.26c55489c090829f4ae36448f2d368e9.jpg,box_suspiciously_large,WARN,rel_area=1.00
../../data/raw/train/CarLongPlateGen2069_jpg.rf.fb02edcd8024707592d0064e564a977e.jpg,box_out_of_bounds,WARN,box exceeds image bounds
../../data/raw/train/003a9e99a2753141_jpg.rf.9863c23244aaa6ca52ee99ddd772f416.jpg,box_out_of_bounds,WARN,box exceeds image bounds
../../data/raw/train/00f7e34cb220ddbc_jpg.rf.1dda57304c148c3068dd7c0b0b6c0331.jpg,box_tiny,WARN,rel_area=3.92e-04 (22x13px)
../../data/raw/train/009d23e04f2fccd8_jpg.rf.ac7028ad40a0000b4c22cd8e9f40082d.jpg,box_tiny,WARN,rel_area=1.05e-04 (9x9px)
../../data/raw/train/01a599bd26b8ebf8_jpg.rf.2042bff358c9e6a7d6b4695251bb9527.jpg,box_tiny,WARN,rel_area=5.00e-04 (29x11px)
../../data/raw/train/00a09b822d470896_jpg.rf.5d4db641a6a625bed72bab52d16fc406.jpg,box_tiny,WARN,rel_area=2.58e-04 (19x9px)
../../data/raw/train/00b4d07f7be89f98_jpg.rf.c5295b8d168c0067158cef12cfe738af.jpg,box_tiny,WARN,rel_area=3.44e-04 (22x12px)
../../data/raw/train/00b4d07f7be89f98_jpg.rf.c5295b8d168c0067158cef12cfe738af.jpg,box_tiny,WARN,rel_area=3.01e-04 (21x11px)
../../data/raw/train/017b29ad9085a9a8_jpg.rf.b496d2407e46884207ab28c8e8a07670.jpg,box_tiny,WARN,rel_area=4.88e-04 (25x13px)
../../data/raw/train/00a09b822d470896_jpg.rf.6bec06356e94f0364ea3580ee6e08332.jpg,box_tiny,WARN,rel_area=2.75e-04 (19x9px)
../../data/raw/train/00b4d07f7be89f98_jpg.rf.ea09ba69dea2eecb4d38c2c3c4b677d8.jpg,box_tiny,WARN,rel_area=3.04e-04 (21x10px)
../../data/raw/train/00b4d07f7be89f98_jpg.rf.ea09ba69dea2eecb4d38c2c3c4b677d8.jpg,box_tiny,WARN,rel_area=2.61e-04 (20x9px)
../../data/raw/train/009d23e04f2fccd8_jpg.rf.46c7189b9eebd8ac62e998408cd76540.jpg,box_tiny,WARN,rel_area=7.72e-05 (8x7px)
../../data/raw/train/01a599bd26b8ebf8_jpg.rf.57ebdc33896777e6fbf4edfbbe346da8.jpg,box_tiny,WARN,rel_area=5.00e-04 (29x10px)
../../data/raw/train/01b09b8072388fdb_jpg.rf.1bc12b43ec367d4fe5857cc80d3f33d5.jpg,box_tiny,WARN,rel_area=4.44e-04 (32x9px)
../../data/raw/train/CarLongPlateGen2025_jpg.rf.643714a2d7fac4715644a9c9a727e82d.jpg,box_out_of_bounds,WARN,box exceeds image bounds
../../data/raw/train/0189de61d70fabfe_jpg.rf.136ca48208b5c9f351cc4f7917b5b391.jpg,box_tiny,WARN,rel_area=3.79e-04 (33x8px)
../../data/raw/train/0189de61d70fabfe_jpg.rf.62d5a71bdac955b93ed209fae04d72ce.jpg,box_tiny,WARN,rel_area=4.05e-04 (34x10px)
../../data/raw/train/00b4d07f7be89f98_jpg.rf.a3a7b42f7e98ceed2dafa7d90f720806.jpg,box_tiny,WARN,rel_area=2.93e-04 (21x10px)
../../data/raw/train/00b4d07f7be89f98_jpg.rf.a3a7b42f7e98ceed2dafa7d90f720806.jpg,box_tiny,WARN,rel_area=2.51e-04 (20x9px)
../../data/raw/train/015-wheels-classic-cadillac-122515-mr__20635443_jpg.rf.6836abb7dd43a71f0f4128e40ddaf99f.jpg,box_suspiciously_large,WARN,rel_area=0.94
../../data/raw/train/009824ffd4586a33_jpg.rf.04e26f2e690fef87abddabe235e7bb33.jpg,box_tiny,WARN,rel_area=4.18e-04 (21x12px)
../../data/raw/train/00a09b822d470896_jpg.rf.b17b06b97b9ac22acfe81d4328e03173.jpg,box_tiny,WARN,rel_area=3.13e-04 (19x10px)
../../data/raw/train/00f7e34cb220ddbc_jpg.rf.64db2425f53c6a116454216bffcef731.jpg,box_tiny,WARN,rel_area=3.92e-04 (22x13px)
../../data/raw/train/00a8d9ab7c3b9c0e_jpg.rf.6e7feabe879bf37f1f9d00d75a82e0e1.jpg,box_tiny,WARN,rel_area=4.57e-04 (19x13px)
../../data/raw/train/015-wheels-classic-cadillac-122515-mr__20635443_jpg.rf.b7d494afcf40f310114b4b702baadfce.jpg,box_suspiciously_large,WARN,rel_area=1.00
../../data/raw/train/01a599bd26b8ebf8_jpg.rf.766635ff00aa6af51bf30b8f01a4f91e.jpg,box_tiny,WARN,rel_area=2.52e-04 (12x13px)
../../data/raw/train/00a09b822d470896_jpg.rf.1f33ea308122bad738a24ef2d7ebbce7.jpg,box_tiny,WARN,rel_area=2.57e-04 (19x8px)
../../data/raw/train/009d23e04f2fccd8_jpg.rf.6ce36c88b3853edf56840d5e274cc6d1.jpg,box_tiny,WARN,rel_area=4.98e-04 (26x15px)
../../data/raw/train/009d23e04f2fccd8_jpg.rf.6ce36c88b3853edf56840d5e274cc6d1.jpg,box_tiny,WARN,rel_area=8.20e-05 (8x8px)
../../data/raw/train/CarLongPlateGen2061_jpg.rf.6af5cab631d5b1a25c0592ad9be92f11.jpg,box_out_of_bounds,WARN,box exceeds image bounds
../../data/raw/train/00b4d07f7be89f98_jpg.rf.ab1ec2ca56fe2ecb74aee784641c18bc.jpg,box_tiny,WARN,rel_area=3.81e-04 (22x12px)
../../data/raw/train/00b4d07f7be89f98_jpg.rf.ab1ec2ca56fe2ecb74aee784641c18bc.jpg,box_tiny,WARN,rel_area=3.63e-04 (21x12px)
../../data/raw/train/017b29ad9085a9a8_jpg.rf.bd2d503512ec3e38380be840dc985290.jpg,box_tiny,WARN,rel_area=4.75e-04 (25x12px)
../../data/raw/train/00f7e34cb220ddbc_jpg.rf.c6cbc6ad50b65172c03d4d04ebd7925b.jpg,box_tiny,WARN,rel_area=2.82e-04 (21x10px)
../../data/raw/train/00f7e34cb220ddbc_jpg.rf.c3d250874d623c7bb88417723336be4b.jpg,box_tiny,WARN,rel_area=3.67e-04 (22x12px)
../../data/raw/train/Cars390_png_jpg.rf.24b9b079d7cdeaf4653e67922d169405.jpg,box_out_of_bounds,WARN,box exceeds image bounds
../../data/raw/train/Cars263_png_jpg.rf.b14744a135bba38c46ffc8892779539d.jpg,box_out_of_bounds,WARN,box exceeds image bounds
../../data/raw/train/Cars330_png_jpg.rf.6198843322c9dd05c564490314455189.jpg,box_tiny,WARN,rel_area=3.53e-04 (4x9px)
../../data/raw/train/00b4d07f7be89f98_jpg.rf.0b0ab69b64caf420f396772ca51bad4a.jpg,box_tiny,WARN,rel_area=4.09e-04 (22x13px)
../../data/raw/train/00b4d07f7be89f98_jpg.rf.0b0ab69b64caf420f396772ca51bad4a.jpg,box_tiny,WARN,rel_area=3.60e-04 (21x12px)
../../data/raw/train/00a09b822d470896_jpg.rf.9e8764b9834dcb1fdd0a951c9cb04dd5.jpg,box_tiny,WARN,rel_area=2.16e-04 (19x7px)
../../data/raw/train/Cars390_png_jpg.rf.7d8e86a2f4c3bc8cce7dea70021f0683.jpg,box_out_of_bounds,WARN,box exceeds image bounds
../../data/raw/train/CarLongPlateGen2050_jpg.rf.d3d932a7b337e72fe8542bf51f12013c.jpg,box_out_of_bounds,WARN,box exceeds image bounds
../../data/raw/train/00f8eb771370fabc_jpg.rf.557037e6d258bcf5e6ec74d389c1eccd.jpg,box_out_of_bounds,WARN,box exceeds image bounds
../../data/raw/train/00f7e34cb220ddbc_jpg.rf.30bdfddc058676cf76da34d4e6c9be7d.jpg,box_tiny,WARN,rel_area=2.86e-04 (21x10px)
../../data/raw/train/012ee3701bb7582c_jpg.rf.143f54f4520c6e8b83b982e1ba882c4b.jpg,box_tiny,WARN,rel_area=4.13e-04 (13x19px)
../../data/raw/train/01a599bd26b8ebf8_jpg.rf.655f2ca11dbb850d22ed896521d3d933.jpg,box_tiny,WARN,rel_area=6.13e-05 (4x9px)
../../data/raw/train/CarLongPlateGen2023_jpg.rf.a78342b7e32468e8410eccac22b112a9.jpg,box_out_of_bounds,WARN,box exceeds image bounds
../../data/raw/train/CarLongPlateGen2025_jpg.rf.69c816bc7a98e59275c159c31b1c3ceb.jpg,box_out_of_bounds,WARN,box exceeds image bounds
../../data/raw/train/Cars315_png_jpg.rf.29058d25ae3dd0f2cd6c0155463a4493.jpg,box_out_of_bounds,WARN,box exceeds image bounds
../../data/raw/train/00a09b822d470896_jpg.rf.4322ab2bd6ad7fb1679fe606cfa74a40.jpg,box_tiny,WARN,rel_area=2.54e-04 (19x9px)
../../data/raw/train/009d23e04f2fccd8_jpg.rf.a5f043799b033092da3f0df01afc8f68.jpg,box_tiny,WARN,rel_area=8.35e-05 (8x8px)
../../data/raw/train/00a8d9ab7c3b9c0e_jpg.rf.2a7ac90c5def36d7dea15101a2e21d71.jpg,box_tiny,WARN,rel_area=4.41e-04 (19x14px)
../../data/raw/train/00f7e34cb220ddbc_jpg.rf.7808cc0dc1216b344d0dae4655a6a160.jpg,box_tiny,WARN,rel_area=3.35e-04 (22x11px)
../../data/raw/train/017b29ad9085a9a8_jpg.rf.ef997f97e3e318570003b0170e66d7eb.jpg,box_tiny,WARN,rel_area=3.49e-04 (24x10px)
../../data/raw/train/00b4d07f7be89f98_jpg.rf.342877b51e4a1d5d887d4060b04f29ba.jpg,box_tiny,WARN,rel_area=3.93e-04 (22x12px)
../../data/raw/train/00b4d07f7be89f98_jpg.rf.342877b51e4a1d5d887d4060b04f29ba.jpg,box_tiny,WARN,rel_area=3.75e-04 (21x12px)
../../data/raw/train/01a599bd26b8ebf8_jpg.rf.e3b7441ad5dab84fab0eb49f4e6d6013.jpg,box_tiny,WARN,rel_area=4.97e-04 (29x11px)
../../data/raw/train/00b4d07f7be89f98_jpg.rf.64682273a5fc02eaab3ea289081e457e.jpg,box_tiny,WARN,rel_area=3.98e-04 (22x12px)
../../data/raw/train/00b4d07f7be89f98_jpg.rf.64682273a5fc02eaab3ea289081e457e.jpg,box_tiny,WARN,rel_area=3.48e-04 (21x11px)
../../data/raw/train/00a09b822d470896_jpg.rf.80dbd1cdcf56049a48d4b26c5d872af4.jpg,box_tiny,WARN,rel_area=2.23e-04 (19x7px)
../../data/raw/train/01646b54d973aced_jpg.rf.c0a83d9d30376379cde2f4d7ae40b65c.jpg,box_out_of_bounds,WARN,box exceeds image bounds
../../data/raw/train/015-wheels-classic-cadillac-122515-mr__20635443_jpg.rf.12963128ac33b8cd76126156ea2955b5.jpg,box_out_of_bounds,WARN,box exceeds image bounds
../../data/raw/train/015-wheels-classic-cadillac-122515-mr__20635443_jpg.rf.a70099e91ed2cd749330b86d53cc1f86.jpg,box_suspiciously_large,WARN,rel_area=0.96
../../data/raw/train/017b29ad9085a9a8_jpg.rf.542a42914e328a249bc5d4c0098f2db7.jpg,box_tiny,WARN,rel_area=4.84e-04 (25x13px)
../../data/raw/train/Cars263_png_jpg.rf.b8b999e504aa9a2afa855b4fddca81bb.jpg,box_out_of_bounds,WARN,box exceeds image bounds
../../data/raw/train/00f7e34cb220ddbc_jpg.rf.a55d01c2022393536f12f40e96dee9ce.jpg,box_tiny,WARN,rel_area=3.52e-04 (22x12px)
../../data/raw/train/Cars277_png_jpg.rf.acada3478014bb27ee2e0b8e09ca7a4f.jpg,box_tiny,WARN,rel_area=3.58e-04 (7x5px)
../../data/raw/train/00a8d9ab7c3b9c0e_jpg.rf.4d9a1a4cd7f9101b25452dc041ef5bea.jpg,box_tiny,WARN,rel_area=4.66e-04 (19x14px)
../../data/raw/train/009824ffd4586a33_jpg.rf.02fd263a67c21f7b89646b8a58954e18.jpg,box_tiny,WARN,rel_area=4.40e-04 (22x12px)
../../data/raw/train/CarLongPlateGen2069_jpg.rf.000b287b9d860132bc18c94b5135868b.jpg,box_out_of_bounds,WARN,box exceeds image bounds
../../data/raw/train/00a09b822d470896_jpg.rf.4fca0f8cbe66ae9821ff6438b0f063bf.jpg,box_tiny,WARN,rel_area=2.52e-04 (19x9px)
../../data/raw/train/00f7e34cb220ddbc_jpg.rf.c3197e6e99ff4afb1a1dd9f0065ce8eb.jpg,box_tiny,WARN,rel_area=3.39e-04 (22x11px)
../../data/raw/train/0189de61d70fabfe_jpg.rf.2adba39276d014286453c109c4b00cd7.jpg,box_tiny,WARN,rel_area=4.28e-04 (34x11px)
../../data/raw/train/00b4d07f7be89f98_jpg.rf.be132a96a8e25c195a37af8d620e8925.jpg,box_tiny,WARN,rel_area=3.86e-04 (22x13px)
../../data/raw/train/00b4d07f7be89f98_jpg.rf.be132a96a8e25c195a37af8d620e8925.jpg,box_tiny,WARN,rel_area=3.41e-04 (21x12px)
../../data/raw/train/01a599bd26b8ebf8_jpg.rf.1d28c59916ccb0ac0c2ff94a9472f7f5.jpg,box_tiny,WARN,rel_area=1.66e-04 (11x9px)
../../data/raw/train/00b4d07f7be89f98_jpg.rf.261e5fb7b4be3bd9a0cfe6f2f1d2a45d.jpg,box_tiny,WARN,rel_area=2.58e-04 (21x10px)
../../data/raw/train/00b4d07f7be89f98_jpg.rf.261e5fb7b4be3bd9a0cfe6f2f1d2a45d.jpg,box_tiny,WARN,rel_area=2.26e-04 (20x9px)
../../data/raw/train/00a8d9ab7c3b9c0e_jpg.rf.dcdf50513f21bb6ab920ba619e712c2d.jpg,box_tiny,WARN,rel_area=3.73e-04 (19x13px)
../../data/raw/train/00f7e34cb220ddbc_jpg.rf.65a987153980fb81d0f098a5adbab6ff.jpg,box_tiny,WARN,rel_area=3.77e-04 (22x12px)
../../data/raw/train/009d23e04f2fccd8_jpg.rf.ba0b56200422ed2becb56eff811341fe.jpg,box_tiny,WARN,rel_area=4.58e-04 (26x14px)
../../data/raw/train/009d23e04f2fccd8_jpg.rf.ba0b56200422ed2becb56eff811341fe.jpg,box_tiny,WARN,rel_area=7.50e-05 (8x8px)
../../data/raw/train/00f7e34cb220ddbc_jpg.rf.3cff86854ffa4f2ca24b02bc9684fa4c.jpg,box_tiny,WARN,rel_area=2.59e-04 (21x10px)
../../data/raw/train/009824ffd4586a33_jpg.rf.c8b140984050a89a18df8b2f132a03b1.jpg,box_tiny,WARN,rel_area=3.87e-04 (21x12px)
../../data/raw/train/00b4d07f7be89f98_jpg.rf.b47af389453470d190191516ae1cd18c.jpg,box_tiny,WARN,rel_area=3.16e-04 (22x11px)
../../data/raw/train/00b4d07f7be89f98_jpg.rf.b47af389453470d190191516ae1cd18c.jpg,box_tiny,WARN,rel_area=3.02e-04 (21x11px)
../../data/raw/train/00a09b822d470896_jpg.rf.8ffc64bea4b5bb78d9cc4ba81b559556.jpg,box_tiny,WARN,rel_area=1.70e-04 (19x6px)
../../data/raw/train/009824ffd4586a33_jpg.rf.9974b212b49bd1e85894e437fd522c86.jpg,box_tiny,WARN,rel_area=4.94e-04 (22x13px)
../../data/raw/train/00a09b822d470896_jpg.rf.b8e2e8a76b94a33876399f3260a9ebc2.jpg,box_tiny,WARN,rel_area=2.07e-04 (19x7px)
../../data/raw/train/00a8d9ab7c3b9c0e_jpg.rf.e7e383f87eca9430fdc56a3e0e3abf9e.jpg,box_tiny,WARN,rel_area=4.35e-04 (19x14px)
../../data/raw/train/009d23e04f2fccd8_jpg.rf.a8b8e0d2bd24020e0a848d80e0342802.jpg,box_tiny,WARN,rel_area=2.85e-05 (7x3px)
../../data/raw/train/0092a20b63799744_jpg.rf.55f5e9c3ae344001913aacf0be218986.jpg,box_out_of_bounds,WARN,box exceeds image bounds
../../data/raw/train/009d23e04f2fccd8_jpg.rf.6475cfe390fab777cc7b382f7dda2a40.jpg,box_tiny,WARN,rel_area=3.28e-04 (28x9px)
../../data/raw/train/00f7e34cb220ddbc_jpg.rf.cecda8a935faf6b19941b3cc8486f737.jpg,box_tiny,WARN,rel_area=3.18e-04 (21x10px)
../../data/raw/train/00a09b822d470896_jpg.rf.6e560b74c83f9b2bb9940c57250628f1.jpg,box_tiny,WARN,rel_area=2.11e-04 (19x7px)
../../data/raw/train/00b4d07f7be89f98_jpg.rf.28f7a0dc2969914aaf7cad7e2813f335.jpg,box_tiny,WARN,rel_area=3.19e-04 (21x10px)
../../data/raw/train/00b4d07f7be89f98_jpg.rf.28f7a0dc2969914aaf7cad7e2813f335.jpg,box_tiny,WARN,rel_area=2.74e-04 (20x9px)
../../data/raw/train/0189de61d70fabfe_jpg.rf.036d28bb30004504d11aa16d4a5bd118.jpg,box_tiny,WARN,rel_area=4.04e-04 (34x10px)
../../data/raw/train/01a599bd26b8ebf8_jpg.rf.bcc3e93797ce1332140d762d44aa3958.jpg,box_tiny,WARN,rel_area=2.34e-04 (14x10px)
../../data/raw/train/01a599bd26b8ebf8_jpg.rf.8378af7021898a84eed57575e02a5f8e.jpg,box_tiny,WARN,rel_area=2.97e-04 (18x10px)
../../data/raw/train/017b29ad9085a9a8_jpg.rf.d1a6564dc2563ab31e21cdb12d720a51.jpg,box_tiny,WARN,rel_area=4.40e-04 (24x11px)
../../data/raw/train/0189de61d70fabfe_jpg.rf.900c5f36f58cbdb788ff0d8c5f9bc01b.jpg,box_tiny,WARN,rel_area=3.53e-04 (33x8px)
../../data/raw/train/009824ffd4586a33_jpg.rf.b4f80f0120b137d8ea31ef39ee4f43e5.jpg,box_tiny,WARN,rel_area=1.24e-04 (6x11px)
../../data/raw/train/00a8d9ab7c3b9c0e_jpg.rf.94d7b90c68ca6f61738ad6d8a4e30d68.jpg,box_tiny,WARN,rel_area=4.02e-04 (19x13px)
../../data/raw/train/00a09b822d470896_jpg.rf.67f13f02c81ae97e694c9960aea55b85.jpg,box_tiny,WARN,rel_area=2.37e-04 (19x8px)
../../data/raw/train/CarLongPlateGen2050_jpg.rf.8ee1699787723ebac479a3d2125b0f22.jpg,box_out_of_bounds,WARN,box exceeds image bounds
../../data/raw/train/017b29ad9085a9a8_jpg.rf.0e9a7ba9cae20cdd09ad4b60ffcee461.jpg,box_tiny,WARN,rel_area=3.93e-04 (24x10px)
../../data/raw/train/00f7e34cb220ddbc_jpg.rf.0aad7e50cce945b5ad4cf46d63f1d5b4.jpg,box_tiny,WARN,rel_area=3.70e-04 (22x12px)
../../data/raw/train/017b29ad9085a9a8_jpg.rf.bd74568d58fa2351bb665c519a27aaef.jpg,box_tiny,WARN,rel_area=4.58e-04 (25x12px)
../../data/raw/train/CarLongPlateGen2025_jpg.rf.bb026a86e1499bc655be77519bd26497.jpg,box_out_of_bounds,WARN,box exceeds image bounds
../../data/raw/train/0189de61d70fabfe_jpg.rf.b34f0b3e53bc49aef236ea55f0a9daaf.jpg,box_tiny,WARN,rel_area=4.91e-04 (34x12px)
../../data/raw/train/CarLongPlateGen2025_jpg.rf.ddb6649f58f3305d10eee1ccf1fe0c89.jpg,box_out_of_bounds,WARN,box exceeds image bounds
../../data/raw/train/00b4d07f7be89f98_jpg.rf.4da465b500bfc4ec4dc4b723d6240fe4.jpg,box_tiny,WARN,rel_area=4.07e-04 (22x12px)
../../data/raw/train/00b4d07f7be89f98_jpg.rf.4da465b500bfc4ec4dc4b723d6240fe4.jpg,box_tiny,WARN,rel_area=3.57e-04 (21x11px)
../../data/raw/train/015-wheels-classic-cadillac-122515-mr__20635443_jpg.rf.a0b01dc1fcf7bae3c6c314449cdf8bdd.jpg,box_suspiciously_large,WARN,rel_area=0.93
../../data/raw/train/Cars349_png_jpg.rf.fa5aab4793a7246ea17a954832ae85e0.jpg,box_out_of_bounds,WARN,box exceeds image bounds
../../data/raw/train/Cars349_png_jpg.rf.3305505076f61339c642431cbcd117c8.jpg,box_out_of_bounds,WARN,box exceeds image bounds
../../data/raw/train/01646b54d973aced_jpg.rf.63d39476a472a8d38865364b6ccf4173.jpg,box_out_of_bounds,WARN,box exceeds image bounds
../../data/raw/train/Cars330_png_jpg.rf.55c6640d6fbc53c195c2cc246c67e9a7.jpg,box_tiny,WARN,rel_area=4.52e-04 (5x9px)
../../data/raw/train/01b09b8072388fdb_jpg.rf.748808138e02f562322ec3cf7f84ec45.jpg,box_tiny,WARN,rel_area=4.69e-04 (36x9px)
../../data/raw/train/015-wheels-classic-cadillac-122515-mr__20635443_jpg.rf.6b01d788084118d2743569591a8a71c7.jpg,box_suspiciously_large,WARN,rel_area=0.92
../../data/raw/train/009d23e04f2fccd8_jpg.rf.eff4aeb0857d8d110b07c1c0fd9cc2e9.jpg,box_tiny,WARN,rel_area=8.90e-05 (8x8px)
../../data/raw/train/Cars263_png_jpg.rf.6bb5de5a7f2ad64065ba9edfb3c3c674.jpg,box_out_of_bounds,WARN,box exceeds image bounds
../../data/raw/train/00a8d9ab7c3b9c0e_jpg.rf.daaa4a484527a419170a74f3eb4f36c6.jpg,box_tiny,WARN,rel_area=4.72e-04 (19x14px)
../../data/raw/train/Cars277_png_jpg.rf.1741c129362bf9e1f708a54562d2d925.jpg,box_tiny,WARN,rel_area=1.98e-04 (4x5px)
../../data/raw/train/Cars261_png_jpg.rf.aedb83516f26e0df6a016a0fab7074a0.jpg,box_out_of_bounds,WARN,box exceeds image bounds
../../data/raw/train/00a09b822d470896_jpg.rf.96374b00b90e85e7b25794b7ae7bd0de.jpg,box_tiny,WARN,rel_area=2.70e-04 (19x9px)
../../data/raw/train/00b4d07f7be89f98_jpg.rf.3089aa915b56079e2898ab6b37bcce89.jpg,box_tiny,WARN,rel_area=4.22e-04 (22x13px)
../../data/raw/train/00b4d07f7be89f98_jpg.rf.3089aa915b56079e2898ab6b37bcce89.jpg,box_tiny,WARN,rel_area=3.72e-04 (21x12px)
../../data/raw/train/017b29ad9085a9a8_jpg.rf.bcfbbb9757793fadcf7a5f528f3b4699.jpg,box_tiny,WARN,rel_area=4.71e-04 (25x13px)
../../data/raw/train/00f7e34cb220ddbc_jpg.rf.006c41031cd158cd2ee1fcc8775ef98d.jpg,box_tiny,WARN,rel_area=3.01e-04 (21x10px)
../../data/raw/train/015-wheels-classic-cadillac-122515-mr__20635443_jpg.rf.18e35b661a051cfb585c185f4b327b06.jpg,box_suspiciously_large,WARN,rel_area=0.91
../../data/raw/train/00a8d9ab7c3b9c0e_jpg.rf.76e65517b482bfb905803f41fdc3831d.jpg,box_tiny,WARN,rel_area=4.49e-04 (20x14px)
../../data/raw/train/00b4d07f7be89f98_jpg.rf.5471406796930d4bc82021ab07ddbc18.jpg,box_tiny,WARN,rel_area=3.17e-04 (21x10px)
../../data/raw/train/00b4d07f7be89f98_jpg.rf.5471406796930d4bc82021ab07ddbc18.jpg,box_tiny,WARN,rel_area=2.72e-04 (20x9px)
../../data/raw/train/00f7e34cb220ddbc_jpg.rf.682a67568d4672feb3fcee95940f66f1.jpg,box_tiny,WARN,rel_area=2.77e-04 (21x10px)
../../data/raw/train/01b09b8072388fdb_jpg.rf.4514e29efe6885be769e4a8abdac9f4a.jpg,box_tiny,WARN,rel_area=4.72e-04 (31x10px)
../../data/raw/train/009d23e04f2fccd8_jpg.rf.fdf52629d376b6ee6acdd6d1201a2e32.jpg,box_tiny,WARN,rel_area=4.88e-04 (26x13px)
../../data/raw/train/00a09b822d470896_jpg.rf.705d409764dd4dc4d91c6847847f9a63.jpg,box_tiny,WARN,rel_area=1.91e-04 (19x7px)
../../data/raw/train/0189de61d70fabfe_jpg.rf.3fbca18f45c80f228f5ad2a5b33ede1b.jpg,box_tiny,WARN,rel_area=4.76e-04 (34x11px)
../../data/raw/train/0163c40a2a81f762_jpg.rf.26afb1539dd2ccc152a9ab28667b1219.jpg,box_tiny,WARN,rel_area=4.06e-04 (33x10px)
../../data/raw/train/017b29ad9085a9a8_jpg.rf.a0ef1895d54becfcd2c3470659cf7704.jpg,box_tiny,WARN,rel_area=3.52e-04 (24x10px)
../../data/raw/train/0189de61d70fabfe_jpg.rf.bbc3a6d4d8b59c1e144730ca7e75f5e8.jpg,box_tiny,WARN,rel_area=3.24e-04 (33x8px)
../../data/raw/train/01a599bd26b8ebf8_jpg.rf.66edf37bd974849e1816aa07601451a4.jpg,box_tiny,WARN,rel_area=3.61e-04 (28x9px)
../../data/raw/train/01a599bd26b8ebf8_jpg.rf.66edf37bd974849e1816aa07601451a4.jpg,box_tiny,WARN,rel_area=4.27e-04 (33x9px)
../../data/raw/train/01b09b8072388fdb_jpg.rf.c7e61c1d324daf75cb27a3c749e8d271.jpg,box_tiny,WARN,rel_area=4.31e-04 (31x10px)
../../data/raw/train/019d57e7d8799f24_jpg.rf.3b2bb6b12865950bf5c6cdbf7b5a9c41.jpg,box_tiny,WARN,rel_area=4.96e-04 (36x11px)
../../data/raw/train/Cars277_png_jpg.rf.9d196dbbd40dcae3448dccf66b313b2b.jpg,box_tiny,WARN,rel_area=4.63e-04 (6x8px)
../../data/raw/train/01f32030f855c316_jpg.rf.e40fdd8ec7ba6a13dd527cfdca011fa1.jpg,box_tiny,WARN,rel_area=4.18e-04 (23x11px)
../../data/raw/train/0257f9e3387efc1a_jpg.rf.ca8cd36edf33e21b04af548ea94abfa1.jpg,box_tiny,WARN,rel_area=1.13e-04 (11x7px)
../../data/raw/train/02f6b0600b3ad4ed_jpg.rf.f6958ec28c30e19dac50b8e9cb321358.jpg,box_tiny,WARN,rel_area=2.93e-04 (17x9px)
../../data/raw/train/02f6b0600b3ad4ed_jpg.rf.f6958ec28c30e19dac50b8e9cb321358.jpg,box_tiny,WARN,rel_area=1.83e-04 (12x8px)
../../data/raw/train/02f6b0600b3ad4ed_jpg.rf.f6958ec28c30e19dac50b8e9cb321358.jpg,box_tiny,WARN,rel_area=3.66e-04 (16x12px)
../../data/raw/train/02f6b0600b3ad4ed_jpg.rf.f6958ec28c30e19dac50b8e9cb321358.jpg,box_tiny,WARN,rel_area=4.59e-04 (20x12px)
../../data/raw/train/02f6b0600b3ad4ed_jpg.rf.f6958ec28c30e19dac50b8e9cb321358.jpg,box_tiny,WARN,rel_area=4.00e-04 (19x11px)
../../data/raw/train/0323fec91cc6ad95_jpg.rf.14d1a861044d4f0efefbe2b1c29c4cc5.jpg,box_out_of_bounds,WARN,box exceeds image bounds
../../data/raw/train/11-cdmx2017etaxi_jpg.rf.3e8ff27c78d81f8dbc891fadc154271b.jpg,box_suspiciously_large,WARN,rel_area=1.00
../../data/raw/train/02ba8c25851c7e9d_jpg.rf.1b1e8fa4d703af160371c008f3e4fc34.jpg,box_tiny,WARN,rel_area=4.34e-04 (23x14px)
../../data/raw/train/12-D_NQ_NP_690407-MLM31998594359_082019-W_jpg.rf.4c17e7d227eaefd8cc9a89b3e22e79db.jpg,box_suspiciously_large,WARN,rel_area=1.00
../../data/raw/train/034cc7a1d5e2c556_jpg.rf.37ffc075c074358bdba71a5bb08a9ddb.jpg,box_tiny,WARN,rel_area=4.43e-04 (34x10px)
../../data/raw/train/036221c6bdaec44c_jpg.rf.1da6ecc5446520efb5ed9f26ded0ae1f.jpg,box_tiny,WARN,rel_area=2.44e-04 (17x9px)
../../data/raw/train/036221c6bdaec44c_jpg.rf.1da6ecc5446520efb5ed9f26ded0ae1f.jpg,box_tiny,WARN,rel_area=3.03e-04 (21x9px)
../../data/raw/train/10-cdmx2017taxi_jpg.rf.8e5a861a9d560fad88c6d44f11922381.jpg,box_suspiciously_large,WARN,rel_area=1.00
../../data/raw/train/10-GRO-GZA9999-GZD-Auto_jpg.rf.a542130d6f4823bed59d5f7987b0b4d5.jpg,box_suspiciously_large,WARN,rel_area=1.00
../../data/raw/train/CarLongPlateGen2267_jpg.rf.e72dcd21b8583d8ca1e62496a09bb7db.jpg,box_out_of_bounds,WARN,box exceeds image bounds
../../data/raw/train/CarLongPlateGen2313_jpg.rf.22d6ef52ea52760c1bf7b47d76a7ce19.jpg,box_out_of_bounds,WARN,box exceeds image bounds
../../data/raw/train/CarLongPlateGen2313_jpg.rf.535a24b73519a3a2bbbce5093f42aace.jpg,box_out_of_bounds,WARN,box exceeds image bounds
../../data/raw/train/Cars314_png_jpg.rf.5bf22998e10dfba04ba03bde0cdfdc40.jpg,box_out_of_bounds,WARN,box exceeds image bounds
../../data/raw/train/Cars330_png_jpg.rf.47e8fa26bf3eaa1d064b150e90e6ec08.jpg,box_tiny,WARN,rel_area=3.43e-04 (4x9px)
../../data/raw/train/11-cdmx2017etaxi_jpg.rf.87573dc58f8878ab0fae5b433d7677d6.jpg,box_suspiciously_large,WARN,rel_area=1.00
../../data/raw/train/12-D_NQ_NP_690407-MLM31998594359_082019-W_jpg.rf.f5c9ef367518d973be9e45e7e72e29c9.jpg,box_suspiciously_large,WARN,rel_area=1.00
../../data/raw/train/01f32030f855c316_jpg.rf.8604ba3968ab6182c3aee8f2ec1376b6.jpg,box_tiny,WARN,rel_area=4.03e-04 (23x11px)
../../data/raw/train/10-cdmx2017taxi_jpg.rf.88c6d41bf1c0161d3d46bf9ed5796ab7.jpg,box_suspiciously_large,WARN,rel_area=1.00
../../data/raw/train/0257f9e3387efc1a_jpg.rf.e4a6ff6f33d47c5c1c91ba80675cb80d.jpg,box_tiny,WARN,rel_area=1.16e-04 (11x7px)
../../data/raw/train/02b3be99914d752c_jpg.rf.846f07d1e3927cd5dd2f668a857848e9.jpg,box_tiny,WARN,rel_area=4.93e-04 (24x13px)
../../data/raw/train/02f6b0600b3ad4ed_jpg.rf.10d029dc72607eb6cbb6499aad459472.jpg,box_tiny,WARN,rel_area=4.19e-04 (17x14px)
../../data/raw/train/02f6b0600b3ad4ed_jpg.rf.10d029dc72607eb6cbb6499aad459472.jpg,box_tiny,WARN,rel_area=2.26e-04 (16x8px)
../../data/raw/train/02f6b0600b3ad4ed_jpg.rf.10d029dc72607eb6cbb6499aad459472.jpg,box_tiny,WARN,rel_area=1.27e-04 (12x6px)
../../data/raw/train/02f6b0600b3ad4ed_jpg.rf.10d029dc72607eb6cbb6499aad459472.jpg,box_tiny,WARN,rel_area=2.65e-04 (15x10px)
../../data/raw/train/02f6b0600b3ad4ed_jpg.rf.10d029dc72607eb6cbb6499aad459472.jpg,box_tiny,WARN,rel_area=3.36e-04 (19x10px)
../../data/raw/train/02f6b0600b3ad4ed_jpg.rf.10d029dc72607eb6cbb6499aad459472.jpg,box_tiny,WARN,rel_area=3.18e-04 (18x10px)
../../data/raw/train/036221c6bdaec44c_jpg.rf.7bf219d5cb892bd0b8199f0de7d48bb8.jpg,box_tiny,WARN,rel_area=2.18e-04 (16x8px)
../../data/raw/train/036221c6bdaec44c_jpg.rf.7bf219d5cb892bd0b8199f0de7d48bb8.jpg,box_tiny,WARN,rel_area=2.87e-04 (21x8px)
../../data/raw/train/036221c6bdaec44c_jpg.rf.7bf219d5cb892bd0b8199f0de7d48bb8.jpg,box_tiny,WARN,rel_area=1.32e-04 (19x4px)
../../data/raw/train/10-GRO-GZA9999-GZD-Auto_jpg.rf.c8b382d44d2d41fc4b7cfb02a926a0ed.jpg,box_suspiciously_large,WARN,rel_area=1.00
../../data/raw/train/0257f9e3387efc1a_jpg.rf.22173c243bba5d1b95a4366489c11ee8.jpg,box_tiny,WARN,rel_area=1.04e-04 (11x7px)
../../data/raw/train/10-cdmx2017taxi_jpg.rf.e3ffe3546a5cda9350856e8bc6b18ca8.jpg,box_suspiciously_large,WARN,rel_area=1.00
../../data/raw/train/036221c6bdaec44c_jpg.rf.ac8cdc91da8ee4c5399cc16986710d09.jpg,box_tiny,WARN,rel_area=2.54e-04 (17x9px)
../../data/raw/train/036221c6bdaec44c_jpg.rf.ac8cdc91da8ee4c5399cc16986710d09.jpg,box_tiny,WARN,rel_area=3.66e-04 (22x10px)
../../data/raw/train/1-placa-mexicana-del-estado-de-guerrero-2015-ha-D_NQ_NP_781642-MLM31170295955_062019-F_jpg.rf.1d74e054d63a67dc6d0511ee1d276d1c.jpg,box_suspiciously_large,WARN,rel_area=0.91
../../data/raw/train/02ba8c25851c7e9d_jpg.rf.5723e5ecb7810050f43b27f746e1d3a8.jpg,box_tiny,WARN,rel_area=4.24e-04 (23x13px)
../../data/raw/train/01f32030f855c316_jpg.rf.b24e45eed638ec06154d592359ded354.jpg,box_tiny,WARN,rel_area=4.55e-04 (23x12px)
../../data/raw/train/02f6b0600b3ad4ed_jpg.rf.dcc9eb777c6294be2889799a51a703f6.jpg,box_tiny,WARN,rel_area=2.90e-04 (17x9px)
../../data/raw/train/02f6b0600b3ad4ed_jpg.rf.dcc9eb777c6294be2889799a51a703f6.jpg,box_tiny,WARN,rel_area=1.59e-04 (12x7px)
../../data/raw/train/02f6b0600b3ad4ed_jpg.rf.dcc9eb777c6294be2889799a51a703f6.jpg,box_tiny,WARN,rel_area=3.63e-04 (16x12px)
../../data/raw/train/02f6b0600b3ad4ed_jpg.rf.dcc9eb777c6294be2889799a51a703f6.jpg,box_tiny,WARN,rel_area=4.32e-04 (19x12px)
../../data/raw/train/02f6b0600b3ad4ed_jpg.rf.dcc9eb777c6294be2889799a51a703f6.jpg,box_tiny,WARN,rel_area=3.96e-04 (19x11px)
../../data/raw/train/11-cdmx2017etaxi_jpg.rf.6d75e2b3a6ce0649b39c8c78970b9bc5.jpg,box_suspiciously_large,WARN,rel_area=1.00
../../data/raw/train/12-D_NQ_NP_690407-MLM31998594359_082019-W_jpg.rf.3b178feeca1c27a62637b2692b2ae7fe.jpg,box_suspiciously_large,WARN,rel_area=1.00
../../data/raw/train/02fdd3b7c77702ec_jpg.rf.920e008daa59397139fdbe154df80377.jpg,box_tiny,WARN,rel_area=4.60e-04 (15x20px)
../../data/raw/train/12-D_NQ_NP_690407-MLM31998594359_082019-W_jpg.rf.c5f07be7155b79df9eedce11bdf39977.jpg,box_suspiciously_large,WARN,rel_area=1.00
../../data/raw/train/10-cdmx2017taxi_jpg.rf.90efa1fe7cd4a3f1a3d0fc6ed4db7ebb.jpg,box_suspiciously_large,WARN,rel_area=0.95
../../data/raw/train/02b3be99914d752c_jpg.rf.41c9de5b33dc3f1885d05827397f4c82.jpg,box_tiny,WARN,rel_area=4.72e-04 (24x13px)
../../data/raw/train/11-cdmx2017etaxi_jpg.rf.d72f7b5be424a839c0d77dca83797412.jpg,box_suspiciously_large,WARN,rel_area=1.00
../../data/raw/train/10-GRO-GZA9999-GZD-Auto_jpg.rf.5f19a6317d54f83bb5cdff17f67a8554.jpg,box_suspiciously_large,WARN,rel_area=1.00
../../data/raw/train/02f6b0600b3ad4ed_jpg.rf.38f73a4054c9616202fde6547c9bf510.jpg,box_tiny,WARN,rel_area=1.65e-04 (6x14px)
../../data/raw/train/02f6b0600b3ad4ed_jpg.rf.38f73a4054c9616202fde6547c9bf510.jpg,box_tiny,WARN,rel_area=2.71e-04 (16x9px)
../../data/raw/train/02f6b0600b3ad4ed_jpg.rf.38f73a4054c9616202fde6547c9bf510.jpg,box_tiny,WARN,rel_area=1.58e-04 (12x7px)
../../data/raw/train/02f6b0600b3ad4ed_jpg.rf.38f73a4054c9616202fde6547c9bf510.jpg,box_tiny,WARN,rel_area=3.31e-04 (16x11px)
../../data/raw/train/02f6b0600b3ad4ed_jpg.rf.38f73a4054c9616202fde6547c9bf510.jpg,box_tiny,WARN,rel_area=3.93e-04 (19x11px)
../../data/raw/train/02f6b0600b3ad4ed_jpg.rf.38f73a4054c9616202fde6547c9bf510.jpg,box_tiny,WARN,rel_area=3.72e-04 (18x11px)
../../data/raw/train/100-5511a16d17590bae54e20c7fbc3499f1-license-plates-crafting_jpg.rf.b8fd659da1758bc341ae6795aa37a3f8.jpg,box_out_of_bounds,WARN,box exceeds image bounds
../../data/raw/train/01f32030f855c316_jpg.rf.5ced3290713c1f82ad8cff7db94f6181.jpg,box_tiny,WARN,rel_area=3.34e-04 (23x10px)
../../data/raw/train/02ba8c25851c7e9d_jpg.rf.98cd99048ee75e45f5beeb681abf779b.jpg,box_tiny,WARN,rel_area=3.44e-04 (22x12px)
../../data/raw/train/0257f9e3387efc1a_jpg.rf.66d8887e2b14366e61422766b8525567.jpg,box_tiny,WARN,rel_area=1.14e-04 (11x7px)
../../data/raw/train/036221c6bdaec44c_jpg.rf.bf26a92f12ddbdb3fddaa58a9ca15eb5.jpg,box_tiny,WARN,rel_area=2.43e-04 (17x9px)
../../data/raw/train/036221c6bdaec44c_jpg.rf.bf26a92f12ddbdb3fddaa58a9ca15eb5.jpg,box_tiny,WARN,rel_area=3.02e-04 (21x9px)
../../data/raw/train/036221c6bdaec44c_jpg.rf.bf26a92f12ddbdb3fddaa58a9ca15eb5.jpg,box_tiny,WARN,rel_area=1.55e-04 (19x5px)
../../data/raw/train/01f32030f855c316_jpg.rf.1c07175777f3ec03e12049e1d6bfe4ac.jpg,box_tiny,WARN,rel_area=4.26e-04 (23x11px)
../../data/raw/train/10-cdmx2017taxi_jpg.rf.31361c48abead5760a739f28323b48b6.jpg,box_suspiciously_large,WARN,rel_area=0.99
../../data/raw/train/036221c6bdaec44c_jpg.rf.e3fa4a01dced3762ecfef9664e3fb55d.jpg,box_tiny,WARN,rel_area=2.63e-04 (17x9px)
../../data/raw/train/036221c6bdaec44c_jpg.rf.e3fa4a01dced3762ecfef9664e3fb55d.jpg,box_tiny,WARN,rel_area=3.25e-04 (21x9px)
../../data/raw/train/036221c6bdaec44c_jpg.rf.e3fa4a01dced3762ecfef9664e3fb55d.jpg,box_tiny,WARN,rel_area=1.65e-04 (19x5px)
../../data/raw/train/10-GRO-GZA9999-GZD-Auto_jpg.rf.1e412ec60049489679a22199dbec50cf.jpg,box_suspiciously_large,WARN,rel_area=1.00
../../data/raw/train/100-5511a16d17590bae54e20c7fbc3499f1-license-plates-crafting_jpg.rf.e894fed677c2e290125a6a4156f4026b.jpg,box_out_of_bounds,WARN,box exceeds image bounds
../../data/raw/train/0257f9e3387efc1a_jpg.rf.753a0f10b9644519b91947dc9bbc4220.jpg,box_tiny,WARN,rel_area=1.03e-04 (11x7px)
../../data/raw/train/1-placa-mexicana-del-estado-de-guerrero-2015-ha-D_NQ_NP_781642-MLM31170295955_062019-F_jpg.rf.1b3af7cb0ed0b57e0fd277cb2f52498c.jpg,box_out_of_bounds,WARN,box exceeds image bounds
../../data/raw/train/11-cdmx2017etaxi_jpg.rf.fae3bf42f5797c61995ab77d7f800f70.jpg,box_suspiciously_large,WARN,rel_area=1.00
../../data/raw/train/12-D_NQ_NP_690407-MLM31998594359_082019-W_jpg.rf.7c54275880e0a221c2f8fc18f11e192d.jpg,box_suspiciously_large,WARN,rel_area=1.00
../../data/raw/train/02b3be99914d752c_jpg.rf.7194036f89f06c9594e1651a7ba46feb.jpg,box_tiny,WARN,rel_area=4.36e-04 (23x12px)
../../data/raw/train/02ba8c25851c7e9d_jpg.rf.669fd8a00eadc6da95db14e15f200783.jpg,box_tiny,WARN,rel_area=4.05e-04 (23x13px)
../../data/raw/train/02f6b0600b3ad4ed_jpg.rf.90758d20d5ab3985948f7babfd18070b.jpg,box_tiny,WARN,rel_area=3.16e-04 (17x10px)
../../data/raw/train/02f6b0600b3ad4ed_jpg.rf.90758d20d5ab3985948f7babfd18070b.jpg,box_tiny,WARN,rel_area=1.78e-04 (12x8px)
../../data/raw/train/02f6b0600b3ad4ed_jpg.rf.90758d20d5ab3985948f7babfd18070b.jpg,box_tiny,WARN,rel_area=4.09e-04 (17x13px)
../../data/raw/train/02f6b0600b3ad4ed_jpg.rf.90758d20d5ab3985948f7babfd18070b.jpg,box_tiny,WARN,rel_area=4.82e-04 (20x13px)
../../data/raw/train/02f6b0600b3ad4ed_jpg.rf.90758d20d5ab3985948f7babfd18070b.jpg,box_tiny,WARN,rel_area=4.23e-04 (19x12px)
../../data/raw/train/12-D_NQ_NP_690407-MLM31998594359_082019-W_jpg.rf.6f79ac8cd1b3fb317b149ce81ea3c921.jpg,box_suspiciously_large,WARN,rel_area=1.00
../../data/raw/train/01f32030f855c316_jpg.rf.4b9afc2c02d5c6de5ef1d1ad8e5ef12c.jpg,box_tiny,WARN,rel_area=4.01e-04 (23x11px)
../../data/raw/train/0257f9e3387efc1a_jpg.rf.f714da4c4fd96517da0560144fffe641.jpg,box_tiny,WARN,rel_area=9.91e-05 (11x6px)
../../data/raw/train/036221c6bdaec44c_jpg.rf.fc8a85f3eeb764d472c485d53804efd4.jpg,box_tiny,WARN,rel_area=1.77e-04 (16x7px)
../../data/raw/train/036221c6bdaec44c_jpg.rf.fc8a85f3eeb764d472c485d53804efd4.jpg,box_tiny,WARN,rel_area=2.66e-04 (21x8px)
../../data/raw/train/036221c6bdaec44c_jpg.rf.fc8a85f3eeb764d472c485d53804efd4.jpg,box_tiny,WARN,rel_area=1.15e-04 (18x4px)
../../data/raw/train/11-cdmx2017etaxi_jpg.rf.282a26dc431bd5deb6aa6deec893e9fa.jpg,box_suspiciously_large,WARN,rel_area=1.00
../../data/raw/train/10-cdmx2017taxi_jpg.rf.88e39d4ece93fc08005e2a288e6b3051.jpg,box_suspiciously_large,WARN,rel_area=0.99
../../data/raw/train/02f6b0600b3ad4ed_jpg.rf.9d97256ce22a65cda8f43c4ea9357eba.jpg,box_tiny,WARN,rel_area=2.86e-04 (17x9px)
../../data/raw/train/02f6b0600b3ad4ed_jpg.rf.9d97256ce22a65cda8f43c4ea9357eba.jpg,box_tiny,WARN,rel_area=1.78e-04 (12x8px)
../../data/raw/train/02f6b0600b3ad4ed_jpg.rf.9d97256ce22a65cda8f43c4ea9357eba.jpg,box_tiny,WARN,rel_area=3.56e-04 (16x12px)
../../data/raw/train/02f6b0600b3ad4ed_jpg.rf.9d97256ce22a65cda8f43c4ea9357eba.jpg,box_tiny,WARN,rel_area=4.47e-04 (20x12px)
../../data/raw/train/02f6b0600b3ad4ed_jpg.rf.9d97256ce22a65cda8f43c4ea9357eba.jpg,box_tiny,WARN,rel_area=3.89e-04 (19x11px)
../../data/raw/train/02ba8c25851c7e9d_jpg.rf.8978027f2220b0d1cec22b98a6e46399.jpg,box_tiny,WARN,rel_area=4.98e-04 (24x15px)
../../data/raw/train/10-GRO-GZA9999-GZD-Auto_jpg.rf.f550f5f981d0a110e8d68b94c26bfd55.jpg,box_suspiciously_large,WARN,rel_area=1.00
../../data/raw/train/1-placa-mexicana-del-estado-de-guerrero-2015-ha-D_NQ_NP_781642-MLM31170295955_062019-F_jpg.rf.206cc42b3376947b637596e7aa3f74d2.jpg,box_suspiciously_large,WARN,rel_area=0.92
../../data/raw/train/01b2258172841ebc_jpg.rf.b78be38303ba3fec54a614c92a7ee005.jpg,box_tiny,WARN,rel_area=4.67e-04 (38x8px)
../../data/raw/train/01f32030f855c316_jpg.rf.4316b21d4508e87deb3e948f201d8f2a.jpg,box_out_of_bounds,WARN,box exceeds image bounds
../../data/raw/train/01f32030f855c316_jpg.rf.4316b21d4508e87deb3e948f201d8f2a.jpg,box_tiny,WARN,rel_area=4.81e-04 (24x13px)
../../data/raw/train/02f6b0600b3ad4ed_jpg.rf.3d2e3069bca986c26bc38e9572d3028d.jpg,box_tiny,WARN,rel_area=2.86e-04 (17x9px)
../../data/raw/train/02f6b0600b3ad4ed_jpg.rf.3d2e3069bca986c26bc38e9572d3028d.jpg,box_tiny,WARN,rel_area=1.56e-04 (12x7px)
../../data/raw/train/02f6b0600b3ad4ed_jpg.rf.3d2e3069bca986c26bc38e9572d3028d.jpg,box_tiny,WARN,rel_area=3.56e-04 (16x12px)
../../data/raw/train/02f6b0600b3ad4ed_jpg.rf.3d2e3069bca986c26bc38e9572d3028d.jpg,box_tiny,WARN,rel_area=4.24e-04 (19x12px)
../../data/raw/train/02f6b0600b3ad4ed_jpg.rf.3d2e3069bca986c26bc38e9572d3028d.jpg,box_tiny,WARN,rel_area=3.89e-04 (19x11px)
../../data/raw/train/0257f9e3387efc1a_jpg.rf.ee5ed914d7f00b96958001ffc717d0ea.jpg,box_tiny,WARN,rel_area=1.12e-04 (11x7px)
../../data/raw/train/10-cdmx2017taxi_jpg.rf.64fda929b44146d36bb95790b205fba8.jpg,box_suspiciously_large,WARN,rel_area=1.00
../../data/raw/train/10-GRO-GZA9999-GZD-Auto_jpg.rf.c43fa13890a12326aace109dbea785be.jpg,box_suspiciously_large,WARN,rel_area=0.96
../../data/raw/train/02fdd3b7c77702ec_jpg.rf.5dfcad3a5ce8910207a710d231658693.jpg,box_tiny,WARN,rel_area=2.99e-04 (9x20px)
../../data/raw/train/12-D_NQ_NP_690407-MLM31998594359_082019-W_jpg.rf.2e92a4a00e267396ffe75c3f72615dc8.jpg,box_suspiciously_large,WARN,rel_area=1.00
../../data/raw/train/036221c6bdaec44c_jpg.rf.21fcb62664c943d15b8d52e14b46f9aa.jpg,box_tiny,WARN,rel_area=2.60e-04 (17x9px)
../../data/raw/train/036221c6bdaec44c_jpg.rf.21fcb62664c943d15b8d52e14b46f9aa.jpg,box_tiny,WARN,rel_area=3.76e-04 (22x10px)
../../data/raw/train/11-cdmx2017etaxi_jpg.rf.102a431186b867a159773ba9093bc78a.jpg,box_suspiciously_large,WARN,rel_area=1.00
../../data/raw/train/02f6b0600b3ad4ed_jpg.rf.1fdf5cda04535c9ac3d5ffdb96fe38ad.jpg,box_tiny,WARN,rel_area=4.18e-04 (17x14px)
../../data/raw/train/02f6b0600b3ad4ed_jpg.rf.1fdf5cda04535c9ac3d5ffdb96fe38ad.jpg,box_tiny,WARN,rel_area=2.11e-04 (16x8px)
../../data/raw/train/02f6b0600b3ad4ed_jpg.rf.1fdf5cda04535c9ac3d5ffdb96fe38ad.jpg,box_tiny,WARN,rel_area=1.27e-04 (12x6px)
../../data/raw/train/02f6b0600b3ad4ed_jpg.rf.1fdf5cda04535c9ac3d5ffdb96fe38ad.jpg,box_tiny,WARN,rel_area=2.70e-04 (15x10px)
../../data/raw/train/02f6b0600b3ad4ed_jpg.rf.1fdf5cda04535c9ac3d5ffdb96fe38ad.jpg,box_tiny,WARN,rel_area=3.26e-04 (19x10px)
../../data/raw/train/02f6b0600b3ad4ed_jpg.rf.1fdf5cda04535c9ac3d5ffdb96fe38ad.jpg,box_tiny,WARN,rel_area=2.95e-04 (18x10px)
../../data/raw/train/02b3be99914d752c_jpg.rf.9052f963897945ec1cd7df61dec71900.jpg,box_tiny,WARN,rel_area=4.73e-04 (24x13px)
../../data/raw/train/02ba8c25851c7e9d_jpg.rf.4c8dca1cc38bc396137cba91c3b88dcd.jpg,box_tiny,WARN,rel_area=3.80e-04 (23x13px)
../../data/raw/train/10-GRO-GZA9999-GZD-Auto_jpg.rf.1a309119d605e75c6f328641d9b3200b.jpg,box_suspiciously_large,WARN,rel_area=0.93
../../data/raw/train/10-cdmx2017taxi_jpg.rf.6dc376d318492d7fa35327d40b430065.jpg,box_suspiciously_large,WARN,rel_area=0.99
../../data/raw/train/034cc7a1d5e2c556_jpg.rf.073ebaaa679ea275988b093d90a32552.jpg,box_tiny,WARN,rel_area=3.86e-04 (34x9px)
../../data/raw/train/034cc7a1d5e2c556_jpg.rf.073ebaaa679ea275988b093d90a32552.jpg,box_tiny,WARN,rel_area=4.79e-04 (29x13px)
../../data/raw/train/036221c6bdaec44c_jpg.rf.0703d0b66ca019dce9e7179b51c17a04.jpg,box_tiny,WARN,rel_area=1.94e-04 (16x8px)
../../data/raw/train/036221c6bdaec44c_jpg.rf.0703d0b66ca019dce9e7179b51c17a04.jpg,box_tiny,WARN,rel_area=2.86e-04 (21x9px)
../../data/raw/train/036221c6bdaec44c_jpg.rf.0703d0b66ca019dce9e7179b51c17a04.jpg,box_tiny,WARN,rel_area=1.15e-04 (19x4px)
../../data/raw/train/11-cdmx2017etaxi_jpg.rf.6036ce4709276d2e0e60e61b6e54c3a1.jpg,box_suspiciously_large,WARN,rel_area=1.00
../../data/raw/train/12-D_NQ_NP_690407-MLM31998594359_082019-W_jpg.rf.d173c2c4adfa66d2860ecf2bded374ae.jpg,box_suspiciously_large,WARN,rel_area=1.00
../../data/raw/train/100-5511a16d17590bae54e20c7fbc3499f1-license-plates-crafting_jpg.rf.5b5277c10f2dee4213da622961281669.jpg,box_out_of_bounds,WARN,box exceeds image bounds
../../data/raw/train/01f32030f855c316_jpg.rf.2d8dcf4e7eca1752ad680b72aa8f2763.jpg,box_tiny,WARN,rel_area=3.94e-04 (23x11px)
../../data/raw/train/0257f9e3387efc1a_jpg.rf.2a84d8f994c73430ba3ae3da3744b2fc.jpg,box_tiny,WARN,rel_area=8.83e-05 (11x6px)
../../data/raw/train/02f6b0600b3ad4ed_jpg.rf.692b0dc2a3a04febba1f775729eb4dd1.jpg,box_tiny,WARN,rel_area=2.94e-04 (17x9px)
../../data/raw/train/02f6b0600b3ad4ed_jpg.rf.692b0dc2a3a04febba1f775729eb4dd1.jpg,box_tiny,WARN,rel_area=1.62e-04 (12x7px)
../../data/raw/train/02f6b0600b3ad4ed_jpg.rf.692b0dc2a3a04febba1f775729eb4dd1.jpg,box_tiny,WARN,rel_area=3.38e-04 (16x11px)
../../data/raw/train/02f6b0600b3ad4ed_jpg.rf.692b0dc2a3a04febba1f775729eb4dd1.jpg,box_tiny,WARN,rel_area=4.38e-04 (19x12px)
../../data/raw/train/02f6b0600b3ad4ed_jpg.rf.692b0dc2a3a04febba1f775729eb4dd1.jpg,box_tiny,WARN,rel_area=4.02e-04 (19x11px)
../../data/raw/train/02dbae76d89c9284_jpg.rf.10567a6c506e16f7d6e441fb0cdaab03.jpg,box_out_of_bounds,WARN,box exceeds image bounds
../../data/raw/train/02ba8c25851c7e9d_jpg.rf.07673afcf3797bf4d3056d4a65aa453a.jpg,box_tiny,WARN,rel_area=4.38e-04 (23x14px)
../../data/raw/train/CarLongPlateGen3785_jpg.rf.cb8fd61adaf4c1b5a41113021195a16c.jpg,box_out_of_bounds,WARN,box exceeds image bounds
../../data/raw/train/CarLongPlateGen3803_jpg.rf.476986378384594120c73bd12ceb949c.jpg,box_out_of_bounds,WARN,box exceeds image bounds
../../data/raw/train/xemay1457_jpg.rf.1f5b41f8b32b0bba9272225856aeed5b.jpg,box_out_of_bounds,WARN,box exceeds image bounds
../../data/raw/train/27-cdmx2019a_jpg.rf.0324721601cb9a449078c83c25f9ed61.jpg,box_suspiciously_large,WARN,rel_area=1.00
../../data/raw/train/26-cdmx2016mc3_jpg.rf.53e7f0b5e5aaf50fe198f00ca96a92d6.jpg,box_suspiciously_large,WARN,rel_area=1.00
../../data/raw/train/27-PLACA-GUERR_jpg.rf.9cc8ae9b89b8ce9cb54fbc349ca8649c.jpg,box_suspiciously_large,WARN,rel_area=1.00
../../data/raw/train/37-cdmx2020bus-b_jpg.rf.da45573d2a53ac383db8c065d982e6b6.jpg,box_suspiciously_large,WARN,rel_area=1.00
../../data/raw/train/30-1024px-1963_Texas_license_plate_jpg.rf.35cbf292fd3d57851ff47aa8d9bfe76b.jpg,box_suspiciously_large,WARN,rel_area=1.00
../../data/raw/train/36-s-l400_jpg.rf.0a653b96263933bf799baff6b1e4df59.jpg,box_suspiciously_large,WARN,rel_area=0.97
../../data/raw/train/3-D_NQ_NP_858868-MLM31711653804_082019-W_jpg.rf.b8a7a6e493a3cee4a59e1d541df87102.jpg,box_out_of_bounds,WARN,box exceeds image bounds
../../data/raw/train/38-placa-guerrero-92_jpg.rf.1be2238b843be13f1f878ad063c7b4d1.jpg,box_suspiciously_large,WARN,rel_area=0.93
../../data/raw/train/28-license-plate_3052_jpg.rf.07e72ef470add06c55025e86e1d2a4b0.jpg,box_suspiciously_large,WARN,rel_area=0.98
../../data/raw/train/32-GRO-GZW-Auto-Mar-Escudo_jpg.rf.a5d3827673a5fb9f3a25fc9f1780ae84.jpg,box_suspiciously_large,WARN,rel_area=1.00
../../data/raw/train/36-License-Plate-IL-NDXVI_jpg.rf.ccec05891a6f9f5d9b51b20557ef41e0.jpg,box_suspiciously_large,WARN,rel_area=1.00
../../data/raw/train/34-s-l300_jpg.rf.3eadd3624c1b379bf4c51717ab77ba4a.jpg,box_suspiciously_large,WARN,rel_area=1.00
../../data/raw/train/40-800px-Mpumalanga_license_plate_jpg.rf.d7e33d483ada884c3959a2b2c4caf377.jpg,box_suspiciously_large,WARN,rel_area=0.98
../../data/raw/train/35-CDMX_17_580x-2x_jpg.rf.0e057c3b8f34ad459b0be14e86b28fc9.jpg,box_suspiciously_large,WARN,rel_area=1.00
../../data/raw/train/50-s-l400_jpg.rf.99d39149845820004312cd16341c9623.jpg,box_out_of_bounds,WARN,box exceeds image bounds
../../data/raw/train/48-1200px-License_plate_Vietnam_Hanoi_jpg.rf.c012c1a57db096f857960ae713b85efe.jpg,box_suspiciously_large,WARN,rel_area=0.98
../../data/raw/train/55-placa-guerrero-03_jpg.rf.6afd8f367489aba66a24ade37ffd76da.jpg,box_suspiciously_large,WARN,rel_area=1.00
../../data/raw/train/70-gro2015taxi_jpg.rf.50128460e5bf10e057e4bb3f1755b095.jpg,box_suspiciously_large,WARN,rel_area=1.00
../../data/raw/train/4-cdmx2019_jpg.rf.6f68096f16a076ccee3184257285dc6f.jpg,box_suspiciously_large,WARN,rel_area=1.00
../../data/raw/train/40-placa-guerrero-00_jpg.rf.b26e9176b5e81f8b0892f5b21bc35932.jpg,box_suspiciously_large,WARN,rel_area=1.00
../../data/raw/train/52-gro2012b_jpg.rf.4177e233b050b071b3870102cc576ac7.jpg,box_suspiciously_large,WARN,rel_area=1.00
../../data/raw/train/50706323978_e21effc0bf_b_jpeg_jpg.rf.bb1f4db08a9f9dca79164b8facbe26a3.jpg,box_suspiciously_large,WARN,rel_area=0.93
../../data/raw/train/72-640px-1937_Arizona_License_Plate_jpg.rf.d9f7dfab44255ae2d6842988a27b491a.jpg,box_suspiciously_large,WARN,rel_area=1.00
../../data/raw/train/70-5117602976_af2ebe15ef_z_jpg.rf.d267da599499ea40ecf9f76be2bbf86a.jpg,box_suspiciously_large,WARN,rel_area=1.00
../../data/raw/train/71-640px-NY_license_plate_54111ME_commercial_jpg.rf.0c72c12fa770959ca7d35101588a6a3e.jpg,box_suspiciously_large,WARN,rel_area=1.00
../../data/raw/train/56-800px-1950_Indiana_license_plate_jpg.rf.2d32d1a129980d269122609039ee966e.jpg,box_suspiciously_large,WARN,rel_area=0.99
../../data/raw/train/67-800px-ILLINOIS_1962_LICENSE_PLATE_282-662_-_Flickr_-_woody1778a_jpg.rf.b5f300b0b0a35ed3fa3f6e77626b5daf.jpg,box_suspiciously_large,WARN,rel_area=1.00
../../data/raw/train/58-3940557986_fc46880e47_jpg.rf.367d092b2e63976cfbb317f9aa914de9.jpg,box_suspiciously_large,WARN,rel_area=1.00
../../data/raw/train/66-800px-1977_Pennsylvania_license_plate_D97-950_jpg.rf.2484b169bdb5645e91db953eaff554d3.jpg,box_suspiciously_large,WARN,rel_area=0.99
../../data/raw/train/63-s-l1000_jpg.rf.5d7d7c49e4fc8290447caca659255521.jpg,box_suspiciously_large,WARN,rel_area=0.99
../../data/raw/train/75-800px-1963_Louisiana_license_plate_16-2C000lb_tractor_jpg.rf.11f5fcdd65d65cdd974f531ecf070e09.jpg,box_out_of_bounds,WARN,box exceeds image bounds
../../data/raw/train/75-800px-1963_Louisiana_license_plate_16-2C000lb_tractor_jpg.rf.11f5fcdd65d65cdd974f531ecf070e09.jpg,box_suspiciously_large,WARN,rel_area=1.00
../../data/raw/train/77-800px-2000s_Egyptian_license_plate_jpg.rf.6be97064e3f1d66d8c52d1b607a077e3.jpg,box_suspiciously_large,WARN,rel_area=1.00
../../data/raw/train/58-51yfoj4IkpL-__AC_SX300_QL70_ML2__jpg.rf.ff77392fa02b01a1a025bbcb2f9fbad3.jpg,box_suspiciously_large,WARN,rel_area=1.00
../../data/raw/train/78-640px-1994_Virginia_license_plate_RYW-115_jpg.rf.448ec4229530f76dc8bdd7392c0e8805.jpg,box_suspiciously_large,WARN,rel_area=1.00
../../data/raw/train/79-1024px-1937_Minnesota-2C_USA-2C_license_plate_jpg.rf.5a7380cfb5ea0787516152ae8d145a86.jpg,box_suspiciously_large,WARN,rel_area=1.00
../../data/raw/train/74-85a70f99aa15dae003949bae404792c4_jpg.rf.61f6461e2b25df5084385f20062f50cd.jpg,box_suspiciously_large,WARN,rel_area=1.00
../../data/raw/train/27-cdmx2019a_jpg.rf.db6f515d6c44714c64571655d039f17e.jpg,box_suspiciously_large,WARN,rel_area=1.00
../../data/raw/train/26-cdmx2016mc3_jpg.rf.b147b9aacd85323b52f2229fbcc65089.jpg,box_suspiciously_large,WARN,rel_area=1.00
../../data/raw/train/37-cdmx2020bus-b_jpg.rf.2ab925280ad4dffe354d238e6367ec4d.jpg,box_suspiciously_large,WARN,rel_area=1.00
../../data/raw/train/42-s-l640_jpg.rf.05bf9f76b9c28e139d650dd70ba8e7b2.jpg,box_out_of_bounds,WARN,box exceeds image bounds
../../data/raw/train/40-800px-Mpumalanga_license_plate_jpg.rf.e122b46ea60223114bfb657f8c735678.jpg,box_suspiciously_large,WARN,rel_area=1.00
../../data/raw/train/4-cdmx2019_jpg.rf.b7680563d3a36ad9de6a1de925792bec.jpg,box_suspiciously_large,WARN,rel_area=1.00
../../data/raw/train/40-placa-guerrero-00_jpg.rf.b78753b01b5f0fc7296a2ea929ed3157.jpg,box_suspiciously_large,WARN,rel_area=0.99
../../data/raw/train/48-1200px-License_plate_Vietnam_Hanoi_jpg.rf.0ff7009f172a3454e8d95d0787e6cc8e.jpg,box_suspiciously_large,WARN,rel_area=0.99
../../data/raw/train/34-s-l300_jpg.rf.21bec8885921d36b1ceb8b49e65d906a.jpg,box_suspiciously_large,WARN,rel_area=1.00
../../data/raw/train/38-placa-guerrero-92_jpg.rf.e55f7d6249db5d0a24401de7c6a62047.jpg,box_suspiciously_large,WARN,rel_area=0.99
../../data/raw/train/27-PLACA-GUERR_jpg.rf.702f4cece174a665fb9627bb99336e52.jpg,box_suspiciously_large,WARN,rel_area=1.00
../../data/raw/train/32-GRO-GZW-Auto-Mar-Escudo_jpg.rf.98cdb96e6a8fdac527178748da861911.jpg,box_suspiciously_large,WARN,rel_area=1.00
../../data/raw/train/36-s-l400_jpg.rf.53fb0bffeb11bc97230ff905add5d89e.jpg,box_suspiciously_large,WARN,rel_area=0.97
../../data/raw/train/5-s-l400_jpg.rf.b14842786e0b58ef31e453026eb75f24.jpg,box_suspiciously_large,WARN,rel_area=1.00
../../data/raw/train/28-license-plate_3052_jpg.rf.3b312cd34064d45901c7e2ddce948a46.jpg,box_suspiciously_large,WARN,rel_area=0.99
../../data/raw/train/71-640px-NY_license_plate_54111ME_commercial_jpg.rf.8e92bac3c9d59fcec49502affdaefc77.jpg,box_out_of_bounds,WARN,box exceeds image bounds
../../data/raw/train/71-640px-NY_license_plate_54111ME_commercial_jpg.rf.8e92bac3c9d59fcec49502affdaefc77.jpg,box_suspiciously_large,WARN,rel_area=0.98
../../data/raw/train/67-800px-ILLINOIS_1962_LICENSE_PLATE_282-662_-_Flickr_-_woody1778a_jpg.rf.fef32908d04fcccc773f05f39e35d09a.jpg,box_suspiciously_large,WARN,rel_area=1.00
../../data/raw/train/72-640px-1937_Arizona_License_Plate_jpg.rf.fa32ba36fdcadaad9a050dfde006994e.jpg,box_suspiciously_large,WARN,rel_area=1.00
../../data/raw/train/66-800px-1977_Pennsylvania_license_plate_D97-950_jpg.rf.def485e05ae10220015ed2adeb623960.jpg,box_suspiciously_large,WARN,rel_area=0.97
../../data/raw/train/70-5117602976_af2ebe15ef_z_jpg.rf.4719e336c164b275d2e877e410cab7f8.jpg,box_suspiciously_large,WARN,rel_area=1.00
../../data/raw/train/70-gro2015taxi_jpg.rf.e042f6d8ea63a711ae9f12d9c8d9180f.jpg,box_suspiciously_large,WARN,rel_area=1.00
../../data/raw/train/63-s-l1000_jpg.rf.8ce7e2abdf709c2c476299f67ae3d267.jpg,box_suspiciously_large,WARN,rel_area=0.98
../../data/raw/train/55-placa-guerrero-03_jpg.rf.35041ad9fd73ec0f9107a8b706363e60.jpg,box_suspiciously_large,WARN,rel_area=1.00
../../data/raw/train/35-CDMX_17_580x-2x_jpg.rf.a62fb9e1949a87839905b488aa2c1a80.jpg,box_suspiciously_large,WARN,rel_area=1.00
../../data/raw/train/30-1024px-1963_Texas_license_plate_jpg.rf.3ac727c9dea15841df99cf2b5df790bb.jpg,box_suspiciously_large,WARN,rel_area=1.00
../../data/raw/train/52-gro2012b_jpg.rf.d43e3ec9eed84b7a4be9dd84a6294908.jpg,box_suspiciously_large,WARN,rel_area=0.99
../../data/raw/train/56-800px-1950_Indiana_license_plate_jpg.rf.96de5853112a0fd38508589ddb66020f.jpg,box_out_of_bounds,WARN,box exceeds image bounds
../../data/raw/train/56-800px-1950_Indiana_license_plate_jpg.rf.96de5853112a0fd38508589ddb66020f.jpg,box_suspiciously_large,WARN,rel_area=0.97
../../data/raw/train/36-License-Plate-IL-NDXVI_jpg.rf.f0bc40ba3a2feb52e9dde08b948f9f41.jpg,box_suspiciously_large,WARN,rel_area=0.98
../../data/raw/train/58-3940557986_fc46880e47_jpg.rf.10d15befb4e860d9f522d081508ebc57.jpg,box_suspiciously_large,WARN,rel_area=1.00
../../data/raw/train/50706323978_e21effc0bf_b_jpeg_jpg.rf.7a5d11101303eee4626b7b841e717def.jpg,box_out_of_bounds,WARN,box exceeds image bounds
../../data/raw/train/75-800px-1963_Louisiana_license_plate_16-2C000lb_tractor_jpg.rf.30a56c6c3512c7be5d380c9ed0ace366.jpg,box_suspiciously_large,WARN,rel_area=1.00
../../data/raw/train/77-800px-2000s_Egyptian_license_plate_jpg.rf.dd05beb126f9ce523738e8ca83108ce5.jpg,box_suspiciously_large,WARN,rel_area=1.00
../../data/raw/train/79-1024px-1937_Minnesota-2C_USA-2C_license_plate_jpg.rf.e81593c5601b35d07efcf3687d8a41ce.jpg,box_suspiciously_large,WARN,rel_area=0.99
../../data/raw/train/78-640px-1994_Virginia_license_plate_RYW-115_jpg.rf.a955d64d85ba605ae2fa586c2e782bd9.jpg,box_suspiciously_large,WARN,rel_area=1.00
../../data/raw/train/74-85a70f99aa15dae003949bae404792c4_jpg.rf.b1eb49ccc013ba80586dee136ac8ce27.jpg,box_suspiciously_large,WARN,rel_area=1.00
../../data/raw/train/58-51yfoj4IkpL-__AC_SX300_QL70_ML2__jpg.rf.958e05090bf891fbdb0e82fca026c510.jpg,box_suspiciously_large,WARN,rel_area=1.00
../../data/raw/train/Licence-20plate-20thieves-20use-20expired-20plates-20to-20cover_y_jpg.rf.2e284be821e643c2cd780e1bf091bd33.jpg,box_suspiciously_large,WARN,rel_area=0.95
../../data/raw/train/PXL_20210622_051522183_jpg.rf.e556dac9f821430b290db1288b740a58.jpg,box_suspiciously_large,WARN,rel_area=1.00
../../data/raw/train/CarLongPlateGen2091_jpg.rf.add2d9de186bf4f7f6e86704c62d26a9.jpg,box_out_of_bounds,WARN,box exceeds image bounds
../../data/raw/train/CarLongPlateGen2137_jpg.rf.b84d39e0fdce8d499237631419c7713b.jpg,box_out_of_bounds,WARN,box exceeds image bounds
../../data/raw/train/How-20to-20mount-20front-20license-20plates-20-20YouTube_jpg.rf.bffa6f20d8c3863f882c53ca20de4803.jpg,box_out_of_bounds,WARN,box exceeds image bounds
../../data/raw/train/Here_s-20why-20you_re-20seeing-20those-20black-20and-20yellow_yyt_jpg.rf.57e44bba143b947dd8d0efe06220e842.jpg,box_suspiciously_large,WARN,rel_area=0.98
../../data/raw/train/Here_s-20Why-20You-20Should-20Remove-20Your-20Car_s-20Plates_yyth-20-1-_jpg.rf.2fe12a4ebd755c5e8515f3a0ee754582.jpg,box_out_of_bounds,WARN,box exceeds image bounds
../../data/raw/train/CarLongPlateGen2137_jpg.rf.0c485b40886eab275005180cdc5509e7.jpg,box_out_of_bounds,WARN,box exceeds image bounds
../../data/raw/train/32-GRO-GZW-Auto-Mar-Escudo_jpg.rf.600cb83225019d2d4ee2b57014d9d860.jpg,box_suspiciously_large,WARN,rel_area=1.00
../../data/raw/train/34-s-l300_jpg.rf.aa616f271e2c6fae44cbae79259b5c23.jpg,box_suspiciously_large,WARN,rel_area=0.96
../../data/raw/train/35-CDMX_17_580x-2x_jpg.rf.0c1f09f72ea96b91ed892527122aae75.jpg,box_suspiciously_large,WARN,rel_area=1.00
../../data/raw/train/CarLongPlateGen3696_jpg.rf.46a0297a8a029ffc94059d5889664c4e.jpg,box_out_of_bounds,WARN,box exceeds image bounds
../../data/raw/train/vintagevehicle_png_jpg.rf.bf44ef9ab726e40c984f18a02b828222.jpg,box_suspiciously_large,WARN,rel_area=1.00
../../data/raw/train/rotatequandoi4_jpg.rf.2d0409c0e6b72b69722ae0bed95bae4e.jpg,box_tiny,WARN,rel_area=4.62e-04 (26x11px)
../../data/raw/train/vintagevehicle_png_jpg.rf.4959f2013439bf7ce11059d11c2745a5.jpg,box_suspiciously_large,WARN,rel_area=1.00
../../data/raw/train/sdplates1-1-e1607367357982_jpg.rf.7ce2c8181e3f6bc6bec6291757bc31af.jpg,box_out_of_bounds,WARN,box exceeds image bounds
../../data/raw/train/vintagevehicle_png_jpg.rf.1cd80419236c674fb70ff2b9d5f80329.jpg,box_suspiciously_large,WARN,rel_area=1.00
../../data/raw/train/rotatequandoi60_jpg.rf.0552c7a494c2416bcc9c634486a7e39e.jpg,box_out_of_bounds,WARN,box exceeds image bounds
../../data/raw/train/rotatequandoi66_jpg.rf.a8ae5386ee8e2c0def8f40ec08f8b2f0.jpg,box_out_of_bounds,WARN,box exceeds image bounds
../../data/raw/train/27-cdmx2019a_jpg.rf.60d442df112fd3b5425155a32cd4f7aa.jpg,box_suspiciously_large,WARN,rel_area=1.00
../../data/raw/train/5-s-l400_jpg.rf.151932dba4a97e198861b33cf743fae4.jpg,box_suspiciously_large,WARN,rel_area=1.00
../../data/raw/train/34-s-l300_jpg.rf.6a97767c9230cbc746efaa6e28d93284.jpg,box_suspiciously_large,WARN,rel_area=0.99
../../data/raw/train/38-placa-guerrero-92_jpg.rf.86838b07db2b2ea71123eddda932620f.jpg,box_suspiciously_large,WARN,rel_area=1.00
../../data/raw/train/31-198440-Principal_jpg.rf.2fb8f47d5e3b7cfff5d2dafe9b65417e.jpg,box_out_of_bounds,WARN,box exceeds image bounds
../../data/raw/train/58-51yfoj4IkpL-__AC_SX300_QL70_ML2__jpg.rf.4090bc47059993dad9f23fdd22ced39e.jpg,box_suspiciously_large,WARN,rel_area=1.00
../../data/raw/train/32-GRO-GZW-Auto-Mar-Escudo_jpg.rf.bb30f99a35798cb9e91bee55a5507521.jpg,box_suspiciously_large,WARN,rel_area=1.00
../../data/raw/train/77-800px-2000s_Egyptian_license_plate_jpg.rf.1faa49085574204f0f0cd26e771a55af.jpg,box_suspiciously_large,WARN,rel_area=1.00
../../data/raw/train/30-1024px-1963_Texas_license_plate_jpg.rf.09631f6407c8f54f7b7155872ffecc8a.jpg,box_suspiciously_large,WARN,rel_area=1.00
../../data/raw/train/37-cdmx2020bus-b_jpg.rf.8b22178e94bbf09de278ca24a7694940.jpg,box_suspiciously_large,WARN,rel_area=0.96
../../data/raw/train/27-PLACA-GUERR_jpg.rf.f7c5f032612dc538e3b6cc72e88330c3.jpg,box_suspiciously_large,WARN,rel_area=1.00
../../data/raw/train/40-placa-guerrero-00_jpg.rf.be7bfdd3795a6b76520bc1d546d573ba.jpg,box_suspiciously_large,WARN,rel_area=0.99
../../data/raw/train/55-placa-guerrero-03_jpg.rf.3edd7f9ea4281e166bfcbd7d66dab08d.jpg,box_suspiciously_large,WARN,rel_area=1.00
../../data/raw/train/58-3940557986_fc46880e47_jpg.rf.c3c0e5ce9bf97a0b6376be11aad5e961.jpg,box_suspiciously_large,WARN,rel_area=1.00
../../data/raw/train/4-cdmx2019_jpg.rf.07b3b54d24500f733f903211485862b6.jpg,box_suspiciously_large,WARN,rel_area=1.00
../../data/raw/train/36-s-l400_jpg.rf.f7fd7ead718ebdd82d9d6a49541930bc.jpg,box_suspiciously_large,WARN,rel_area=0.97
../../data/raw/train/35-CDMX_17_580x-2x_jpg.rf.d0dfd80e8923f91d95d05fd111985c5b.jpg,box_suspiciously_large,WARN,rel_area=1.00
../../data/raw/train/28-license-plate_3052_jpg.rf.36a99d9d2b88d4ff7ef1086fa20f44f9.jpg,box_suspiciously_large,WARN,rel_area=1.00
../../data/raw/train/36-License-Plate-IL-NDXVI_jpg.rf.565ddc7888919d856f7c254520f15181.jpg,box_suspiciously_large,WARN,rel_area=1.00
../../data/raw/train/52-gro2012b_jpg.rf.08fbfe7dee95b691ec67c778bc678268.jpg,box_suspiciously_large,WARN,rel_area=1.00
../../data/raw/train/40-800px-Mpumalanga_license_plate_jpg.rf.5bb4a268aa24b1c93741dbe0a7867d84.jpg,box_suspiciously_large,WARN,rel_area=0.99
../../data/raw/train/42-s-l640_jpg.rf.5b96fe5b9d00b0c22e5dd0f716153546.jpg,box_out_of_bounds,WARN,box exceeds image bounds
../../data/raw/train/48-1200px-License_plate_Vietnam_Hanoi_jpg.rf.12bcf0cf517a95776ab7da193c3c408f.jpg,box_suspiciously_large,WARN,rel_area=0.97
../../data/raw/train/79-1024px-1937_Minnesota-2C_USA-2C_license_plate_jpg.rf.fba4eeec83786050039b4236a7369ca4.jpg,box_suspiciously_large,WARN,rel_area=1.00
../../data/raw/train/70-5117602976_af2ebe15ef_z_jpg.rf.9cdf387a6169c4f6f70918d5b3c9a51e.jpg,box_suspiciously_large,WARN,rel_area=0.99
../../data/raw/train/56-800px-1950_Indiana_license_plate_jpg.rf.af803acd4eb776b2ebdf65c0640d4162.jpg,box_suspiciously_large,WARN,rel_area=1.00
../../data/raw/train/67-800px-ILLINOIS_1962_LICENSE_PLATE_282-662_-_Flickr_-_woody1778a_jpg.rf.f8a76f5a73fdd453464b5e1534fdb017.jpg,box_suspiciously_large,WARN,rel_area=1.00
../../data/raw/train/78-640px-1994_Virginia_license_plate_RYW-115_jpg.rf.7c051275da595f00cc2308d82dbbac06.jpg,box_suspiciously_large,WARN,rel_area=1.00
../../data/raw/train/67-D_NQ_NP_635720-MLM31711661622_082019-W_jpg.rf.0b57fc13e5eaef82b2c02644bd20976f.jpg,box_out_of_bounds,WARN,box exceeds image bounds
../../data/raw/train/26-cdmx2016mc3_jpg.rf.5d2de25b0e74da53e5a9931b6397f030.jpg,box_suspiciously_large,WARN,rel_area=1.00
../../data/raw/train/66-800px-1977_Pennsylvania_license_plate_D97-950_jpg.rf.887c65fa1a3b56a60669133c143f107a.jpg,box_suspiciously_large,WARN,rel_area=1.00
../../data/raw/train/70-gro2015taxi_jpg.rf.8f4afa960357285d01204d8f3e50335f.jpg,box_suspiciously_large,WARN,rel_area=1.00
../../data/raw/train/74-85a70f99aa15dae003949bae404792c4_jpg.rf.10085030fffb28feaa4a7c7e69abaf1f.jpg,box_suspiciously_large,WARN,rel_area=0.99
../../data/raw/train/63-s-l1000_jpg.rf.e149849cd488f9dad8af966b63550b1e.jpg,box_suspiciously_large,WARN,rel_area=1.00
../../data/raw/train/72-640px-1937_Arizona_License_Plate_jpg.rf.acfb4abf0faa9dadf50bc128de3e36bb.jpg,box_suspiciously_large,WARN,rel_area=1.00
../../data/raw/train/75-800px-1963_Louisiana_license_plate_16-2C000lb_tractor_jpg.rf.59fd8f1b914ff94252d3675b3bd51a1f.jpg,box_suspiciously_large,WARN,rel_area=0.97
../../data/raw/train/Licence-20plate-20thieves-20use-20expired-20plates-20to-20cover_y_jpg.rf.4166b9c5f67e72acd33f590dce444029.jpg,box_suspiciously_large,WARN,rel_area=0.94
../../data/raw/train/71-640px-NY_license_plate_54111ME_commercial_jpg.rf.791d4d0f4c5895d24fae97c0595fffdf.jpg,box_suspiciously_large,WARN,rel_area=1.00
../../data/raw/train/PXL_20210622_051522183_jpg.rf.76084a6550f4a06f3cee881692298483.jpg,box_suspiciously_large,WARN,rel_area=1.00
../../data/raw/train/CarLongPlateGen3740_jpg.rf.992e6a625cda1b8498568acc53148e43.jpg,box_out_of_bounds,WARN,box exceeds image bounds
../../data/raw/train/vintagevehicle_png_jpg.rf.19a1d33427a251d215d2cbc7e60eba3c.jpg,box_suspiciously_large,WARN,rel_area=1.00
../../data/raw/train/CarLongPlateGen3717_jpg.rf.e54c4ddeeb2cc620c2b41243c87fa4ca.jpg,box_out_of_bounds,WARN,box exceeds image bounds
../../data/raw/train/CarLongPlateGen3692_jpg.rf.851fb6a16c8b463da5de9914426ef80b.jpg,box_out_of_bounds,WARN,box exceeds image bounds
../../data/raw/train/rotatequandoi94_jpg.rf.e0eec20bfa84fcfe082002508bb35d06.jpg,box_out_of_bounds,WARN,box exceeds image bounds
../../data/raw/train/vintagevehicle_png_jpg.rf.3d66307bf6533a1664a8ebd946f54651.jpg,box_suspiciously_large,WARN,rel_area=1.00
../../data/raw/train/rotatequandoi4_jpg.rf.bba6e3dfd506fa2fb35569331e051197.jpg,box_tiny,WARN,rel_area=4.35e-04 (26x11px)
../../data/raw/train/vintagevehicle_png_jpg.rf.cc10001fa1c39f8164f726603fe3888f.jpg,box_suspiciously_large,WARN,rel_area=0.99
../../data/raw/train/CarLongPlateGen1665_jpg.rf.b7bc8f5514c7c5d2f5290926d1f35d05.jpg,box_out_of_bounds,WARN,box exceeds image bounds
../../data/raw/train/brightnessquandoi94_jpg.rf.276fb80092d208f34dccd562c1720e58.jpg,box_tiny,WARN,rel_area=4.11e-04 (12x10px)
../../data/raw/train/brightnessquandoi9_jpg.rf.da51b3940183e5166d3364cd88166294.jpg,box_out_of_bounds,WARN,box exceeds image bounds
../../data/raw/train/13-cdmx2017pol-mc_jpg.rf.21f063e3075d08e8153dd7a2cee7c843.jpg,box_suspiciously_large,WARN,rel_area=1.00
../../data/raw/train/1649292507298_jpg.rf.b7d8d1a77772b1726e271276c6441cf3.jpg,box_suspiciously_large,WARN,rel_area=0.93
../../data/raw/train/1649292507300_jpg.rf.cac5914811d38a2bff9c5b2a1b8a151a.jpg,box_out_of_bounds,WARN,box exceeds image bounds
../../data/raw/train/1649292507300_jpg.rf.cac5914811d38a2bff9c5b2a1b8a151a.jpg,box_suspiciously_large,WARN,rel_area=0.98
../../data/raw/train/1649292507304_jpg.rf.b0925b5692516e640d6054953592cd30.jpg,box_suspiciously_large,WARN,rel_area=1.00
../../data/raw/train/16-cdmx2020bus-a_jpg.rf.032017f13ee8b299756d837e30206008.jpg,box_suspiciously_large,WARN,rel_area=1.00
../../data/raw/train/15-cdmx2017eco_jpg.rf.52c8daf8507b123e42d87d4e17459097.jpg,box_suspiciously_large,WARN,rel_area=0.98
../../data/raw/train/14-cdmx2016aa_jpg.rf.3916cec4c3f28b34e0d77bd5a285012c.jpg,box_suspiciously_large,WARN,rel_area=0.95
../../data/raw/train/16-Placa-2BGuerrero-2BServicio-2BPublico-2B999999E_jpg.rf.afacc81dc9558c321e1da3ab020cebae.jpg,box_suspiciously_large,WARN,rel_area=1.00
../../data/raw/train/1633449297103_png_jpg.rf.74619c6e28cbfddcdc139d60e9c8f618.jpg,box_suspiciously_large,WARN,rel_area=1.00
../../data/raw/train/14-GRO-HEZ_jpg.rf.69a40888933112f6bc65be5b34e71b04.jpg,box_suspiciously_large,WARN,rel_area=0.96
../../data/raw/train/CarLongPlateGen2095_jpg.rf.ebe0970935024c14d249dd670141391c.jpg,box_out_of_bounds,WARN,box exceeds image bounds
../../data/raw/train/1649292507311_jpg.rf.3eee65047abf6f5ffe72649c1190085c.jpg,box_suspiciously_large,WARN,rel_area=1.00
../../data/raw/train/00009e5b390986a0_jpg.rf.11070fea4b7b1203fdde55adacc4dad5.jpg,box_tiny,WARN,rel_area=2.43e-04 (12x13px)
../../data/raw/train/brightnessquandoi81_jpg.rf.f8878e010eee4e6cf9bd109ff68d800f.jpg,box_out_of_bounds,WARN,box exceeds image bounds
../../data/raw/train/brightnessquandoi81_jpg.rf.f8878e010eee4e6cf9bd109ff68d800f.jpg,box_tiny,WARN,rel_area=2.98e-04 (3x14px)
../../data/raw/train/brightnessquandoi94_jpg.rf.30f12a7cb4e23c01e4cca1c6790ae59d.jpg,box_tiny,WARN,rel_area=4.37e-04 (12x10px)
../../data/raw/train/car-number-license-plate-retro-usa-cars-vector-29385843_jpg.rf.3d999eda19ea368e9fa01539ca026598.jpg,box_suspiciously_large,WARN,rel_area=0.90
../../data/raw/train/brightnessquandoi94_jpg.rf.46e9bf2ab67b5806f339bff0c9f004aa.jpg,box_tiny,WARN,rel_area=3.91e-04 (12x10px)
../../data/raw/train/brightnessquandoi93_jpg.rf.68e316afd98742bd84caff3e0d79d8ec.jpg,box_tiny,WARN,rel_area=4.57e-04 (14x8px)
../../data/raw/train/CarLongPlateGen3839_jpg.rf.544d036c128a08de3772e57c2d853ae7.jpg,box_out_of_bounds,WARN,box exceeds image bounds
../../data/raw/train/5-s-l400_jpg.rf.23afe8a235e602f806dbeb05ae428ee2.jpg,box_suspiciously_large,WARN,rel_area=1.00
../../data/raw/train/55-placa-guerrero-03_jpg.rf.3dfcb168843833a396b9b294c130eabe.jpg,box_suspiciously_large,WARN,rel_area=0.99
../../data/raw/train/56-800px-1950_Indiana_license_plate_jpg.rf.bc7024e138c5746a8f40f19949c75c92.jpg,box_out_of_bounds,WARN,box exceeds image bounds
../../data/raw/train/56-800px-1950_Indiana_license_plate_jpg.rf.bc7024e138c5746a8f40f19949c75c92.jpg,box_suspiciously_large,WARN,rel_area=0.96
../../data/raw/train/58-3940557986_fc46880e47_jpg.rf.b1f27244d1f1cf5c2afaa664df0e58d1.jpg,box_suspiciously_large,WARN,rel_area=0.99
../../data/raw/train/52-gro2012b_jpg.rf.4fd8515d22d8d5e42c07d203a5c1cb13.jpg,box_suspiciously_large,WARN,rel_area=1.00
../../data/raw/train/36-s-l400_jpg.rf.f62b2ed76a864d01dff636e86d9c7948.jpg,box_suspiciously_large,WARN,rel_area=0.97
../../data/raw/train/48-1200px-License_plate_Vietnam_Hanoi_jpg.rf.993c0f75f364dbaf62f94b2c3a247ef1.jpg,box_suspiciously_large,WARN,rel_area=0.99
../../data/raw/train/38-placa-guerrero-92_jpg.rf.783fc79428edbdbed211a547151bbbca.jpg,box_suspiciously_large,WARN,rel_area=0.98
../../data/raw/train/4-cdmx2019_jpg.rf.cab4f0cfb510d40479de9e935bb5535f.jpg,box_suspiciously_large,WARN,rel_area=1.00
../../data/raw/train/77-800px-2000s_Egyptian_license_plate_jpg.rf.6b74694ba1d2e44c53c959e718663e30.jpg,box_suspiciously_large,WARN,rel_area=1.00
../../data/raw/train/36-License-Plate-IL-NDXVI_jpg.rf.8fb6152f4dfd70a3533bd9068e125c74.jpg,box_suspiciously_large,WARN,rel_area=0.98
../../data/raw/train/37-cdmx2020bus-b_jpg.rf.f7ebbe09d28e2892997fe23168e6007d.jpg,box_suspiciously_large,WARN,rel_area=1.00
../../data/raw/train/40-placa-guerrero-00_jpg.rf.31cd99812bf85c221cb219822d37096b.jpg,box_suspiciously_large,WARN,rel_area=1.00
../../data/raw/train/40-800px-Mpumalanga_license_plate_jpg.rf.e891f870e227324d65b26952d9928165.jpg,box_suspiciously_large,WARN,rel_area=0.99
../../data/raw/train/70-gro2015taxi_jpg.rf.cbf08fb1c00b9fc0e2793fabb19baa0d.jpg,box_suspiciously_large,WARN,rel_area=1.00
../../data/raw/train/75-800px-1963_Louisiana_license_plate_16-2C000lb_tractor_jpg.rf.c0720627b342c6de0bed25111a269d3a.jpg,box_suspiciously_large,WARN,rel_area=1.00
../../data/raw/train/78-640px-1994_Virginia_license_plate_RYW-115_jpg.rf.d28500944e4e4c5f25fb9723b1217eb0.jpg,box_suspiciously_large,WARN,rel_area=1.00
../../data/raw/train/79-1024px-1937_Minnesota-2C_USA-2C_license_plate_jpg.rf.9f43df4947bd9041cb80f2749f946d67.jpg,box_suspiciously_large,WARN,rel_area=1.00
../../data/raw/train/71-640px-NY_license_plate_54111ME_commercial_jpg.rf.d3b00d6a8448eae217f89d11447e1fa7.jpg,box_suspiciously_large,WARN,rel_area=1.00
../../data/raw/train/74-85a70f99aa15dae003949bae404792c4_jpg.rf.0d484dce7d513b6dbae382b449b7c8ee.jpg,box_suspiciously_large,WARN,rel_area=1.00
../../data/raw/train/72-640px-1937_Arizona_License_Plate_jpg.rf.0da07191f1ad608954f547a493b31eb9.jpg,box_suspiciously_large,WARN,rel_area=1.00
../../data/raw/train/66-800px-1977_Pennsylvania_license_plate_D97-950_jpg.rf.7c6a7bde82b0c7336c65623041101cf9.jpg,box_suspiciously_large,WARN,rel_area=0.98
../../data/raw/train/63-s-l1000_jpg.rf.6419e4daaf4624155dc8fa81047cff2a.jpg,box_suspiciously_large,WARN,rel_area=1.00
../../data/raw/train/58-51yfoj4IkpL-__AC_SX300_QL70_ML2__jpg.rf.c8b11f1a0433ad8df06459e0239587c2.jpg,box_suspiciously_large,WARN,rel_area=0.99
../../data/raw/train/67-800px-ILLINOIS_1962_LICENSE_PLATE_282-662_-_Flickr_-_woody1778a_jpg.rf.67a6d4e824c9d546df175f6e53f2c808.jpg,box_suspiciously_large,WARN,rel_area=1.00
../../data/raw/train/70-5117602976_af2ebe15ef_z_jpg.rf.baa3c19da476966b5f2c86191c27863b.jpg,box_out_of_bounds,WARN,box exceeds image bounds
../../data/raw/train/70-5117602976_af2ebe15ef_z_jpg.rf.baa3c19da476966b5f2c86191c27863b.jpg,box_suspiciously_large,WARN,rel_area=1.00
../../data/raw/train/Licence-20plate-20thieves-20use-20expired-20plates-20to-20cover_y_jpg.rf.7740ffbacfdb6cadc254c69ab1586e4b.jpg,box_suspiciously_large,WARN,rel_area=1.00
../../data/raw/train/37-cdmx2020bus-b_jpg.rf.5e4c8a2f2b2ae12db2f839334f585304.jpg,box_suspiciously_large,WARN,rel_area=1.00
../../data/raw/train/36-s-l400_jpg.rf.7480a324431c68513f80424f22d6785d.jpg,box_suspiciously_large,WARN,rel_area=1.00
../../data/raw/train/36-License-Plate-IL-NDXVI_jpg.rf.764d53df3382955aaa1f0b6e7a86ca43.jpg,box_suspiciously_large,WARN,rel_area=1.00
../../data/raw/train/38-placa-guerrero-92_jpg.rf.06020c325628cd916c0373bb2cbc0e8f.jpg,box_suspiciously_large,WARN,rel_area=0.98
../../data/raw/train/52-gro2012b_jpg.rf.6a0467b0fb963d74d68f297d9cc1f553.jpg,box_suspiciously_large,WARN,rel_area=1.00
../../data/raw/train/5-s-l400_jpg.rf.c8f50c8eee378e8f53b6c2152bb4dd77.jpg,box_suspiciously_large,WARN,rel_area=0.98
../../data/raw/train/26-cdmx2016mc3_jpg.rf.18d0d9933ce743292ef712baf95f3124.jpg,box_suspiciously_large,WARN,rel_area=1.00
../../data/raw/train/50-s-l400_jpg.rf.cd808191593f78c824b482ed922f46dd.jpg,box_out_of_bounds,WARN,box exceeds image bounds
../../data/raw/train/58-3940557986_fc46880e47_jpg.rf.1f7a9755a2a1ca1579891f70c39cb411.jpg,box_suspiciously_large,WARN,rel_area=0.98
../../data/raw/train/56-800px-1950_Indiana_license_plate_jpg.rf.195f915acd840817e12e1f0820b3f46e.jpg,box_suspiciously_large,WARN,rel_area=1.00
../../data/raw/train/58-51yfoj4IkpL-__AC_SX300_QL70_ML2__jpg.rf.8a30b4ed325141739dd7e622e2cad253.jpg,box_suspiciously_large,WARN,rel_area=1.00
../../data/raw/train/55-placa-guerrero-03_jpg.rf.2426eddff15f98e6ab86d6f72dab6c67.jpg,box_suspiciously_large,WARN,rel_area=1.00
../../data/raw/train/50706323978_e21effc0bf_b_jpeg_jpg.rf.1587c60fc53943d5c66b020066cddfc6.jpg,box_suspiciously_large,WARN,rel_area=0.94
../../data/raw/train/32-GRO-GZW-Auto-Mar-Escudo_jpg.rf.f893574866d644d03428ca6cd85706c8.jpg,box_suspiciously_large,WARN,rel_area=1.00
../../data/raw/train/34-s-l300_jpg.rf.bff0124a25c5ef2bc48e91468e4163d6.jpg,box_suspiciously_large,WARN,rel_area=1.00
../../data/raw/train/66-800px-1977_Pennsylvania_license_plate_D97-950_jpg.rf.4597cc74fd8185d9cd0b82b6ee6815cb.jpg,box_suspiciously_large,WARN,rel_area=1.00
../../data/raw/train/30-1024px-1963_Texas_license_plate_jpg.rf.4171e783d40b60b42cf0a7345f123083.jpg,box_suspiciously_large,WARN,rel_area=1.00
../../data/raw/train/35-CDMX_17_580x-2x_jpg.rf.f98b14fd40af56da54b7ee9ae7fe573f.jpg,box_suspiciously_large,WARN,rel_area=1.00
../../data/raw/train/79-1024px-1937_Minnesota-2C_USA-2C_license_plate_jpg.rf.e1423b455bad45eea5296db730d9896a.jpg,box_suspiciously_large,WARN,rel_area=0.98
../../data/raw/train/77-800px-2000s_Egyptian_license_plate_jpg.rf.2a38ce2340ea272a5604f65dbe58569f.jpg,box_suspiciously_large,WARN,rel_area=1.00
../../data/raw/train/63-s-l1000_jpg.rf.99d414f507c1d05738f554e6ce6523b3.jpg,box_suspiciously_large,WARN,rel_area=0.96
../../data/raw/train/78-640px-1994_Virginia_license_plate_RYW-115_jpg.rf.28bc99804423fba5e7bdf2690acb8242.jpg,box_suspiciously_large,WARN,rel_area=1.00
../../data/raw/train/27-cdmx2019a_jpg.rf.e437b25a7d17f115e8dffed2ce4db76f.jpg,box_suspiciously_large,WARN,rel_area=0.98
../../data/raw/train/27-PLACA-GUERR_jpg.rf.5a0f899da7cc4abd840324808e0dc8fd.jpg,box_suspiciously_large,WARN,rel_area=1.00
../../data/raw/train/4-cdmx2019_jpg.rf.635590d83ce96f41feed38392065fdfe.jpg,box_suspiciously_large,WARN,rel_area=1.00
../../data/raw/train/40-800px-Mpumalanga_license_plate_jpg.rf.503f5555dab1a6d717a3b12cd1aed77b.jpg,box_suspiciously_large,WARN,rel_area=1.00
../../data/raw/train/40-placa-guerrero-00_jpg.rf.7c44cf2137b9ecbf10b3e452524a0152.jpg,box_suspiciously_large,WARN,rel_area=1.00
../../data/raw/train/70-5117602976_af2ebe15ef_z_jpg.rf.22d8b09212c8c068f19b367218d6bff7.jpg,box_suspiciously_large,WARN,rel_area=1.00
../../data/raw/train/42-s-l640_jpg.rf.6f19c9babff3cc2220b9ec8c42f8d7b8.jpg,box_out_of_bounds,WARN,box exceeds image bounds
../../data/raw/train/28-license-plate_3052_jpg.rf.3f441cb8cdd33d76f9ffb94881994cac.jpg,box_suspiciously_large,WARN,rel_area=1.00
../../data/raw/train/48-1200px-License_plate_Vietnam_Hanoi_jpg.rf.64665b3674cbfc1f7fc8b07514708865.jpg,box_suspiciously_large,WARN,rel_area=1.00
../../data/raw/train/7-D_NQ_NP_865970-MLM31423400441_072019-W_jpg.rf.dc4ce3f1a4e829d28b53c31eccddfabf.jpg,box_out_of_bounds,WARN,box exceeds image bounds
../../data/raw/train/67-800px-ILLINOIS_1962_LICENSE_PLATE_282-662_-_Flickr_-_woody1778a_jpg.rf.b2dc8cbc66c4a95f42a029471281ec1c.jpg,box_suspiciously_large,WARN,rel_area=1.00
../../data/raw/train/70-gro2015taxi_jpg.rf.37f66125be0901dc473ce04855957c25.jpg,box_suspiciously_large,WARN,rel_area=1.00
../../data/raw/train/71-640px-NY_license_plate_54111ME_commercial_jpg.rf.8f7f3785aa55eecadf61922f3e3107a0.jpg,box_suspiciously_large,WARN,rel_area=1.00
../../data/raw/train/72-640px-1937_Arizona_License_Plate_jpg.rf.9b0a1e6a952bf9a63d593ef3c473ccac.jpg,box_suspiciously_large,WARN,rel_area=1.00
../../data/raw/train/PXL_20210622_051522183_jpg.rf.aa3e64d1cb09b3e02ac52f15ab28dec5.jpg,box_suspiciously_large,WARN,rel_area=1.00
../../data/raw/train/75-800px-1963_Louisiana_license_plate_16-2C000lb_tractor_jpg.rf.69f5e7c1a894e5b020c0a0fa57bde8ad.jpg,box_suspiciously_large,WARN,rel_area=1.00
../../data/raw/train/74-85a70f99aa15dae003949bae404792c4_jpg.rf.523356ac175e5bc8af8708d8247f86b3.jpg,box_suspiciously_large,WARN,rel_area=1.00
../../data/raw/train/J1S1_jpg.rf.5480cd72b0a41c23e8f2f3ffc6fbb278.jpg,box_out_of_bounds,WARN,box exceeds image bounds
../../data/raw/train/If-20you-20need-20a-20front-20license-20plate_-20here_s-20ho_jpeg_jpg.rf.e03b26cccb4beec41f1d2e63006de469.jpg,box_out_of_bounds,WARN,box exceeds image bounds
../../data/raw/train/38-placa-guerrero-92_jpg.rf.5b3f4ac499b95f16e1a116521cb8f213.jpg,box_suspiciously_large,WARN,rel_area=0.98
../../data/raw/train/42-s-l640_jpg.rf.184ea456f0df226401295dd788ef418a.jpg,box_out_of_bounds,WARN,box exceeds image bounds
../../data/raw/train/40-800px-Mpumalanga_license_plate_jpg.rf.c118c82742ca2aa7b8e2014fe8f5aeb1.jpg,box_suspiciously_large,WARN,rel_area=1.00
../../data/raw/train/75-800px-1963_Louisiana_license_plate_16-2C000lb_tractor_jpg.rf.a418cb5dede72f528e9fdb36bc780968.jpg,box_suspiciously_large,WARN,rel_area=0.99
../../data/raw/train/4-D_Q_NP_771917-MLM26259169217_102017-Q_jpg.rf.0640960078516460f8d3408ec234c1c7.jpg,box_out_of_bounds,WARN,box exceeds image bounds
../../data/raw/train/78-640px-1994_Virginia_license_plate_RYW-115_jpg.rf.f4ef8cb3b39329c1ee9061015e556705.jpg,box_suspiciously_large,WARN,rel_area=1.00
../../data/raw/train/4-cdmx2019_jpg.rf.f589870033dd8cac49f764f5efc817af.jpg,box_suspiciously_large,WARN,rel_area=1.00
../../data/raw/train/28-license-plate_3052_jpg.rf.8e9dc054b1fe59d90152e13cb2652035.jpg,box_suspiciously_large,WARN,rel_area=1.00
../../data/raw/train/74-85a70f99aa15dae003949bae404792c4_jpg.rf.d20b73422c3cb6e051c9c66459d0a75f.jpg,box_suspiciously_large,WARN,rel_area=1.00
../../data/raw/train/77-800px-2000s_Egyptian_license_plate_jpg.rf.c09f75a23d968ec48b3c895cd035961a.jpg,box_suspiciously_large,WARN,rel_area=0.99
../../data/raw/train/40-placa-guerrero-00_jpg.rf.1565cf1aea92e2d9076ea3cfabae05c4.jpg,box_suspiciously_large,WARN,rel_area=1.00
../../data/raw/train/79-1024px-1937_Minnesota-2C_USA-2C_license_plate_jpg.rf.2bc0d5f725ff56c2a476429f6e0ab432.jpg,box_suspiciously_large,WARN,rel_area=0.93
../../data/raw/train/72-640px-1937_Arizona_License_Plate_jpg.rf.d2835329e9a1e609e633847ee96f81c8.jpg,box_suspiciously_large,WARN,rel_area=1.00
../../data/raw/train/31-198440-Principal_jpg.rf.7eea3684fae91de7c209d9b2067da506.jpg,box_out_of_bounds,WARN,box exceeds image bounds
../../data/raw/train/55-placa-guerrero-03_jpg.rf.8596b446a546e040d925d847435d47ae.jpg,box_suspiciously_large,WARN,rel_area=1.00
../../data/raw/train/34-s-l300_jpg.rf.bd2d79906dc98607e2555a85ebf42b0b.jpg,box_suspiciously_large,WARN,rel_area=0.99
../../data/raw/train/32-GRO-GZW-Auto-Mar-Escudo_jpg.rf.518846357d7a6b1dd29bb11577f3b513.jpg,box_suspiciously_large,WARN,rel_area=1.00
../../data/raw/train/30-1024px-1963_Texas_license_plate_jpg.rf.23ed22c92ead0fe5336a64ed84558598.jpg,box_suspiciously_large,WARN,rel_area=1.00
../../data/raw/train/3-D_NQ_NP_858868-MLM31711653804_082019-W_jpg.rf.c5cf8f11cc7b4a3a6bb00a2f6a11a926.jpg,box_out_of_bounds,WARN,box exceeds image bounds
../../data/raw/train/35-CDMX_17_580x-2x_jpg.rf.5a3d80f2c469328c8b8a65d981452f16.jpg,box_suspiciously_large,WARN,rel_area=1.00
../../data/raw/train/36-s-l400_jpg.rf.89ffdfa47e1f7b43a0b77eabba7708c0.jpg,box_out_of_bounds,WARN,box exceeds image bounds
../../data/raw/train/36-s-l400_jpg.rf.89ffdfa47e1f7b43a0b77eabba7708c0.jpg,box_suspiciously_large,WARN,rel_area=0.97
../../data/raw/train/36-License-Plate-IL-NDXVI_jpg.rf.05e6705a02918cb496f2872514bfe790.jpg,box_suspiciously_large,WARN,rel_area=0.97
../../data/raw/train/5-s-l400_jpg.rf.7709a180a23c637409f078165fc47dcd.jpg,box_suspiciously_large,WARN,rel_area=1.00
../../data/raw/train/48-1200px-License_plate_Vietnam_Hanoi_jpg.rf.0992fe6d5d2f71c0764facd99e46aa5f.jpg,box_suspiciously_large,WARN,rel_area=0.99
../../data/raw/train/56-800px-1950_Indiana_license_plate_jpg.rf.140f736d146b2390a6fcbfce98d415de.jpg,box_suspiciously_large,WARN,rel_area=1.00
../../data/raw/train/58-3940557986_fc46880e47_jpg.rf.a9ea924672277be098f745c8010e3419.jpg,box_suspiciously_large,WARN,rel_area=0.98
../../data/raw/train/58-51yfoj4IkpL-__AC_SX300_QL70_ML2__jpg.rf.52a2f4603ed84467e185231548498ee6.jpg,box_suspiciously_large,WARN,rel_area=0.96
../../data/raw/train/70-gro2015taxi_jpg.rf.a412e58c445e34c235dbb1c64b6ead96.jpg,box_suspiciously_large,WARN,rel_area=1.00
../../data/raw/train/70-5117602976_af2ebe15ef_z_jpg.rf.d4250c338f89cfad1862de0ef9505e90.jpg,box_suspiciously_large,WARN,rel_area=0.97
../../data/raw/train/52-gro2012b_jpg.rf.e5ae601cfe5f2e9b75b5b192ef1e2c26.jpg,box_suspiciously_large,WARN,rel_area=1.00
../../data/raw/train/71-640px-NY_license_plate_54111ME_commercial_jpg.rf.cc808182c02ad52c43bea8867e1dbf1a.jpg,box_suspiciously_large,WARN,rel_area=1.00
../../data/raw/train/67-800px-ILLINOIS_1962_LICENSE_PLATE_282-662_-_Flickr_-_woody1778a_jpg.rf.adaa41fcc3d8cfed7e29d0d64264424c.jpg,box_suspiciously_large,WARN,rel_area=1.00
../../data/raw/train/66-800px-1977_Pennsylvania_license_plate_D97-950_jpg.rf.d23197ca2fd59ef821fb169f3d38a93a.jpg,box_out_of_bounds,WARN,box exceeds image bounds
../../data/raw/train/66-800px-1977_Pennsylvania_license_plate_D97-950_jpg.rf.d23197ca2fd59ef821fb169f3d38a93a.jpg,box_suspiciously_large,WARN,rel_area=0.99
../../data/raw/train/PXL_20210622_051522183_jpg.rf.949c3100acaccb13ea85d619a30d6380.jpg,box_suspiciously_large,WARN,rel_area=1.00
../../data/raw/train/63-s-l1000_jpg.rf.75336300234bf9fa04116c3b6910ac14.jpg,box_suspiciously_large,WARN,rel_area=1.00
../../data/raw/train/Licence-20plate-20thieves-20use-20expired-20plates-20to-20cover_y_jpg.rf.081524266c96ebf91c5c2c0436e42874.jpg,box_suspiciously_large,WARN,rel_area=0.99
../../data/raw/train/Licence-20plate-20thieves-20use-20expired-20plates-20to-20cover_y_jpg.rf.0bd2905eb0498a49e48521f3557c91d5.jpg,box_suspiciously_large,WARN,rel_area=0.93
../../data/raw/train/PXL_20210622_051522183_jpg.rf.d842956902fd945d35cc4d1fdb957ed1.jpg,box_suspiciously_large,WARN,rel_area=1.00
../../data/raw/train/70-5117602976_af2ebe15ef_z_jpg.rf.ded156daa87d0bfe6057488280e7b2a8.jpg,box_suspiciously_large,WARN,rel_area=1.00
../../data/raw/train/70-gro2015taxi_jpg.rf.1ddec2e3582801749b54c779bf9942fa.jpg,box_suspiciously_large,WARN,rel_area=1.00
../../data/raw/train/52-gro2012b_jpg.rf.9764508a9ec8fc19f35a431eae6895bd.jpg,box_suspiciously_large,WARN,rel_area=1.00
../../data/raw/train/56-800px-1950_Indiana_license_plate_jpg.rf.82d2e451a16f5826bf12fbcd3818406a.jpg,box_suspiciously_large,WARN,rel_area=1.00
../../data/raw/train/58-51yfoj4IkpL-__AC_SX300_QL70_ML2__jpg.rf.eb4233b7c3df928c6a2efb51276b15d9.jpg,box_suspiciously_large,WARN,rel_area=1.00
../../data/raw/train/55-placa-guerrero-03_jpg.rf.82792a7d8e6ec13e8582313583a3f08d.jpg,box_suspiciously_large,WARN,rel_area=1.00
../../data/raw/train/58-3940557986_fc46880e47_jpg.rf.a230e393dde86dddd4e0ad9e91654877.jpg,box_suspiciously_large,WARN,rel_area=1.00
../../data/raw/train/79-1024px-1937_Minnesota-2C_USA-2C_license_plate_jpg.rf.3b93bf72afc056aba8e77601c0543f0c.jpg,box_suspiciously_large,WARN,rel_area=1.00
../../data/raw/train/71-640px-NY_license_plate_54111ME_commercial_jpg.rf.0eb94fbc382d347c2ebaf29c0158ebe0.jpg,box_suspiciously_large,WARN,rel_area=1.00
../../data/raw/train/CarLongPlateGen2091_jpg.rf.010cebb2a0c7a0936c7b8619f0ad6fb4.jpg,box_out_of_bounds,WARN,box exceeds image bounds
../../data/raw/train/72-640px-1937_Arizona_License_Plate_jpg.rf.bf3289efe8936e6c5e4ae31be85e35b8.jpg,box_out_of_bounds,WARN,box exceeds image bounds
../../data/raw/train/72-640px-1937_Arizona_License_Plate_jpg.rf.bf3289efe8936e6c5e4ae31be85e35b8.jpg,box_suspiciously_large,WARN,rel_area=0.99
../../data/raw/train/74-85a70f99aa15dae003949bae404792c4_jpg.rf.0eaea4b79b760b4ed366dd80994b1e1b.jpg,box_suspiciously_large,WARN,rel_area=0.99
../../data/raw/train/PXL_20210622_051522183_jpg.rf.a33a3392122561ca09d0860d2dff05f5.jpg,box_suspiciously_large,WARN,rel_area=1.00
../../data/raw/train/66-800px-1977_Pennsylvania_license_plate_D97-950_jpg.rf.239d282940cbde733010a0dfd111471c.jpg,box_suspiciously_large,WARN,rel_area=1.00
../../data/raw/train/77-800px-2000s_Egyptian_license_plate_jpg.rf.a6b0c49babd81448eca7bdaebde8d35e.jpg,box_suspiciously_large,WARN,rel_area=1.00
../../data/raw/train/67-800px-ILLINOIS_1962_LICENSE_PLATE_282-662_-_Flickr_-_woody1778a_jpg.rf.69b91c1ccae2bcf3197ae73a49cc1a84.jpg,box_suspiciously_large,WARN,rel_area=1.00
../../data/raw/train/63-s-l1000_jpg.rf.2bd20b5f5ed3b4d1f0f5ff1aa52fca97.jpg,box_suspiciously_large,WARN,rel_area=0.94
../../data/raw/train/75-800px-1963_Louisiana_license_plate_16-2C000lb_tractor_jpg.rf.5e7d9aefd30eda04bfefd6cd8e10f4c7.jpg,box_suspiciously_large,WARN,rel_area=0.91
../../data/raw/train/78-640px-1994_Virginia_license_plate_RYW-115_jpg.rf.e66b554c1f7039c9f0723f8ec41fe57d.jpg,box_suspiciously_large,WARN,rel_area=1.00
../../data/raw/train/PXL_20210622_051522183_jpg.rf.9fce0246d2d3023f78181dc8004ab8d1.jpg,box_suspiciously_large,WARN,rel_area=1.00
../../data/raw/train/CarLongPlateGen1665_jpg.rf.a1ad7821601992ac06d958ce6a77e127.jpg,box_out_of_bounds,WARN,box exceeds image bounds
../../data/raw/train/Licence-20plate-20thieves-20use-20expired-20plates-20to-20cover_y_jpg.rf.2328dfc8bde9f4da7280133a73f0c2b1.jpg,box_suspiciously_large,WARN,rel_area=1.00
../../data/raw/train/PXL_20210622_051522183_jpg.rf.8170bce45014469f56e3593528ba29c8.jpg,box_suspiciously_large,WARN,rel_area=1.00
../../data/raw/train/72-640px-1937_Arizona_License_Plate_jpg.rf.f4d5747a76715308b3c4566d15340c46.jpg,box_suspiciously_large,WARN,rel_area=1.00
../../data/raw/train/71-640px-NY_license_plate_54111ME_commercial_jpg.rf.725813c89dd3f20452d95022a0742ce2.jpg,box_suspiciously_large,WARN,rel_area=1.00
../../data/raw/train/70-5117602976_af2ebe15ef_z_jpg.rf.aebaffadf8fcb7c5abd103f210ea3dd2.jpg,box_suspiciously_large,WARN,rel_area=0.97
../../data/raw/train/74-85a70f99aa15dae003949bae404792c4_jpg.rf.1561373c2162b624be1e966576b01f10.jpg,box_suspiciously_large,WARN,rel_area=1.00
../../data/raw/train/78-640px-1994_Virginia_license_plate_RYW-115_jpg.rf.5fe53a43574272446f0ddcc1d053d013.jpg,box_suspiciously_large,WARN,rel_area=1.00
../../data/raw/train/75-800px-1963_Louisiana_license_plate_16-2C000lb_tractor_jpg.rf.b51b217eb75931dd29f959ed146348c9.jpg,box_suspiciously_large,WARN,rel_area=1.00
../../data/raw/train/Licence-20plate-20thieves-20use-20expired-20plates-20to-20cover_y_jpg.rf.739e5e66b256dff085b295c79bd5cc37.jpg,box_suspiciously_large,WARN,rel_area=1.00
../../data/raw/train/70-gro2015taxi_jpg.rf.a256259d7db8c1c3a2f1d90a93fa7002.jpg,box_suspiciously_large,WARN,rel_area=1.00
../../data/raw/train/77-800px-2000s_Egyptian_license_plate_jpg.rf.80bfa6e0554b0b4a88653302e75108b3.jpg,box_suspiciously_large,WARN,rel_area=0.96
../../data/raw/train/CarLongPlateGen1114_jpg.rf.3a0094cbb0ab806ac877c247301c71e3.jpg,box_out_of_bounds,WARN,box exceeds image bounds
../../data/raw/train/34-s-l300_jpg.rf.23922f0adbabbc1de99fc0fcb5e34a71.jpg,box_suspiciously_large,WARN,rel_area=1.00
../../data/raw/train/40-placa-guerrero-00_jpg.rf.d8efd2c62d0e5f5b2c672f9efdb30670.jpg,box_suspiciously_large,WARN,rel_area=0.99
../../data/raw/train/36-License-Plate-IL-NDXVI_jpg.rf.e37cd0074962937827ecf02697d1d162.jpg,box_suspiciously_large,WARN,rel_area=0.99
../../data/raw/train/4-cdmx2019_jpg.rf.b56d949f73e202d0b423de4967fb877a.jpg,box_suspiciously_large,WARN,rel_area=1.00
../../data/raw/train/38-placa-guerrero-92_jpg.rf.c4b4bcea880153545ad04e857a1fab79.jpg,box_suspiciously_large,WARN,rel_area=1.00
../../data/raw/train/32-GRO-GZW-Auto-Mar-Escudo_jpg.rf.69cddd500d49c135f95afce976239029.jpg,box_suspiciously_large,WARN,rel_area=0.97
../../data/raw/train/40-800px-Mpumalanga_license_plate_jpg.rf.8c9c0beef89b65a3bab8c81857823801.jpg,box_suspiciously_large,WARN,rel_area=1.00
../../data/raw/train/52-gro2012b_jpg.rf.836079662448fd3de23916ba7b715a35.jpg,box_suspiciously_large,WARN,rel_area=1.00
../../data/raw/train/37-cdmx2020bus-b_jpg.rf.cf683125aee637a3e13f357f858e32e1.jpg,box_suspiciously_large,WARN,rel_area=0.96
../../data/raw/train/PXL_20210622_051522183_jpg.rf.e171db13fe8862d8ece1fa748a696063.jpg,box_suspiciously_large,WARN,rel_area=1.00
../../data/raw/train/59-D_NQ_NP_652904-MLM29578417347_032019-W_jpg.rf.48851e17899dc09ad54097888a6000ee.jpg,box_suspiciously_large,WARN,rel_area=0.92
../../data/raw/train/5-s-l400_jpg.rf.911ca0b50a6f89f8b628f165e1424478.jpg,box_suspiciously_large,WARN,rel_area=1.00
../../data/raw/train/55-placa-guerrero-03_jpg.rf.44e6cf3ea5f0a3f0f331a8389df50624.jpg,box_suspiciously_large,WARN,rel_area=1.00
../../data/raw/train/58-3940557986_fc46880e47_jpg.rf.c19dbce90e1023b572aa18a5e259a02d.jpg,box_suspiciously_large,WARN,rel_area=1.00
../../data/raw/train/48-1200px-License_plate_Vietnam_Hanoi_jpg.rf.9bd158c9a3337368ee1726461adc5be0.jpg,box_suspiciously_large,WARN,rel_area=0.91
../../data/raw/train/63-s-l1000_jpg.rf.1b81be2a26cf9e1454bb0fa75186ec73.jpg,box_suspiciously_large,WARN,rel_area=1.00
../../data/raw/train/35-CDMX_17_580x-2x_jpg.rf.b5d5e41da676b5e401296f538bbecf0c.jpg,box_suspiciously_large,WARN,rel_area=1.00
../../data/raw/train/56-800px-1950_Indiana_license_plate_jpg.rf.f21dcfb854526ef44e97e262dda11600.jpg,box_suspiciously_large,WARN,rel_area=1.00
../../data/raw/train/7-D_NQ_NP_865970-MLM31423400441_072019-W_jpg.rf.910b1ccd98cd3a548f7db0ef41af0b40.jpg,box_out_of_bounds,WARN,box exceeds image bounds
../../data/raw/train/66-800px-1977_Pennsylvania_license_plate_D97-950_jpg.rf.4fab1c8632f86b42c3601fa60f29c01e.jpg,box_suspiciously_large,WARN,rel_area=0.95
../../data/raw/train/58-51yfoj4IkpL-__AC_SX300_QL70_ML2__jpg.rf.a8bee5a4e5a7b2abc3d06f53026d0bc5.jpg,box_suspiciously_large,WARN,rel_area=1.00
../../data/raw/train/79-1024px-1937_Minnesota-2C_USA-2C_license_plate_jpg.rf.a44d345344f51c12f40005ec76ee1db0.jpg,box_suspiciously_large,WARN,rel_area=1.00
../../data/raw/train/67-800px-ILLINOIS_1962_LICENSE_PLATE_282-662_-_Flickr_-_woody1778a_jpg.rf.834a6ddc4ad10ed1f6701f828331975c.jpg,box_suspiciously_large,WARN,rel_area=1.00
../../data/raw/train/Here_s-20why-20you_re-20seeing-20those-20black-20and-20yellow_yyt_jpg.rf.4a7f3f12355b07916d06f286936cb2f0.jpg,box_suspiciously_large,WARN,rel_area=0.95
../../data/raw/train/pic_253_jpg.rf.a11b1479cdc610b1ae483947774eeb8e.jpg,box_out_of_bounds,WARN,box exceeds image bounds
../../data/raw/train/pic_235_jpg.rf.b1cf1fd5aba505678d83f7dc5152790b.jpg,box_out_of_bounds,WARN,box exceeds image bounds
../../data/raw/train/pic_229_jpg.rf.7211b4381adddc65380855368c1655c6.jpg,box_out_of_bounds,WARN,box exceeds image bounds
../../data/raw/train/25-PLACAS-DE-GUERRERO-Y-CDMX-20181114071204_jpg.rf.dd5e5296fd317453d6dc3928bf9403b5.jpg,box_out_of_bounds,WARN,box exceeds image bounds
../../data/raw/train/70-gro2015taxi_jpg.rf.9060edb9fba8fd596617a6bcf5b5736d.jpg,box_suspiciously_large,WARN,rel_area=0.99
../../data/raw/train/71-640px-NY_license_plate_54111ME_commercial_jpg.rf.ee94cd5af76efe671fa6234862d90148.jpg,box_suspiciously_large,WARN,rel_area=1.00
../../data/raw/train/5-s-l400_jpg.rf.14f22604e458a6249a68f10ccbf5b084.jpg,box_suspiciously_large,WARN,rel_area=0.97
../../data/raw/train/70-5117602976_af2ebe15ef_z_jpg.rf.602f4fbb92453db0e79f97fd60fb73e3.jpg,box_suspiciously_large,WARN,rel_area=1.00
../../data/raw/train/32-GRO-GZW-Auto-Mar-Escudo_jpg.rf.d4e28e0ecbee746a4598c9c0caf0818e.jpg,box_suspiciously_large,WARN,rel_area=1.00
../../data/raw/train/27-cdmx2019a_jpg.rf.a4e5be46aed0615f866c9df889482161.jpg,box_suspiciously_large,WARN,rel_area=1.00
../../data/raw/train/52-gro2012b_jpg.rf.7d2feff13edfcc05de13862c889c8cf5.jpg,box_suspiciously_large,WARN,rel_area=1.00
../../data/raw/train/40-800px-Mpumalanga_license_plate_jpg.rf.510bd4c7968044720392706cfed8a44c.jpg,box_suspiciously_large,WARN,rel_area=1.00
../../data/raw/train/55-placa-guerrero-03_jpg.rf.72561ada2897841a86b332426b003f59.jpg,box_suspiciously_large,WARN,rel_area=1.00
../../data/raw/train/30-1024px-1963_Texas_license_plate_jpg.rf.7393b52d44c927a0bde326b20ba91071.jpg,box_suspiciously_large,WARN,rel_area=1.00
../../data/raw/train/72-640px-1937_Arizona_License_Plate_jpg.rf.c689d255af1907f8dea53c5f0f184b95.jpg,box_suspiciously_large,WARN,rel_area=1.00
../../data/raw/train/40-placa-guerrero-00_jpg.rf.47c30ba7bdf1353111a53701425e15ce.jpg,box_suspiciously_large,WARN,rel_area=1.00
../../data/raw/train/27-PLACA-GUERR_jpg.rf.06844871b883d26293c17c081983845e.jpg,box_suspiciously_large,WARN,rel_area=1.00
../../data/raw/train/26-cdmx2016mc3_jpg.rf.fe9f565db0c1388687dd7245e41f7668.jpg,box_suspiciously_large,WARN,rel_area=1.00
../../data/raw/train/34-s-l300_jpg.rf.72de6ca7a22938b768a96c64781d987c.jpg,box_suspiciously_large,WARN,rel_area=1.00
../../data/raw/train/75-800px-1963_Louisiana_license_plate_16-2C000lb_tractor_jpg.rf.ccbef89ee765935103eff27f3504c0d7.jpg,box_suspiciously_large,WARN,rel_area=0.99
../../data/raw/train/37-cdmx2020bus-b_jpg.rf.d2c4f3d4d829c1437d6d50acbcff7e4d.jpg,box_suspiciously_large,WARN,rel_area=1.00
../../data/raw/train/77-800px-2000s_Egyptian_license_plate_jpg.rf.d2112fb948b2090bba1254e69fa7cfa9.jpg,box_suspiciously_large,WARN,rel_area=1.00
../../data/raw/train/58-3940557986_fc46880e47_jpg.rf.aecc4d2f9c19a48ed8caee07ff009235.jpg,box_suspiciously_large,WARN,rel_area=0.98
../../data/raw/train/28-license-plate_3052_jpg.rf.d85d4f6b034d9ddd27edb5aed90d3840.jpg,box_suspiciously_large,WARN,rel_area=1.00
../../data/raw/train/47-D_NP_573815-MLM25307467925_012017-Q_jpg.rf.6c07d47e7141a2c1e89ff0724cfa7565.jpg,box_out_of_bounds,WARN,box exceeds image bounds
../../data/raw/train/74-85a70f99aa15dae003949bae404792c4_jpg.rf.b73f3e95276d5e4b3e7a722887a4fb56.jpg,box_suspiciously_large,WARN,rel_area=1.00
../../data/raw/train/38-placa-guerrero-92_jpg.rf.4b7b9e313a51feb18f1a43a0178befda.jpg,box_suspiciously_large,WARN,rel_area=0.98
../../data/raw/train/56-800px-1950_Indiana_license_plate_jpg.rf.825993c518237c1e416d1237b71e58b5.jpg,box_suspiciously_large,WARN,rel_area=0.94
../../data/raw/train/78-640px-1994_Virginia_license_plate_RYW-115_jpg.rf.48a314777271535b3aec6dcb35655089.jpg,box_suspiciously_large,WARN,rel_area=1.00
../../data/raw/train/50706323978_e21effc0bf_b_jpeg_jpg.rf.e81a985cbd8e6df8b95a69c8b6405842.jpg,box_out_of_bounds,WARN,box exceeds image bounds
../../data/raw/train/50706323978_e21effc0bf_b_jpeg_jpg.rf.e81a985cbd8e6df8b95a69c8b6405842.jpg,box_suspiciously_large,WARN,rel_area=0.97
../../data/raw/train/35-CDMX_17_580x-2x_jpg.rf.564296d9ac3d6629c46c5a570efd51a3.jpg,box_suspiciously_large,WARN,rel_area=0.99
../../data/raw/train/79-1024px-1937_Minnesota-2C_USA-2C_license_plate_jpg.rf.f46db6305270fa26c1a91e778d860ee7.jpg,box_suspiciously_large,WARN,rel_area=1.00
../../data/raw/train/48-1200px-License_plate_Vietnam_Hanoi_jpg.rf.6cf1e9ccf60d11f5dd3e449d7255244b.jpg,box_suspiciously_large,WARN,rel_area=1.00
../../data/raw/train/4-cdmx2019_jpg.rf.40bac7bc6586dc0344634285b2c70fe7.jpg,box_suspiciously_large,WARN,rel_area=0.97
../../data/raw/train/36-License-Plate-IL-NDXVI_jpg.rf.abdc3da796292a048b5978740f014f3e.jpg,box_suspiciously_large,WARN,rel_area=0.99
../../data/raw/train/66-800px-1977_Pennsylvania_license_plate_D97-950_jpg.rf.81a68df2f3be3a257cc1e7b567d31bab.jpg,box_suspiciously_large,WARN,rel_area=1.00
../../data/raw/train/63-s-l1000_jpg.rf.7eff6bd94e608da736d9cfd203c50ab5.jpg,box_suspiciously_large,WARN,rel_area=0.97
../../data/raw/train/Licence-20plate-20thieves-20use-20expired-20plates-20to-20cover_y_jpg.rf.fcc23a4da2004fcc9b1d4fd6d760f2a7.jpg,box_suspiciously_large,WARN,rel_area=0.95
../../data/raw/train/67-800px-ILLINOIS_1962_LICENSE_PLATE_282-662_-_Flickr_-_woody1778a_jpg.rf.3988462f82582e40f90dfef7058068e3.jpg,box_suspiciously_large,WARN,rel_area=0.94
../../data/raw/train/PXL_20210622_051522183_jpg.rf.874ff70c56b6d9469416a1c298175046.jpg,box_suspiciously_large,WARN,rel_area=1.00
../../data/raw/train/27-cdmx2019a_jpg.rf.c4a9a299d753a302bace1c12a92dc087.jpg,box_suspiciously_large,WARN,rel_area=1.00
../../data/raw/train/27-PLACA-GUERR_jpg.rf.88205578e0a3f4817a7d027ed131513c.jpg,box_suspiciously_large,WARN,rel_area=1.00
../../data/raw/train/55-placa-guerrero-03_jpg.rf.e9be0c7d1166982f7cd62d37116d098d.jpg,box_suspiciously_large,WARN,rel_area=1.00
../../data/raw/train/38-placa-guerrero-92_jpg.rf.cd7e672211a16b77e50ace6efd81e0ef.jpg,box_suspiciously_large,WARN,rel_area=0.97
../../data/raw/train/52-gro2012b_jpg.rf.230efcd866a95c8112fca62ed35c3cb4.jpg,box_suspiciously_large,WARN,rel_area=1.00
../../data/raw/train/74-85a70f99aa15dae003949bae404792c4_jpg.rf.ebe864a49257f86a13be6dd80b50d6f7.jpg,box_suspiciously_large,WARN,rel_area=1.00
../../data/raw/train/58-3940557986_fc46880e47_jpg.rf.02fe0a9433d29866ee77447114db718d.jpg,box_suspiciously_large,WARN,rel_area=1.00
../../data/raw/train/56-800px-1950_Indiana_license_plate_jpg.rf.74accbfc71bcb1e80045138d5832b19b.jpg,box_suspiciously_large,WARN,rel_area=1.00
../../data/raw/train/77-800px-2000s_Egyptian_license_plate_jpg.rf.b0a01e48cc56313b2022ef346302f7d8.jpg,box_suspiciously_large,WARN,rel_area=1.00
../../data/raw/train/78-640px-1994_Virginia_license_plate_RYW-115_jpg.rf.0660d4b40e1943c17e4388e6cb25f8e1.jpg,box_suspiciously_large,WARN,rel_area=1.00
../../data/raw/train/75-800px-1963_Louisiana_license_plate_16-2C000lb_tractor_jpg.rf.48dd2e6c04cf32bcdaacea3ec100d2cb.jpg,box_suspiciously_large,WARN,rel_area=0.99
../../data/raw/train/34-s-l300_jpg.rf.e673c5d974475735aaef2da357ec0c3b.jpg,box_suspiciously_large,WARN,rel_area=1.00
../../data/raw/train/26-cdmx2016mc3_jpg.rf.8f24acb0f5b4158c90d324d9c453b2bd.jpg,box_suspiciously_large,WARN,rel_area=1.00
../../data/raw/train/79-1024px-1937_Minnesota-2C_USA-2C_license_plate_jpg.rf.a9870ae4b6337a620d89074c657e4f1a.jpg,box_suspiciously_large,WARN,rel_area=1.00
../../data/raw/train/30-1024px-1963_Texas_license_plate_jpg.rf.a95ccdbd178ca8da98df67d5765488fa.jpg,box_suspiciously_large,WARN,rel_area=1.00
../../data/raw/train/5-s-l400_jpg.rf.04df843f1a984b795b1d8edd4536786f.jpg,box_suspiciously_large,WARN,rel_area=0.99
../../data/raw/train/36-s-l400_jpg.rf.04a17706ee6295e83717398a9d35d324.jpg,box_suspiciously_large,WARN,rel_area=0.99
../../data/raw/train/66-800px-1977_Pennsylvania_license_plate_D97-950_jpg.rf.1cbd06f139e544e964c523dc6a4853fb.jpg,box_suspiciously_large,WARN,rel_area=1.00
../../data/raw/train/58-51yfoj4IkpL-__AC_SX300_QL70_ML2__jpg.rf.ce483084e2b59bb554a0ecdf401f25b3.jpg,box_suspiciously_large,WARN,rel_area=1.00
../../data/raw/train/28-license-plate_3052_jpg.rf.c6bad5e8765e50c1e92fb31c36580e5b.jpg,box_suspiciously_large,WARN,rel_area=1.00
../../data/raw/train/32-GRO-GZW-Auto-Mar-Escudo_jpg.rf.cebb7fa6a8d12fcd452d0cbdf49b6015.jpg,box_suspiciously_large,WARN,rel_area=1.00
../../data/raw/train/4-cdmx2019_jpg.rf.13681d24f9e01d2b88496d5d3cbb641d.jpg,box_suspiciously_large,WARN,rel_area=1.00
../../data/raw/train/36-License-Plate-IL-NDXVI_jpg.rf.b85ccccd5bca63158272127d8dcde690.jpg,box_suspiciously_large,WARN,rel_area=0.99
../../data/raw/train/63-s-l1000_jpg.rf.048716db4756d6d322980784bacc02a1.jpg,box_suspiciously_large,WARN,rel_area=0.96
../../data/raw/train/35-CDMX_17_580x-2x_jpg.rf.fd1efd30de160171063de42d972331cf.jpg,box_suspiciously_large,WARN,rel_area=1.00
../../data/raw/train/47-D_NP_573815-MLM25307467925_012017-Q_jpg.rf.6500cc4de3436f7f702172ed46ae4759.jpg,box_out_of_bounds,WARN,box exceeds image bounds
../../data/raw/train/48-1200px-License_plate_Vietnam_Hanoi_jpg.rf.3a86dd173bb123f5630e253e99910a71.jpg,box_suspiciously_large,WARN,rel_area=0.99
../../data/raw/train/40-placa-guerrero-00_jpg.rf.92b3501ed709966674a502d989b97182.jpg,box_suspiciously_large,WARN,rel_area=0.99
../../data/raw/train/70-5117602976_af2ebe15ef_z_jpg.rf.77289dd9aee9b17456b8cbf25135c79f.jpg,box_suspiciously_large,WARN,rel_area=1.00
../../data/raw/train/70-gro2015taxi_jpg.rf.78c2c5dbf37a1dfdc9e5a4cce462e3ad.jpg,box_suspiciously_large,WARN,rel_area=1.00
../../data/raw/train/67-800px-ILLINOIS_1962_LICENSE_PLATE_282-662_-_Flickr_-_woody1778a_jpg.rf.f90fc1fd08437112e72e98383edd5ee8.jpg,box_suspiciously_large,WARN,rel_area=1.00
../../data/raw/train/72-640px-1937_Arizona_License_Plate_jpg.rf.65052df0bdf44e57983c14514d3b5b0a.jpg,box_suspiciously_large,WARN,rel_area=1.00
../../data/raw/train/37-cdmx2020bus-b_jpg.rf.2ed7c8dff82379d8e78b33b7839d470e.jpg,box_suspiciously_large,WARN,rel_area=1.00
../../data/raw/train/CarLongPlate944_jpg.rf.1a3b6df17d26d81d83a2375f7bcd924f.jpg,box_out_of_bounds,WARN,box exceeds image bounds
../../data/raw/train/71-640px-NY_license_plate_54111ME_commercial_jpg.rf.bb0794b3dc5397e2608289ab154a4eb0.jpg,box_suspiciously_large,WARN,rel_area=1.00
../../data/raw/train/40-800px-Mpumalanga_license_plate_jpg.rf.044feff49b50f2dfb89f66d6c0fde500.jpg,box_suspiciously_large,WARN,rel_area=1.00
../../data/raw/train/PXL_20210622_051522183_jpg.rf.c03b66358ce185614ebbcfbaf8f40d96.jpg,box_suspiciously_large,WARN,rel_area=1.00
../../data/raw/train/How-20to-20Transfer-20Your-20License-20Plate-20Number-20From_yyth_jpg.rf.6fbc45397bb0e2e0406bc4182e09bce0.jpg,box_suspiciously_large,WARN,rel_area=0.92
../../data/raw/train/Here_s-20why-20you_re-20seeing-20those-20black-20and-20yellow_yyt_jpg.rf.47684835975d4af610c714167d1b941d.jpg,box_out_of_bounds,WARN,box exceeds image bounds
../../data/raw/train/Here_s-20why-20you_re-20seeing-20those-20black-20and-20yellow_yyt_jpg.rf.47684835975d4af610c714167d1b941d.jpg,box_suspiciously_large,WARN,rel_area=0.91
../../data/raw/train/78-640px-1994_Virginia_license_plate_RYW-115_jpg.rf.d36e8fc2ec4288aee90982fca56e6547.jpg,box_suspiciously_large,WARN,rel_area=1.00
../../data/raw/train/27-PLACA-GUERR_jpg.rf.26358801d20fba11363af8d002e8c351.jpg,box_suspiciously_large,WARN,rel_area=0.98
../../data/raw/train/27-cdmx2019a_jpg.rf.a07cec989707b7938797a6e4606ed78e.jpg,box_suspiciously_large,WARN,rel_area=1.00
../../data/raw/train/79-1024px-1937_Minnesota-2C_USA-2C_license_plate_jpg.rf.cf0ab9f697817f6d2788dc672243c048.jpg,box_suspiciously_large,WARN,rel_area=1.00
../../data/raw/train/26-cdmx2016mc3_jpg.rf.334d6d4c4a703e6290c76efd23997771.jpg,box_suspiciously_large,WARN,rel_area=1.00
../../data/raw/train/25-PLACAS-DE-GUERRERO-VOLKSWAGEN-TIPO-GOLF_jpg.rf.9179e70cd4dd94ca5df0f99f5041191f.jpg,box_suspiciously_large,WARN,rel_area=0.93
../../data/raw/train/34-s-l300_jpg.rf.d08150854624a0fe7979d281e23176bd.jpg,box_suspiciously_large,WARN,rel_area=1.00
../../data/raw/train/4-cdmx2019_jpg.rf.c772d7fb9210aa66f67fe09838004e12.jpg,box_suspiciously_large,WARN,rel_area=0.98
../../data/raw/train/40-800px-Mpumalanga_license_plate_jpg.rf.98aea63d2790dd106572873de2a99899.jpg,box_suspiciously_large,WARN,rel_area=1.00
../../data/raw/train/28-license-plate_3052_jpg.rf.4f78212a3e1cc1b87f09365191ae156c.jpg,box_suspiciously_large,WARN,rel_area=0.98
../../data/raw/train/40-placa-guerrero-00_jpg.rf.677f09f3cb4e3f809f0c5b3bc8de5ad8.jpg,box_suspiciously_large,WARN,rel_area=1.00
../../data/raw/train/32-GRO-GZW-Auto-Mar-Escudo_jpg.rf.f7a0cd903fca379c17300ef3a939804a.jpg,box_suspiciously_large,WARN,rel_area=1.00
../../data/raw/train/77-800px-2000s_Egyptian_license_plate_jpg.rf.b26f19109074a15046101eee36b4b715.jpg,box_suspiciously_large,WARN,rel_area=1.00
../../data/raw/train/63-s-l1000_jpg.rf.c92f3e52ea626f7de777c5549236a3c4.jpg,box_suspiciously_large,WARN,rel_area=0.97
../../data/raw/train/66-800px-1977_Pennsylvania_license_plate_D97-950_jpg.rf.de9d288a23b4ae612fc98f142a0e988a.jpg,box_suspiciously_large,WARN,rel_area=0.99
../../data/raw/train/37-cdmx2020bus-b_jpg.rf.58191c2d07045c876b88fd7b518506f2.jpg,box_suspiciously_large,WARN,rel_area=1.00
../../data/raw/train/36-s-l400_jpg.rf.446e7911ae5bd05c47dace28f97c2917.jpg,box_suspiciously_large,WARN,rel_area=0.98
../../data/raw/train/38-placa-guerrero-92_jpg.rf.4cc0b3c193f87a52324fc7ec7754600c.jpg,box_suspiciously_large,WARN,rel_area=0.94
../../data/raw/train/36-License-Plate-IL-NDXVI_jpg.rf.f6ef3cf824c63a7e97135c93dc213696.jpg,box_out_of_bounds,WARN,box exceeds image bounds
../../data/raw/train/36-License-Plate-IL-NDXVI_jpg.rf.f6ef3cf824c63a7e97135c93dc213696.jpg,box_suspiciously_large,WARN,rel_area=0.99
../../data/raw/train/72-640px-1937_Arizona_License_Plate_jpg.rf.7048f921eb611c87fc25cba3238f5cf1.jpg,box_suspiciously_large,WARN,rel_area=1.00
../../data/raw/train/70-5117602976_af2ebe15ef_z_jpg.rf.ee0515edfb92048f7458f2e68fa9180a.jpg,box_suspiciously_large,WARN,rel_area=1.00
../../data/raw/train/67-800px-ILLINOIS_1962_LICENSE_PLATE_282-662_-_Flickr_-_woody1778a_jpg.rf.f35b0f8486dff616df018fcf2133d727.jpg,box_suspiciously_large,WARN,rel_area=1.00
../../data/raw/train/55-placa-guerrero-03_jpg.rf.4f98438c74d4a10c92573898500794be.jpg,box_suspiciously_large,WARN,rel_area=1.00
../../data/raw/train/52-gro2012b_jpg.rf.c39feb769abe449092ff90dd0c657481.jpg,box_suspiciously_large,WARN,rel_area=1.00
../../data/raw/train/70-gro2015taxi_jpg.rf.dd0248f1d750f00ea127de000cea69f7.jpg,box_suspiciously_large,WARN,rel_area=1.00
../../data/raw/train/75-800px-1963_Louisiana_license_plate_16-2C000lb_tractor_jpg.rf.1ee9884d73b417b13e55bfc1012542e1.jpg,box_suspiciously_large,WARN,rel_area=0.98
../../data/raw/train/71-640px-NY_license_plate_54111ME_commercial_jpg.rf.06cdf2378d8aa12ea82dbef0d310133f.jpg,box_suspiciously_large,WARN,rel_area=1.00
../../data/raw/train/35-CDMX_17_580x-2x_jpg.rf.0d8b3408ccb0bcb7bef77eccefbcf178.jpg,box_suspiciously_large,WARN,rel_area=1.00
../../data/raw/train/30-1024px-1963_Texas_license_plate_jpg.rf.dbecc7cede0477dc2c8f04e326293639.jpg,box_suspiciously_large,WARN,rel_area=1.00
../../data/raw/train/31-198440-Principal_jpg.rf.472648bf5546aa107a7d243bab63215c.jpg,box_out_of_bounds,WARN,box exceeds image bounds
../../data/raw/train/5-s-l400_jpg.rf.11833abf151594ff57a88d1a60bf4785.jpg,box_suspiciously_large,WARN,rel_area=0.94
../../data/raw/train/48-1200px-License_plate_Vietnam_Hanoi_jpg.rf.f0a79a68a0b603345ff872089903e96f.jpg,box_suspiciously_large,WARN,rel_area=0.97
../../data/raw/train/56-800px-1950_Indiana_license_plate_jpg.rf.0214fea81b0e104854c4080653208f3a.jpg,box_suspiciously_large,WARN,rel_area=0.99
../../data/raw/train/74-85a70f99aa15dae003949bae404792c4_jpg.rf.e7e29544db1280a079f51e6263c1e339.jpg,box_suspiciously_large,WARN,rel_area=1.00
../../data/raw/train/58-51yfoj4IkpL-__AC_SX300_QL70_ML2__jpg.rf.a9bc5c30684ec52344213449698b4873.jpg,box_suspiciously_large,WARN,rel_area=1.00
../../data/raw/train/58-3940557986_fc46880e47_jpg.rf.1332550098203325a586fc152fdf97c3.jpg,box_suspiciously_large,WARN,rel_area=1.00
../../data/raw/train/Licence-20plate-20thieves-20use-20expired-20plates-20to-20cover_y_jpg.rf.3ae88f76fddd4c810c756eac0e97ddad.jpg,box_suspiciously_large,WARN,rel_area=1.00
../../data/raw/train/LCA850_jpg.rf.ae500e092720850bc972c69d0a433af4.jpg,box_out_of_bounds,WARN,box exceeds image bounds
../../data/raw/train/CarLongPlate928_jpg.rf.ec2bdab8d4ec3c8f5784c0fbc7c5092a.jpg,box_out_of_bounds,WARN,box exceeds image bounds
../../data/raw/train/PXL_20210622_051522183_jpg.rf.620b110172b9b7930c3d77cd00135f07.jpg,box_suspiciously_large,WARN,rel_area=1.00
../../data/raw/train/CarLongPlate944_jpg.rf.8a2cbb1471d32446f4bde8bb15efe265.jpg,box_out_of_bounds,WARN,box exceeds image bounds
../../data/raw/train/26-cdmx2016mc3_jpg.rf.05e910b5cc08f75860f78bf2b8ddb0d0.jpg,box_suspiciously_large,WARN,rel_area=0.92
../../data/raw/train/27-PLACA-GUERR_jpg.rf.5c19498fe65b4ccc3cd3da7636fcd5da.jpg,box_suspiciously_large,WARN,rel_area=0.91
../../data/raw/train/27-cdmx2019a_jpg.rf.8a6eaf73026d143fb0d4c74c3dad9c67.jpg,box_suspiciously_large,WARN,rel_area=0.91
../../data/raw/train/52-gro2012b_jpg.rf.6210624d223fd087f36e8e60384b0330.jpg,box_suspiciously_large,WARN,rel_area=0.91
../../data/raw/train/35-CDMX_17_580x-2x_jpg.rf.e63ca4282df0ca5d85c557d14feb9cf5.jpg,box_suspiciously_large,WARN,rel_area=0.93
../../data/raw/train/32-GRO-GZW-Auto-Mar-Escudo_jpg.rf.4e82226af8fe061219e8f8605a1c2ea5.jpg,box_suspiciously_large,WARN,rel_area=0.90
../../data/raw/train/30-1024px-1963_Texas_license_plate_jpg.rf.05101e993cd93857c146862429454d69.jpg,box_suspiciously_large,WARN,rel_area=0.93
../../data/raw/train/74-85a70f99aa15dae003949bae404792c4_jpg.rf.65ec9086c14852ad019657f06e114e21.jpg,box_suspiciously_large,WARN,rel_area=0.92
../../data/raw/train/Licence-20plate-20thieves-20use-20expired-20plates-20to-20cover_y_jpg.rf.a92bfd1d9b8dbb2069adbc850290f56d.jpg,box_suspiciously_large,WARN,rel_area=1.00
../../data/raw/train/71-640px-NY_license_plate_54111ME_commercial_jpg.rf.e9b22e3790da06f4a189a2035c089753.jpg,box_suspiciously_large,WARN,rel_area=0.93
../../data/raw/train/LCA850_jpg.rf.8dbe846c8b9b188cdc95d6b61a66f6ed.jpg,box_out_of_bounds,WARN,box exceeds image bounds
../../data/raw/train/70-gro2015taxi_jpg.rf.932a29dd2b9fda39c9039792b1772370.jpg,box_suspiciously_large,WARN,rel_area=0.91
../../data/raw/train/72-640px-1937_Arizona_License_Plate_jpg.rf.f38ac9aa8247658ae0c428b1fdfd7b77.jpg,box_suspiciously_large,WARN,rel_area=0.91
../../data/raw/train/CarLongPlateGen1069_jpg.rf.9d70a4b75d40bc901f32b9dfebd241ce.jpg,box_out_of_bounds,WARN,box exceeds image bounds
../../data/raw/train/77-800px-2000s_Egyptian_license_plate_jpg.rf.81df730d3dff3a1566315920a65d7510.jpg,box_suspiciously_large,WARN,rel_area=0.90
../../data/raw/train/PXL_20210622_051522183_jpg.rf.8823d83425285c4374a3d9012673b4cc.jpg,box_suspiciously_large,WARN,rel_area=1.00
../../data/raw/train/PXL_20210622_051522183_jpg.rf.7139a9e74d1030d40281e3afcaa67861.jpg,box_suspiciously_large,WARN,rel_area=1.00
../../data/raw/train/CarLongPlate968_jpg.rf.f6d09637b8382f18b147eb65eeafa508.jpg,box_out_of_bounds,WARN,box exceeds image bounds
../../data/raw/train/Here_s-20why-20you_re-20seeing-20those-20black-20and-20yellow_yyt_jpg.rf.4320b0b1738dd1186a13e8617e638b99.jpg,box_suspiciously_large,WARN,rel_area=0.99
../../data/raw/train/004e03d45963728e_jpg.rf.48846fceb31129284c7d788c857db7ee.jpg,box_tiny,WARN,rel_area=2.98e-04 (24x8px)
../../data/raw/train/00541a1a33358591_jpg.rf.568b5aed815adfe1400ee86b357be155.jpg,box_out_of_bounds,WARN,box exceeds image bounds
../../data/raw/train/00494d0811b9e652_jpg.rf.fa5063f00a19ec766b1d7da0d3d47a5f.jpg,box_tiny,WARN,rel_area=8.18e-05 (10x6px)
../../data/raw/train/00494d0811b9e652_jpg.rf.fa5063f00a19ec766b1d7da0d3d47a5f.jpg,box_tiny,WARN,rel_area=7.34e-05 (9x6px)
../../data/raw/train/00494d0811b9e652_jpg.rf.fa5063f00a19ec766b1d7da0d3d47a5f.jpg,box_tiny,WARN,rel_area=9.86e-05 (12x6px)
../../data/raw/train/00494d0811b9e652_jpg.rf.fa5063f00a19ec766b1d7da0d3d47a5f.jpg,box_tiny,WARN,rel_area=1.08e-04 (10x8px)
../../data/raw/train/0049ed70c1b2d480_jpg.rf.efffc89ca31953ffb950936ea7b0acf3.jpg,box_tiny,WARN,rel_area=2.37e-04 (13x12px)
../../data/raw/train/0049ed70c1b2d480_jpg.rf.efffc89ca31953ffb950936ea7b0acf3.jpg,box_tiny,WARN,rel_area=4.84e-04 (20x16px)
../../data/raw/train/004e03d45963728e_jpg.rf.91edf31b7eaa697acc9f23c5563613e4.jpg,box_tiny,WARN,rel_area=2.98e-04 (24x7px)
../../data/raw/train/00403b390556e56d_jpg.rf.7b799c3c8478dd3227bb34b124656394.jpg,box_tiny,WARN,rel_area=4.12e-04 (23x12px)
../../data/raw/train/0049ed70c1b2d480_jpg.rf.a9a97c17d64269eb0e822b74d722b0db.jpg,box_tiny,WARN,rel_area=1.87e-04 (13x11px)
../../data/raw/train/0049ed70c1b2d480_jpg.rf.a9a97c17d64269eb0e822b74d722b0db.jpg,box_tiny,WARN,rel_area=3.97e-04 (19x16px)
../../data/raw/train/00494d0811b9e652_jpg.rf.31e6254d5f30c2bb04898019746db097.jpg,box_tiny,WARN,rel_area=6.99e-05 (10x5px)
../../data/raw/train/00494d0811b9e652_jpg.rf.31e6254d5f30c2bb04898019746db097.jpg,box_tiny,WARN,rel_area=5.57e-05 (8x5px)
../../data/raw/train/00494d0811b9e652_jpg.rf.31e6254d5f30c2bb04898019746db097.jpg,box_tiny,WARN,rel_area=8.41e-05 (12x5px)
../../data/raw/train/00494d0811b9e652_jpg.rf.31e6254d5f30c2bb04898019746db097.jpg,box_tiny,WARN,rel_area=9.74e-05 (10x7px)
../../data/raw/train/00494d0811b9e652_jpg.rf.31e6254d5f30c2bb04898019746db097.jpg,box_tiny,WARN,rel_area=4.49e-04 (23x14px)
../../data/raw/train/00009e5b390986a0_jpg.rf.493b6921c4c1777c0712fe7abaabeed4.jpg,box_tiny,WARN,rel_area=2.52e-04 (13x13px)
../../data/raw/train/CarLongPlateGen2784_jpg.rf.6b7278411ff298bb45d1823546ec5fff.jpg,box_out_of_bounds,WARN,box exceeds image bounds
../../data/raw/train/pic_139_jpg.rf.5fa172f3617af6921b3973a1024d205e.jpg,box_out_of_bounds,WARN,box exceeds image bounds
../../data/raw/train/CarLongPlate943_jpg.rf.d4a3d9574b864c22b00ff188ce0ed581.jpg,box_out_of_bounds,WARN,box exceeds image bounds
../../data/raw/train/004e03d45963728e_jpg.rf.06ae822eb5a929ff548cef92d9ec8018.jpg,box_tiny,WARN,rel_area=3.11e-04 (24x8px)
../../data/raw/train/CarLongPlate944_jpg.rf.7b77040a7c051f845fa271a6f1167a72.jpg,box_out_of_bounds,WARN,box exceeds image bounds
../../data/raw/train/00293842c1405567_jpg.rf.381bbe0cde100b7022753872a76dfa8f.jpg,box_out_of_bounds,WARN,box exceeds image bounds
../../data/raw/train/00494d0811b9e652_jpg.rf.26590390a9607b451e9e353c388db3a7.jpg,box_tiny,WARN,rel_area=6.91e-05 (10x5px)
../../data/raw/train/00494d0811b9e652_jpg.rf.26590390a9607b451e9e353c388db3a7.jpg,box_tiny,WARN,rel_area=6.22e-05 (9x5px)
../../data/raw/train/00494d0811b9e652_jpg.rf.26590390a9607b451e9e353c388db3a7.jpg,box_tiny,WARN,rel_area=9.95e-05 (12x6px)
../../data/raw/train/00494d0811b9e652_jpg.rf.26590390a9607b451e9e353c388db3a7.jpg,box_tiny,WARN,rel_area=1.11e-04 (10x8px)
../../data/raw/train/00494d0811b9e652_jpg.rf.26590390a9607b451e9e353c388db3a7.jpg,box_tiny,WARN,rel_area=4.98e-04 (24x15px)
../../data/raw/train/0049ed70c1b2d480_jpg.rf.ac2eeaf47badb4790793ed0553a11c2b.jpg,box_tiny,WARN,rel_area=2.21e-04 (13x12px)
../../data/raw/train/0049ed70c1b2d480_jpg.rf.ac2eeaf47badb4790793ed0553a11c2b.jpg,box_tiny,WARN,rel_area=4.54e-04 (20x16px)
../../data/raw/train/CarLongPlate944_jpg.rf.9f51a85213404ac2a8ea38bd9adc1942.jpg,box_out_of_bounds,WARN,box exceeds image bounds
../../data/raw/train/CarLongPlateGen1167_jpg.rf.dd58d0974f61fabde3f73a2bc11180ae.jpg,box_out_of_bounds,WARN,box exceeds image bounds
../../data/raw/train/00492e9dbaf3c2a1_jpg.rf.5bc033581ddad41e98bba9432303318c.jpg,box_tiny,WARN,rel_area=4.50e-04 (18x12px)
../../data/raw/train/0049ed70c1b2d480_jpg.rf.ebb110aa5ef4be1f0141a8eb77c1a71d.jpg,box_tiny,WARN,rel_area=2.00e-04 (12x11px)
../../data/raw/train/0049ed70c1b2d480_jpg.rf.ebb110aa5ef4be1f0141a8eb77c1a71d.jpg,box_tiny,WARN,rel_area=4.31e-04 (19x15px)
../../data/raw/train/00494d0811b9e652_jpg.rf.c64a0ba904a8ed4375294141d42ae462.jpg,box_tiny,WARN,rel_area=6.57e-05 (10x5px)
../../data/raw/train/00494d0811b9e652_jpg.rf.c64a0ba904a8ed4375294141d42ae462.jpg,box_tiny,WARN,rel_area=5.25e-05 (8x5px)
../../data/raw/train/00494d0811b9e652_jpg.rf.c64a0ba904a8ed4375294141d42ae462.jpg,box_tiny,WARN,rel_area=7.90e-05 (12x5px)
../../data/raw/train/00494d0811b9e652_jpg.rf.c64a0ba904a8ed4375294141d42ae462.jpg,box_tiny,WARN,rel_area=9.19e-05 (10x7px)
../../data/raw/train/00494d0811b9e652_jpg.rf.c64a0ba904a8ed4375294141d42ae462.jpg,box_tiny,WARN,rel_area=3.93e-04 (23x13px)
../../data/raw/train/00403b390556e56d_jpg.rf.d8489ee7eab20e0387dfed069a8d6a99.jpg,box_tiny,WARN,rel_area=4.15e-04 (20x13px)
../../data/raw/train/002f860e692757f7_jpg.rf.dcaecaadb310336b2eaa29ab9e939f8d.jpg,box_out_of_bounds,WARN,box exceeds image bounds
../../data/raw/train/004e03d45963728e_jpg.rf.647edaa3fc7d133d69d857a79047d77a.jpg,box_tiny,WARN,rel_area=3.70e-04 (24x10px)
../../data/raw/train/0058af43e819c7a7_jpg.rf.e43a283a8327c3550cc44aabaf9f0e95.jpg,box_out_of_bounds,WARN,box exceeds image bounds
../../data/raw/train/004e03d45963728e_jpg.rf.a60f1bfccff7fa7f8b4cee43bb2d1cf1.jpg,box_tiny,WARN,rel_area=3.00e-04 (24x8px)
../../data/raw/train/0058af43e819c7a7_jpg.rf.202440abc253cddcab5d53f7a86ac652.jpg,box_out_of_bounds,WARN,box exceeds image bounds
../../data/raw/train/0049ed70c1b2d480_jpg.rf.35f24d142b2b3f4e396aee9ba826fa12.jpg,box_tiny,WARN,rel_area=2.17e-04 (13x12px)
../../data/raw/train/0049ed70c1b2d480_jpg.rf.35f24d142b2b3f4e396aee9ba826fa12.jpg,box_tiny,WARN,rel_area=4.73e-04 (20x17px)
../../data/raw/train/00494d0811b9e652_jpg.rf.ae4b2e8c7da928b3b8aa1d1c1c60bf75.jpg,box_tiny,WARN,rel_area=6.13e-05 (10x5px)
../../data/raw/train/00494d0811b9e652_jpg.rf.ae4b2e8c7da928b3b8aa1d1c1c60bf75.jpg,box_tiny,WARN,rel_area=5.51e-05 (9x5px)
../../data/raw/train/00494d0811b9e652_jpg.rf.ae4b2e8c7da928b3b8aa1d1c1c60bf75.jpg,box_tiny,WARN,rel_area=7.39e-05 (12x5px)
../../data/raw/train/00494d0811b9e652_jpg.rf.ae4b2e8c7da928b3b8aa1d1c1c60bf75.jpg,box_tiny,WARN,rel_area=9.75e-05 (10x8px)
../../data/raw/train/00494d0811b9e652_jpg.rf.ae4b2e8c7da928b3b8aa1d1c1c60bf75.jpg,box_tiny,WARN,rel_area=3.93e-04 (23x14px)
../../data/raw/train/00403b390556e56d_jpg.rf.4272f0ce362d47f03ffe09ad936765cf.jpg,box_tiny,WARN,rel_area=3.98e-04 (21x13px)
../../data/raw/train/pic_640_jpg.rf.dc88c61c3ab4037c110cd419a14e4845.jpg,box_out_of_bounds,WARN,box exceeds image bounds
